Fx_mean,Fx_std,Fx_max,Fx_min,Fx_median,Fx_iqr,Fx_skewness,Fx_kurtosis,Fx_rms,Fx_energy,Fx_power,Fx_mean_abs,Fx_zero_crossing_rate,Fx_first,Fx_last,Fx_peak_to_peak,Fx_entropy,Fx_variance,Fx_cv,Fx_p90,Fx_slope,Fx_crest_factor,Fx_shape_factor,Fx_peak_frequency,Fy_mean,Fy_std,Fy_max,Fy_min,Fy_median,Fy_iqr,Fy_skewness,Fy_kurtosis,Fy_rms,Fy_energy,Fy_power,Fy_mean_abs,Fy_zero_crossing_rate,Fy_first,Fy_last,Fy_peak_to_peak,Fy_entropy,Fy_variance,Fy_cv,Fy_p90,Fy_slope,Fy_crest_factor,Fy_shape_factor,Fy_peak_frequency,Fz_mean,Fz_std,Fz_max,Fz_min,Fz_median,Fz_iqr,Fz_skewness,Fz_kurtosis,Fz_rms,Fz_energy,Fz_power,Fz_mean_abs,Fz_zero_crossing_rate,Fz_first,Fz_last,Fz_peak_to_peak,Fz_entropy,Fz_variance,Fz_cv,Fz_p90,Fz_slope,Fz_crest_factor,Fz_shape_factor,Fz_peak_frequency,Tx_mean,Tx_std,Tx_max,Tx_min,Tx_median,Tx_iqr,Tx_skewness,Tx_kurtosis,Tx_rms,Tx_energy,Tx_power,Tx_mean_abs,Tx_zero_crossing_rate,Tx_first,Tx_last,Tx_peak_to_peak,Tx_entropy,Tx_variance,Tx_cv,Tx_p90,Tx_slope,Tx_crest_factor,Tx_shape_factor,Tx_peak_frequency,Ty_mean,Ty_std,Ty_max,Ty_min,Ty_median,Ty_iqr,Ty_skewness,Ty_kurtosis,Ty_rms,Ty_energy,Ty_power,Ty_mean_abs,Ty_zero_crossing_rate,Ty_first,Ty_last,Ty_peak_to_peak,Ty_entropy,Ty_variance,Ty_cv,Ty_p90,Ty_slope,Ty_crest_factor,Ty_shape_factor,Ty_peak_frequency,Tz_mean,Tz_std,Tz_max,Tz_min,Tz_median,Tz_iqr,Tz_skewness,Tz_kurtosis,Tz_rms,Tz_energy,Tz_power,Tz_mean_abs,Tz_zero_crossing_rate,Tz_first,Tz_last,Tz_peak_to_peak,Tz_entropy,Tz_variance,Tz_cv,Tz_p90,Tz_slope,Tz_crest_factor,Tz_shape_factor,Tz_peak_frequency,label
4.666666666666667,3.6817870057290873,9.0,-5.0,6.0,3.0,-1.3613014142655413,0.9249932813759747,5.94418483337567,530.0,35.333333333333336,5.466666666666667,0.35714285714285715,8.0,6.0,14.0,1.5426719687381505,13.555555555555559,0.7889543583705186,7.6,0.08928571428571416,1.5140848160485194,1.087350884154086,0.06666666666666667,-5.8,7.824747067264645,5.0,-16.0,-5.0,16.0,-0.12053021762767932,-1.4944223934368508,9.73995208749338,1423.0,94.86666666666666,7.8,0.21428571428571427,5.0,-16.0,21.0,1.450252344663491,61.22666666666666,1.3490943219421803,4.199999999999999,-1.2178571428571427,1.6427185530558057,1.2487118060888949,0.13333333333333333,-51.6,57.702455175957056,2.0,-138.0,-17.0,121.5,-0.6671232176354615,-1.4899028995166983,77.40887115397908,89882.0,5992.133333333333,51.86666666666667,0.2857142857142857,-24.0,-133.0,140.0,0.6365141682948128,3329.5733333333333,1.1182646351929661,-2.400000000000002,-10.73928571428571,1.7827414086105857,1.4924589554109076,0.06666666666666667,8.4,16.875228393516142,32.0,-18.0,2.0,32.0,0.17825148140283573,-1.3649946294334514,18.850287354131588,5330.0,355.3333333333333,14.666666666666666,0.2857142857142857,1.0,32.0,50.0,1.4897503188505912,284.77333333333337,2.008955761132874,30.799999999999997,2.246428571428571,1.697586853655378,1.2852468650544264,0.06666666666666667,12.866666666666667,8.172039049235032,23.0,-3.0,17.0,14.0,-0.7084200650223702,-0.9748536052748817,15.242484486898235,3485.0,232.33333333333334,13.4,0.21428571428571427,-1.0,19.0,26.0,1.3095258353040693,66.78222222222222,0.6351325685933963,20.2,1.167857142857143,1.508940358100399,1.1374988423058383,0.06666666666666667,0.26666666666666666,2.048305532764962,3.0,-4.0,1.0,2.5,-0.6410148922021919,-0.6169832663027854,2.065591117977289,64.0,4.266666666666667,1.7333333333333334,0.2857142857142857,3.0,0.0,7.0,1.5246335284348944,4.195555555555555,7.681145747868608,2.5999999999999996,-0.25357142857142856,1.9364916731037087,1.1916871834484357,0.13333333333333333,collision
0.06666666666666667,1.0624918300339485,2.0,-2.0,0.0,1.0,0.20058823376857648,-0.30141360282720653,1.0645812948447542,17.0,1.1333333333333333,0.7333333333333333,0.5714285714285714,0.0,-2.0,4.0,1.2105578441774711,1.128888888888889,15.937377450509228,1.5999999999999996,-0.024999999999999998,1.8786728732554485,1.451701765697392,0.06666666666666667,0.2,0.5416025603090641,2.0,0.0,0.0,0.0,2.618491717196714,5.466942148760328,0.5773502691896257,5.0,0.3333333333333333,0.2,0.2857142857142857,0.0,0.0,2.0,0.39267446722755217,0.2933333333333334,2.70801280154532,0.5999999999999996,-0.0214285714285714,3.464101615137755,2.8867513459481287,0.3333333333333333,14.666666666666666,7.001587121661933,27.0,-1.0,15.0,7.5,-0.24145110523539282,-0.09137652277765662,16.252179341040183,3962.0,264.1333333333333,14.8,0.14285714285714285,16.0,10.0,28.0,1.4897503188505914,49.02222222222223,0.4773809401133136,23.799999999999997,-0.1607142857142852,1.661315657022028,1.0981202257459581,0.4,0.4,2.1228911104120876,3.0,-4.0,1.0,2.5,-0.8646241672864611,-0.12704387101291914,2.160246899469287,70.0,4.666666666666667,1.7333333333333334,0.6428571428571429,1.0,-4.0,7.0,1.2700278611169695,4.506666666666667,5.307227776030219,2.5999999999999996,-0.2464285714285714,1.8516401995451028,1.2462962881553579,0.06666666666666667,-5.333333333333333,2.0548046676563256,-2.0,-9.0,-5.0,3.0,-0.1929581114502759,-1.1559556786703598,5.715476066494082,490.0,32.666666666666664,5.333333333333333,0.0,-6.0,-7.0,7.0,1.5867847075280477,4.222222222222222,0.38527587518556106,-3.0,-0.007142857142857327,1.5746719775034717,1.0716517624676405,0.06666666666666667,-0.6,0.7118052168020874,0.0,-2.0,0.0,1.0,-0.7541980482736796,-0.7022160664819959,0.9309493362512627,13.0,0.8666666666666667,0.6,0.5714285714285714,-1.0,-2.0,2.0,0.39267446722755217,0.5066666666666667,1.186342028003479,0.0,-0.014285714285714297,2.1483446221182985,1.551582227085438,0.3333333333333333,normal
-1.0,5.391351098441528,4.0,-20.0,0.0,2.5,-2.8103115286201232,7.369707937042337,5.483308003994183,451.0,30.066666666666666,2.7333333333333334,0.7142857142857143,2.0,-1.0,24.0,1.4322139043602349,29.066666666666666,5.391351098441528,2.5999999999999996,0.29285714285714287,3.6474332620803875,2.006088294144213,0.26666666666666666,-1.4666666666666666,3.073904502239601,7.0,-7.0,-2.0,3.0,0.9248897905309276,1.715620959513049,3.40587727318528,174.0,11.6,2.533333333333333,0.42857142857142855,-3.0,1.0,14.0,1.450252344663491,9.44888888888889,2.0958439787997283,0.5999999999999996,5.971530350342553e-17,2.055270768301462,1.344425239415242,0.4666666666666667,60.06666666666667,4.972814986392405,70.0,52.0,60.0,6.0,0.39944472719225127,-0.4401813341492322,60.272160516554685,54491.0,3632.733333333333,60.06666666666667,0.0,70.0,58.0,18.0,1.5867847075280475,24.72888888888889,0.08278826281452394,66.6,-0.41428571428571315,1.1613985528322552,1.0034210962800447,0.26666666666666666,-5.133333333333334,5.965083588871344,9.0,-21.0,-5.0,4.5,-0.34816372362700715,2.498793123493627,7.869773397838932,929.0,61.93333333333333,6.333333333333333,0.2857142857142857,-3.0,-9.0,30.0,1.5821699429252507,35.58222222222223,1.1620292705593525,-1.200000000000001,-0.0678571428571432,2.6684376967914574,1.2425957996587789,0.4666666666666667,-3.066666666666667,11.363489291977569,14.0,-41.0,-1.0,8.0,-2.221303744777214,5.639592988948223,11.770018408368498,2078.0,138.53333333333333,6.4,0.6428571428571429,-1.0,-3.0,55.0,1.4322139043602349,129.12888888888887,3.7054856386883372,3.0,0.16785714285714287,3.483427007289041,1.8390653763075777,0.26666666666666666,-1.4,3.666060555964672,0.0,-15.0,0.0,1.0,-3.3732848865647154,9.637400793650793,3.924283374069717,231.0,15.4,1.4,0.7142857142857143,0.0,0.0,15.0,0.24493002679463532,13.44,2.618614682831909,0.0,0.3035714285714284,3.8223539357821914,2.803059552906941,0.3333333333333333,collision
-100.4,146.4653770236047,8.0,-389.0,1.0,222.0,-0.9888678598701865,-0.6341541592527005,177.5732712619404,472984.0,31532.266666666666,106.8,0.14285714285714285,1.0,8.0,397.0,0.9881542242901942,21452.10666666667,1.4588184962510429,7.6,5.574999999999994,2.1906450066247953,1.6626710792316517,0.06666666666666667,39.266666666666666,49.361883630545904,107.0,-10.0,3.0,99.0,0.1840996146438799,-1.8704527075373805,63.075087528014315,59677.0,3978.4666666666667,46.46666666666667,0.07142857142857142,3.0,-10.0,117.0,0.8823109245150755,2436.5955555555556,1.257093810625108,98.0,-5.257142857142855,1.6963908286687162,1.3574265608611402,0.06666666666666667,-1084.4666666666667,1113.28815477196,8.0,-2757.0,-180.0,2161.0,-0.4744542736203329,-1.5754285160815829,1554.1809632943864,36232177.0,2415478.466666667,1085.5333333333333,0.14285714285714285,-3.0,-179.0,2765.0,1.2293362159076602,1239410.515555556,1.0265766472969449,-72.20000000000006,62.03571428571426,1.7739247006062966,1.4317210863732603,0.06666666666666667,-68.4,62.34719988366225,-4.0,-172.0,-16.0,116.0,-0.3110458752214191,-1.6565462241719735,92.55124706525208,128486.0,8565.733333333334,68.4,0.0,-16.0,-13.0,168.0,0.9701157839869382,3887.1733333333336,0.9115087702289801,-11.0,6.632142857142855,1.8584298478305061,1.3530884073867262,0.06666666666666667,139.4,160.53983929230776,464.0,-12.0,21.0,279.0,0.7798230187067278,-0.9507024584681925,212.61561560713267,678081.0,45205.4,142.06666666666666,0.07142857142857142,-12.0,21.0,476.0,1.1944530063233572,25773.040000000005,1.1516487754111029,365.59999999999997,-15.971428571428564,2.182342057402646,1.4965904430347208,0.06666666666666667,0.5333333333333333,28.81866679004349,51.0,-55.0,1.0,11.5,-0.20573122066345342,0.10002038203838381,28.823601440486232,12462.0,830.8,18.933333333333334,0.2857142857142857,0.0,3.0,106.0,1.3217558399823195,830.5155555555556,54.035000231331544,42.199999999999996,-1.5999999999999996,1.9081584969026755,1.522373315518639,0.13333333333333333,obstruction
-6.266666666666667,13.85384022171791,15.0,-41.0,-2.0,3.0,-1.2472223614004811,0.9327279601518321,15.20526224699857,3468.0,231.2,9.066666666666666,0.21428571428571427,-41.0,-2.0,56.0,1.8762735844302758,191.92888888888893,2.210719184316688,3.599999999999998,1.7535714285714283,2.696434914043864,1.6770509831248424,0.06666666666666667,4.266666666666667,7.4874710164529,21.0,-5.0,2.0,4.0,1.330741975493265,0.6315843238851477,8.6178110136314,1114.0,74.26666666666667,5.466666666666667,0.14285714285714285,21.0,3.0,26.0,1.5867847075280475,56.062222222222225,1.7548760194811484,17.4,-0.8357142857142857,2.436813706727012,1.5764288439569634,0.06666666666666667,3.7333333333333334,6.1260826707520755,14.0,-6.0,3.0,3.5,0.04773886511920289,-0.6480768553252783,7.174027227901123,772.0,51.46666666666667,6.0,0.07142857142857142,-5.0,5.0,20.0,1.3624474851916286,37.528888888888886,1.6409150010943059,13.0,0.5678571428571428,1.951484090491238,1.1956712046501872,0.13333333333333333,-1.0666666666666667,10.822610077466937,15.0,-25.0,1.0,6.0,-1.0616896605113597,0.26170588193929056,10.875047892614848,1774.0,118.26666666666667,7.466666666666667,0.35714285714285715,-23.0,0.0,40.0,1.6170531525095537,117.12888888888888,10.146196947625253,8.0,1.1107142857142855,2.2988404508064084,1.4564796284752028,0.06666666666666667,-7.6,20.333224043422135,22.0,-59.0,-1.0,4.0,-1.3247013291589818,0.9412496315741534,21.707141681944215,7068.0,471.2,12.0,0.35714285714285715,-59.0,-2.0,81.0,1.801892400658872,413.44,2.6754242162397546,5.799999999999997,2.749999999999999,2.717999489038007,1.8089284734953512,0.06666666666666667,-3.4,0.4898979485566357,-3.0,-4.0,-3.0,1.0,-0.4082482904638632,-1.8333333333333341,3.4351128074635335,177.0,11.8,3.4,0.0,-4.0,-3.0,1.0,0.0,0.2400000000000001,0.14408763192842228,-3.0,0.08571428571428548,1.164445019479164,1.010327296312804,0.06666666666666667,collision
7.8,12.796874618437114,36.0,-2.0,1.0,11.5,1.2577035889024428,-0.07701680274182143,14.98666073546739,3369.0,224.6,8.466666666666667,0.5,-2.0,4.0,38.0,0.8571740436420789,163.76000000000002,1.6406249510816813,29.799999999999997,1.7428571428571427,2.402136181998335,1.7700780396221327,0.06666666666666667,0.4,2.9166190472303146,10.0,-3.0,0.0,2.0,2.197760915690888,5.032099723862775,2.943920288775949,130.0,8.666666666666666,1.7333333333333334,0.6428571428571429,0.0,-3.0,13.0,1.459481873869085,8.506666666666668,7.2915476180757866,2.0,0.08571428571428566,3.3968311024337874,1.6984155512168935,0.06666666666666667,-31.333333333333332,47.46039284381124,15.0,-122.0,-4.0,52.5,-1.0298828822028614,-0.7737498483301231,56.870613383949596,48514.0,3234.266666666667,33.6,0.35714285714285715,15.0,-17.0,137.0,1.0775733728921972,2252.488888888889,1.5146933886322738,1.1999999999999993,-6.353571428571428,2.1452204001448605,1.692577779284214,0.06666666666666667,2.6,6.907001278895687,21.0,-6.0,1.0,3.5,1.3939242793746132,1.1966837586755403,7.380153566604605,817.0,54.46666666666667,4.6,0.5,0.0,1.0,27.0,1.679204331602707,47.70666666666666,2.656538953421418,12.399999999999999,0.5857142857142856,2.8454692453861083,1.604381210131436,0.26666666666666666,0.26666666666666666,7.637335195530499,12.0,-20.0,-1.0,6.5,-0.7462005927032677,1.15397041382686,7.64198926981712,876.0,58.4,5.333333333333333,0.5,-2.0,9.0,32.0,1.551901497943744,58.328888888888876,28.64000698323937,10.2,0.6714285714285714,2.6171196129510683,1.43287298809071,0.13333333333333333,2.6,1.9252705437591535,8.0,0.0,2.0,2.0,1.360922439386711,1.645178820972001,3.235222815613581,157.0,10.466666666666667,2.6,0.14285714285714285,2.0,3.0,8.0,1.3378606778364337,3.7066666666666666,0.7404886706765975,4.6,0.21071428571428577,2.4727817698957306,1.2443164675436849,0.06666666666666667,collision
117.06666666666666,212.0017190705983,462.0,-198.0,8.0,238.0,0.8025258587043236,-0.8559298444546259,242.17624436210363,879740.0,58649.333333333336,143.6,0.21428571428571427,25.0,-198.0,660.0,0.8033149761408754,44944.72888888889,1.8109486253183227,460.0,22.528571428571425,1.9077015634498582,1.686464097229134,0.06666666666666667,-13.2,33.81557826406837,68.0,-73.0,-5.0,25.5,0.15192719998673843,0.5119265975700289,36.30059687296248,19766.0,1317.7333333333333,23.866666666666667,0.21428571428571427,10.0,68.0,141.0,1.1699929969668565,1143.4933333333333,2.561786232126392,6.799999999999997,-2.221428571428571,2.0109862175399127,1.5209747293140703,0.06666666666666667,-938.0,1400.6044409468363,-7.0,-3277.0,-108.0,1832.5,-1.03499095722981,-0.9017711892330253,1685.6858544817892,42623052.0,2841536.8,938.0,0.0,-93.0,-491.0,3270.0,0.5799151714181008,1961692.8,1.49318170676635,-13.4,-214.02499999999995,1.9440158385901685,1.797106454671417,0.06666666666666667,54.0,170.99902533835294,313.0,-381.0,9.0,136.5,-0.4045476058353787,0.8056964210026623,179.32280018633065,482350.0,32156.666666666668,108.4,0.42857142857142855,-6.0,-381.0,694.0,1.0200369584018412,29240.666666666668,3.1666486173769064,298.2,8.089285714285714,2.1246601079400427,1.6542693744126442,0.13333333333333333,-76.6,130.59137286462175,12.0,-459.0,-3.0,175.5,-1.663389452934965,2.124664066287064,151.3990312606612,343825.0,22921.666666666668,83.13333333333334,0.42857142857142855,-7.0,-459.0,471.0,0.9881542242901941,17054.106666666667,1.7048482097209106,10.2,-23.803571428571427,3.0317234937239945,1.821159157104986,0.06666666666666667,12.866666666666667,15.452579791808947,52.0,-11.0,8.0,16.5,1.05072917667773,0.6896441245581713,20.108041509140897,6065.0,404.3333333333333,14.333333333333334,0.21428571428571427,0.0,38.0,63.0,1.3378606778364337,238.78222222222223,1.200977704026602,31.999999999999993,2.1857142857142855,2.5860300704253754,1.4028866169168066,0.26666666666666666,obstruction
-0.9333333333333333,7.4874710164529,5.0,-22.0,0.0,6.5,-1.654133363917742,1.9409688822652784,7.545418035691153,854.0,56.93333333333333,5.2,0.21428571428571427,-4.0,5.0,27.0,1.0832550105185086,56.062222222222225,8.022290374770964,5.0,1.3035714285714284,2.915676758522342,1.4510419299406063,0.06666666666666667,-6.333333333333333,12.53616989177937,19.0,-19.0,-3.0,17.0,0.5664905213557129,-0.9434758642841063,14.045165241700316,2959.0,197.26666666666668,11.933333333333334,0.07142857142857142,10.0,-18.0,38.0,1.171059869990371,157.15555555555557,1.979395246070427,11.799999999999999,-2.6464285714285705,1.3527786731614024,1.1769691543324288,0.06666666666666667,-69.66666666666667,64.94578935970796,10.0,-140.0,-20.0,129.5,-0.10020520651505227,-1.9425269109726457,95.24389744230335,136071.0,9071.4,71.0,0.14285714285714285,-20.0,-138.0,150.0,0.6909233093138181,4217.955555555555,0.9322362109048988,-5.4,-12.942857142857141,1.4699104484338108,1.3414633442577937,0.06666666666666667,4.533333333333333,22.80896509903264,27.0,-46.0,-4.0,33.5,-0.5770622883064321,-0.7025074917645142,23.25510696599781,8112.0,540.8,20.0,0.07142857142857142,-16.0,26.0,73.0,1.0832550105185086,520.248888888889,5.03138936008073,26.6,4.724999999999998,1.9780601339421218,1.1627553482998905,0.06666666666666667,6.733333333333333,11.969219783353559,16.0,-28.0,13.0,13.0,-1.638057548130785,2.127625194186268,13.733171520082315,2829.0,188.6,11.8,0.14285714285714285,9.0,16.0,44.0,1.020036958401841,143.2622222222222,1.7776068985178552,16.0,1.8571428571428565,2.0388589743494423,1.1638280949222302,0.06666666666666667,-2.2666666666666666,4.479087208597553,4.0,-7.0,1.0,9.0,-0.06007010147985686,-1.8864132441599988,5.019960159204453,378.0,25.2,4.266666666666667,0.07142857142857142,2.0,-7.0,11.0,1.0437570363314084,20.062222222222218,1.9760678861459795,2.0,-0.9107142857142855,1.3944333775567925,1.1765531623135437,0.06666666666666667,collision
-0.4,0.48989794855663565,0.0,-1.0,0.0,1.0,-0.4082482904638629,-1.8333333333333337,0.6324555320336759,6.0,0.4,0.4,0.6428571428571429,0.0,-1.0,1.0,0.0,0.24000000000000002,1.2247448713915892,0.0,-0.06071428571428571,1.5811388300841895,1.5811388300841895,0.4666666666666667,1.0666666666666667,1.2892719737209146,3.0,-1.0,1.0,2.0,0.2491422506339638,-1.3061997769452958,1.6733200530681511,42.0,2.8,1.2,0.7142857142857143,2.0,2.0,4.0,1.1822230016451067,1.6622222222222225,1.2086924753633574,3.0,0.1607142857142857,1.7928429140015905,1.3944333775567928,0.06666666666666667,60.333333333333336,5.28730134903956,68.0,50.0,60.0,7.0,-0.2466639318217734,-0.7596924990079388,60.56456609822832,55021.0,3668.0666666666666,60.333333333333336,0.0,50.0,64.0,18.0,1.5641315026219944,27.955555555555556,0.08763482898960596,67.6,0.42857142857142916,1.1227687141308387,1.0038325872634528,0.3333333333333333,-11.733333333333333,2.792052212182923,-7.0,-16.0,-11.0,3.5,0.074027796035437,-1.0711616646882387,12.060956291549466,2182.0,145.46666666666667,11.733333333333333,0.0,-13.0,-14.0,9.0,1.5292482930376914,7.795555555555556,0.23795899535649914,-8.0,-0.39999999999999986,1.3265946425168984,1.0279224112116023,0.06666666666666667,-4.666666666666667,1.6599866130651644,-3.0,-8.0,-4.0,2.5,-0.799980541285956,-0.4323621227887626,4.953113498935123,368.0,24.533333333333335,4.666666666666667,0.0,-4.0,-5.0,5.0,1.194453006323357,2.7555555555555555,0.35571141708539233,-3.0,-0.10000000000000002,1.6151457061744965,1.0613814640575263,0.3333333333333333,-1.2666666666666666,0.4422166387140533,-1.0,-2.0,-1.0,0.5,-1.055289706022173,-0.8863636363636354,1.3416407864998738,27.0,1.8,1.2666666666666666,0.0,-1.0,-1.0,1.0,0.0,0.19555555555555557,0.3491183989847789,-1.0,0.007142857142857144,1.4907119849998598,1.0591900946051636,0.3333333333333333,normal
52.86666666666667,5.426683046658327,65.0,48.0,50.0,6.5,1.011506219747125,-0.4155420355141324,53.144457221175315,42365.0,2824.3333333333335,52.86666666666667,0.0,61.0,48.0,17.0,1.2048762065511596,29.448888888888895,0.10264848133653834,61.0,-1.1249999999999991,1.2230814538096526,1.0052545502113868,0.06666666666666667,35.8,3.487119154832538,39.0,24.0,37.0,1.0,-2.5680978367155305,5.909193213296396,35.96943146617694,19407.0,1293.8,35.8,0.0,24.0,36.0,15.0,1.4019454593787286,12.159999999999995,0.09740556298414912,38.0,0.3142857142857153,1.084254001531072,1.004732722518909,0.13333333333333333,-354.53333333333336,33.62512288288162,-322.0,-438.0,-342.0,41.5,-1.1679073250978405,0.3348603278274256,356.1243228611791,1902368.0,126824.53333333334,354.53333333333336,0.0,-386.0,-322.0,116.0,1.286872630398016,1130.648888888889,0.09484333268958711,-324.4,6.839285714285708,1.2299075684609637,1.0044875597814378,0.06666666666666667,-412.53333333333336,23.714599347706095,-389.0,-467.0,-403.0,23.5,-1.2012122350528138,0.20716082018273996,413.2143914886476,2561192.0,170746.13333333333,412.53333333333336,0.0,-397.0,-389.0,78.0,1.2868726303980167,562.3822222222223,0.05748529253645627,-391.8,4.053571428571421,1.1301639285059366,1.0016509166660816,0.06666666666666667,-41.733333333333334,3.732142667274242,-30.0,-48.0,-42.0,1.0,1.5678603232825477,4.3083082432867705,41.899880668087825,26334.0,1755.6,41.733333333333334,0.0,-30.0,-42.0,18.0,1.430280301911093,13.928888888888896,0.08942833867270548,-41.0,-0.039285714285715895,1.145587988191055,1.0039907508327752,0.3333333333333333,-60.46666666666667,3.4998412662417833,-56.0,-69.0,-60.0,3.5,-0.9614507505102249,0.20108969268264643,60.56786826912985,55027.0,3668.4666666666667,60.46666666666667,0.0,-61.0,-56.0,13.0,1.362447485191629,12.248888888888889,0.05788050605692034,-57.0,0.7000000000000012,1.1392179050020788,1.0016736758952016,0.06666666666666667,obstruction
0.3333333333333333,2.599145158615724,5.0,-3.0,-1.0,5.0,0.3383366111728179,-1.316525277008311,2.6204325342711394,103.0,6.866666666666666,2.3333333333333335,0.35714285714285715,-3.0,4.0,8.0,1.5472867333409472,6.755555555555557,7.7974354758471724,3.5999999999999996,0.46428571428571425,1.9080819424304414,1.123042514687631,0.06666666666666667,0.0,1.96638416050035,3.0,-6.0,0.0,2.0,-1.5782512584277484,3.251486325802616,1.96638416050035,58.0,3.8666666666666667,1.3333333333333333,0.8571428571428571,3.0,-6.0,9.0,1.1369165918330009,3.8666666666666667,0.0,1.5999999999999996,-0.19999999999999998,3.051285766293647,1.4747881203752626,0.4666666666666667,-2.933333333333333,8.425886039791635,10.0,-19.0,-2.0,10.5,-0.36063619974656747,-0.7629741591009389,8.921883209278185,1194.0,79.6,6.933333333333334,0.42857142857142855,10.0,-17.0,29.0,1.5641315026219946,70.99555555555555,2.8724611499289665,7.6,-1.575,2.1295952383955465,1.2868100782612766,0.06666666666666667,2.6,4.673328578219169,17.0,-5.0,2.0,4.0,1.597719172040742,3.5685907499094327,5.347896782848375,429.0,28.6,3.533333333333333,0.5,-2.0,17.0,22.0,1.4897503188505912,21.84,1.7974340685458343,5.0,0.42500000000000004,3.1788197660287545,1.5135556932589742,0.4666666666666667,-0.4,4.37873649964614,6.0,-9.0,0.0,7.5,-0.20163188784855376,-0.975563920682605,4.396968652757639,290.0,19.333333333333332,3.7333333333333334,0.5,-5.0,2.0,15.0,1.5065950881316383,19.173333333333336,10.94684124911535,5.199999999999999,0.5964285714285713,2.0468647176630395,1.1777594605600819,0.06666666666666667,2.533333333333333,1.0873004286866728,6.0,1.0,2.0,1.0,1.9371515071547565,4.194895132568263,2.756809750418044,114.0,7.6,2.533333333333333,0.0,2.0,6.0,5.0,1.0625354080615974,1.1822222222222223,0.4291975376394761,3.0,0.12499999999999999,2.176428750330035,1.0882143751650175,0.06666666666666667,collision
14.066666666666666,36.55947969481452,114.0,-2.0,0.0,1.5,2.174329880464687,2.7778896390251475,39.17226910285728,23017.0,1534.4666666666667,15.0,0.5,114.0,3.0,116.0,1.4548671092662875,1336.5955555555554,2.599015144181127,61.19999999999997,-4.8357142857142845,2.9102220170259345,2.611484606857152,0.06666666666666667,0.26666666666666666,2.5681813712344295,6.0,-5.0,0.0,2.0,0.4824051281225013,0.6948619960622207,2.581988897471611,100.0,6.666666666666667,1.7333333333333334,0.5,5.0,-5.0,11.0,1.3217558399823195,6.5955555555555545,9.63068014212911,3.3999999999999986,-0.35357142857142854,2.32379000772445,1.489608979310545,0.13333333333333333,6.533333333333333,41.94419573141862,123.0,-99.0,4.0,13.0,0.39511941113006244,3.662799710119412,42.44997055358225,27030.0,1802.0,21.866666666666667,0.35714285714285715,123.0,-99.0,222.0,1.4548671092662884,1759.3155555555556,6.420029958890605,29.19999999999999,-6.985714285714284,2.897528511704005,1.9413096289747978,0.4666666666666667,10.8,43.88500123428656,172.0,-29.0,3.0,6.5,3.2417176322668397,9.185718522484967,45.194394932705244,30638.0,2042.5333333333333,16.533333333333335,0.2857142857142857,172.0,7.0,201.0,1.2293362159076606,1925.8933333333332,4.063426040211718,6.6,-3.8357142857142863,3.805781673946717,2.7335319515749137,0.4,18.066666666666666,39.49762299458314,141.0,-1.0,2.0,6.5,2.3566147495831267,4.013868879180662,43.43347403405197,28297.0,1886.4666666666667,18.466666666666665,0.5714285714285714,90.0,12.0,142.0,1.2293362159076606,1560.0622222222225,2.1862152949031257,58.79999999999997,-4.5821428571428555,3.2463440499706655,2.3519931787392765,0.06666666666666667,-0.3333333333333333,8.911914621573874,32.0,-4.0,-3.0,1.0,3.162352466383619,8.573032274065424,8.91814629468105,1193.0,79.53333333333333,5.266666666666667,0.07142857142857142,32.0,-1.0,36.0,1.2634794940650305,79.4222222222222,26.735743864721623,2.599999999999998,-0.9999999999999998,3.5881896240124926,1.6933189167115916,0.06666666666666667,collision
-0.4,1.3564659966250534,2.0,-3.0,-1.0,2.0,-0.05128415866257319,-0.8724007561436671,1.4142135623730951,30.0,2.0,1.2,0.7142857142857143,1.0,-2.0,5.0,1.450252344663491,1.8399999999999996,3.391164991562633,1.0,-0.10357142857142856,2.1213203435596424,1.1785113019775793,0.4666666666666667,-0.8,2.0066555924389884,2.0,-4.0,0.0,3.5,-0.3247471223235766,-1.2485636594886187,2.160246899469287,70.0,4.666666666666667,1.6,0.5,-3.0,2.0,6.0,1.2654130965141723,4.026666666666667,2.508319490548735,1.5999999999999996,-0.04642857142857139,1.8516401995451028,1.3501543121683042,0.4,61.53333333333333,5.251877970994968,70.0,51.0,62.0,5.0,-0.5367302889455151,-0.04069294952157643,61.75705087950147,57209.0,3813.9333333333334,61.53333333333333,0.0,62.0,60.0,19.0,1.2700278611169693,27.58222222222222,0.0853501295394632,67.8,-0.1321428571428559,1.133473813971168,1.003635713101324,0.4666666666666667,-3.933333333333333,2.862788073811185,1.0,-10.0,-4.0,3.5,-0.16932560117732648,-0.4832804758118012,4.864839839775475,355.0,23.666666666666668,4.066666666666666,0.2857142857142857,-1.0,-10.0,11.0,1.5292482930376912,8.195555555555554,0.7278274763926742,-0.40000000000000036,-0.06071428571428581,2.055566129482595,1.1962720917480676,0.26666666666666666,-1.9333333333333333,2.462158041682585,2.0,-6.0,-2.0,4.5,0.0036128491831177905,-1.2506213396857613,3.1304951684997055,147.0,9.8,2.6,0.6428571428571429,2.0,-5.0,8.0,1.5867847075280475,6.062222222222222,1.2735300215599576,1.0,-0.2357142857142857,1.9166296949998198,1.2040366032691174,0.4666666666666667,-0.26666666666666666,0.573488351136175,1.0,-1.0,0.0,1.0,0.08168752992808896,-0.4941563184806399,0.6324555320336759,6.0,0.4,0.4,0.35714285714285715,0.0,0.0,2.0,0.6365141682948128,0.3288888888888888,2.1505813167606562,0.0,0.06785714285714281,1.5811388300841895,1.5811388300841895,0.06666666666666667,normal
-7.733333333333333,14.64452874701751,1.0,-51.0,-2.0,5.5,-2.1776438503168896,3.179771810767405,16.560998359599783,4114.0,274.26666666666665,7.866666666666666,0.2857142857142857,-37.0,-2.0,52.0,0.9532710147058912,214.46222222222224,1.8936890621143332,0.0,2.2499999999999982,3.0795244883553314,2.1052116558813285,0.06666666666666667,11.2,11.685888926393234,32.0,-1.0,6.0,21.5,0.6014794886276338,-1.1828191852082932,16.186414056238647,3930.0,262.0,11.466666666666667,0.2857142857142857,26.0,-1.0,33.0,1.3095258353040693,136.56,1.0433829398565388,29.0,-2.4749999999999996,1.9769666022886894,1.4116058769975564,0.06666666666666667,-95.73333333333333,391.9090824271477,59.0,-1340.0,57.0,5.0,-2.4385154603213284,4.408222985391881,403.4322743658469,2441364.0,162757.6,186.8,0.14285714285714285,-779.0,54.0,1399.0,1.0805738483648635,153592.72888888887,4.0937578247961115,58.6,51.92499999999998,3.321499258100604,2.159701682900679,0.06666666666666667,-40.93333333333333,51.86838043441195,-8.0,-185.0,-18.0,33.0,-1.9457485859353048,2.330225336207798,66.07470519545787,65488.0,4365.866666666667,40.93333333333333,0.0,-150.0,-8.0,177.0,0.9532710147058909,2690.3288888888883,1.2671428444888913,-8.8,9.010714285714283,2.7998611488730085,1.6142028956545083,0.06666666666666667,-5.533333333333333,5.0446891766380295,5.0,-16.0,-5.0,5.5,0.0026218106051880768,-0.03952795302636636,7.487767802667673,841.0,56.06666666666667,6.333333333333333,0.07142857142857142,5.0,-7.0,21.0,1.5641315026219946,25.448888888888877,0.9116908150550656,-0.20000000000000107,0.0178571428571427,2.1368183979075406,1.182279126737001,0.06666666666666667,0.3333333333333333,1.2995725793078616,4.0,-1.0,0.0,0.0,1.9169595525801568,2.557479224376735,1.3416407864998738,27.0,1.8,0.6,0.14285714285714285,3.0,0.0,5.0,0.7647544195674196,1.6888888888888884,3.898717737923585,1.799999999999999,-0.1285714285714285,2.9814239699997196,2.23606797749979,0.2,obstruction
-3.4,3.5175749222061117,1.0,-12.0,-3.0,4.0,-0.8796959894697651,0.2512773112366231,4.892170615721955,359.0,23.933333333333334,3.6666666666666665,0.14285714285714285,0.0,-12.0,13.0,1.4019454593787288,12.373333333333333,1.0345808594723858,0.5999999999999996,-0.7321428571428569,2.4528989159608687,1.3342283497423515,0.06666666666666667,-2.6,2.3888630489558556,1.0,-7.0,-2.0,3.0,-0.3603168728854611,-1.0770809677701105,3.5308167138307627,187.0,12.466666666666667,2.7333333333333334,0.2857142857142857,0.0,-2.0,8.0,1.512403523756644,5.706666666666666,0.9187934803676368,0.0,-0.35714285714285715,1.9825441441295728,1.2917622123771082,0.06666666666666667,22.466666666666665,25.36366605117556,50.0,-33.0,34.0,39.5,-0.8175281483034528,-0.6509350643096528,33.88313248013924,17221.0,1148.0666666666666,30.466666666666665,0.07142857142857142,50.0,-33.0,83.0,1.2868726303980162,643.3155555555556,1.1289465601413455,46.6,-5.421428571428572,1.4756604935894797,1.1121378275756861,0.06666666666666667,-21.533333333333335,13.410775103956105,-9.0,-55.0,-15.0,9.0,-1.4212052446147105,0.6391576377186698,25.36795879319685,9653.0,643.5333333333333,21.533333333333335,0.0,-11.0,-55.0,46.0,1.3792922544726753,179.8488888888889,0.6227914134964135,-11.8,-2.4999999999999996,2.1680892991181397,1.1780785817274078,0.06666666666666667,-22.333333333333332,15.644665402480028,-6.0,-59.0,-21.0,20.5,-0.9277175643275258,-0.13353440685903806,27.26780763708981,11153.0,743.5333333333333,22.333333333333332,0.0,-7.0,-59.0,53.0,1.3378606778364337,244.75555555555556,0.7005074060811953,-7.0,-3.3714285714285714,2.1637236401707596,1.2209466106159617,0.06666666666666667,1.8,1.4696938456699071,4.0,-1.0,2.0,2.5,-0.2822457316787196,-0.9074074074074083,2.32379000772445,81.0,5.4,1.9333333333333333,0.21428571428571427,0.0,4.0,5.0,1.415369135079188,2.1600000000000006,0.8164965809277261,3.5999999999999996,0.3,1.7213259316477407,1.2019603488229915,0.06666666666666667,collision
-0.3333333333333333,1.0110500592068734,1.0,-2.0,0.0,1.5,-0.07167179058649875,-1.1427221172022686,1.0645812948447542,17.0,1.1333333333333333,0.8666666666666667,0.7857142857142857,1.0,0.0,3.0,0.9701157839869381,1.0222222222222224,3.0331501776206204,1.0,0.03571428571428568,1.8786728732554485,1.2283630325131778,0.4666666666666667,-0.9333333333333333,1.6110727964792764,2.0,-4.0,-1.0,2.5,0.08304401553441582,-0.7381075248639526,1.8618986725025255,52.0,3.466666666666667,1.6,0.35714285714285715,-2.0,-1.0,6.0,1.5065950881316383,2.595555555555556,1.7261494247992246,1.0,-0.19642857142857137,2.1483446221182985,1.1636866703140785,0.06666666666666667,60.13333333333333,4.514667454223203,66.0,47.0,60.0,5.0,-1.3869090938277477,2.1817749996243725,60.302570426143525,54546.0,3636.4,60.13333333333333,0.0,57.0,60.0,19.0,1.1822230016451067,20.382222222222218,0.07507761841834595,64.0,-0.20714285714285538,1.0944807084274208,1.002814364071123,0.2,-5.6,2.65329983228432,0.0,-11.0,-6.0,3.5,-0.04882428022992234,-0.15353822314049603,6.196773353931867,576.0,38.4,5.6,0.14285714285714285,-4.0,-6.0,11.0,1.459481873869085,7.040000000000001,0.47380354147934295,-3.4000000000000004,0.317857142857143,1.7751173670117326,1.1065666703449764,0.06666666666666667,-2.3333333333333335,2.3570226039551585,2.0,-6.0,-2.0,3.0,-0.2703976331257355,-0.8087999999999997,3.3166247903554,165.0,11.0,2.6,0.2857142857142857,0.0,0.0,8.0,1.432213904360235,5.555555555555555,1.0101525445522108,0.0,0.06428571428571421,1.8090680674665818,1.2756249193674614,0.4666666666666667,-0.4666666666666667,0.4988876515698588,0.0,-1.0,0.0,1.0,-0.1336306209562122,-1.982142857142856,0.6831300510639732,7.0,0.4666666666666667,0.4666666666666667,0.42857142857142855,-1.0,-1.0,1.0,0.0,0.24888888888888883,1.0690449676496974,0.0,0.04642857142857143,1.4638501094227998,1.4638501094227996,0.06666666666666667,normal
-4.333333333333333,7.904991390816875,4.0,-26.0,-2.0,4.5,-1.7179187291866198,1.9425192580466986,9.014802641581603,1219.0,81.26666666666667,5.4,0.35714285714285715,-20.0,-2.0,30.0,1.5519014979437442,62.4888888888889,1.824228782496202,2.0,1.0535714285714282,2.8841452257726217,1.6694078965891856,0.06666666666666667,11.866666666666667,21.786438187296444,76.0,-7.0,5.0,6.0,2.126015157489516,3.090172598334356,24.80860065918001,9232.0,615.4666666666667,12.8,0.21428571428571427,55.0,0.0,83.0,1.6216679171123505,474.6488888888888,1.835935802300262,37.79999999999998,-3.0821428571428555,3.063453720912609,1.938171926498438,0.13333333333333333,-102.26666666666667,412.75343191251073,62.0,-1352.0,57.0,3.0,-2.315652816055858,3.6390233892311024,425.2338964225061,2712358.0,180823.86666666667,200.4,0.07142857142857142,-918.0,57.0,1414.0,1.4878167164014253,170365.39555555562,4.036050507619075,58.0,54.51785714285714,3.179426690521098,2.121925630850829,0.06666666666666667,-27.266666666666666,33.02012854137441,0.0,-127.0,-16.0,7.5,-2.2130163335101467,3.4663965903019616,42.822891074751126,27507.0,1833.8,27.266666666666666,0.14285714285714285,-90.0,-11.0,127.0,1.5802363404761075,1090.328888888889,1.2110071592191105,-11.0,4.571428571428571,2.965703548093246,1.57052167755811,0.13333333333333333,-16.466666666666665,27.96632896101231,2.0,-96.0,-6.0,7.0,-2.137284096285665,2.861521113963537,32.45407010941258,15799.0,1053.2666666666667,16.733333333333334,0.2857142857142857,-77.0,-6.0,98.0,1.401945459378729,782.1155555555557,1.6983600583610716,-0.8000000000000007,3.7999999999999985,2.9580265179792455,1.9394862615186799,0.06666666666666667,-2.066666666666667,2.351358945139787,0.0,-9.0,-1.0,0.5,-1.9507544396292342,2.660153947953382,3.1304951684997055,147.0,9.8,2.066666666666667,0.14285714285714285,-6.0,-1.0,9.0,0.9495936677167384,5.5288888888888925,1.1377543282934452,-1.0,0.34642857142857125,2.8749445424997297,1.5147557266934057,0.06666666666666667,obstruction
-0.6,0.879393730551528,1.0,-2.0,-1.0,0.5,0.8940328651861552,-0.33709869203329346,1.0645812948447542,17.0,1.1333333333333333,1.0,0.42857142857142855,1.0,-1.0,3.0,0.8033149761408755,0.7733333333333334,1.46565621758588,1.0,-0.03571428571428573,1.8786728732554485,1.0645812948447542,0.3333333333333333,0.8,1.5999999999999999,3.0,-2.0,1.0,1.5,-0.6484374999999997,-0.580078125,1.7888543819998317,48.0,3.2,1.6,0.35714285714285715,0.0,2.0,5.0,1.235144651532666,2.5599999999999996,1.9999999999999998,2.5999999999999996,0.060714285714285735,1.6770509831248424,1.1180339887498947,0.3333333333333333,58.2,3.4097898273451785,68.0,53.0,58.0,3.0,1.1203574647335002,2.306592458547261,58.2997998853055,50983.0,3398.866666666667,58.2,0.0,60.0,57.0,15.0,1.489750318850591,11.626666666666663,0.058587454078095846,60.0,0.04642857142857254,1.1663847926369888,1.0017147746616064,0.3333333333333333,-11.4,2.3036203390894663,-6.0,-15.0,-12.0,1.5,0.886086129521484,0.18450291659301454,11.630419883506644,2029.0,135.26666666666668,11.4,0.0,-8.0,-13.0,9.0,1.6216679171123507,5.3066666666666675,0.20207195956925142,-8.0,-0.1250000000000002,1.2897212783583019,1.020212270483039,0.4666666666666667,-3.2,2.315167380558045,2.0,-6.0,-4.0,3.0,0.8883661869038171,-0.15515705056805507,3.9496835316262997,234.0,15.6,3.6,0.21428571428571427,1.0,-4.0,8.0,1.4502523446634912,5.359999999999999,0.723489806424389,0.1999999999999993,-0.09285714285714289,1.5191090506255,1.0971343143406387,0.3333333333333333,-0.4,0.8,1.0,-2.0,0.0,1.0,0.06249999999999959,-0.5312500000000009,0.8944271909999159,12.0,0.8,0.6666666666666666,0.42857142857142855,1.0,0.0,3.0,0.8823109245150755,0.6400000000000001,2.0,0.5999999999999996,-0.017857142857142894,2.23606797749979,1.3416407864998738,0.2,normal
-0.13333333333333333,12.737695587856106,21.0,-20.0,-4.0,19.5,0.4403051913321604,-1.05740340419774,12.738393409950357,2434.0,162.26666666666668,10.933333333333334,0.2857142857142857,-20.0,-4.0,41.0,1.2454410537617744,162.2488888888889,95.53271690892079,18.799999999999997,-1.121428571428571,1.6485595415506828,1.1650969582271666,0.06666666666666667,-4.133333333333334,10.874230496402442,20.0,-26.0,-3.0,6.0,-0.1555616667396699,0.5758625387904446,11.633285577743433,2030.0,135.33333333333334,8.266666666666667,0.35714285714285715,20.0,-1.0,46.0,1.806507165261669,118.24888888888889,2.630862216871558,5.799999999999999,0.22142857142857075,2.234966194738886,1.4072522876302538,0.26666666666666666,81.8,5.294021785624485,89.0,67.0,81.0,5.5,-1.1253740087891317,1.6184409574135792,81.97113313030793,100789.0,6719.266666666666,81.8,0.0,77.0,81.0,22.0,1.2519894208137126,28.026666666666667,0.06471909273379567,87.6,0.04642857142857151,1.0857480749780342,1.0020920920575542,0.13333333333333333,-10.8,18.048822676285564,34.0,-30.0,-15.0,10.5,1.5196883449759935,1.1437208585345884,21.03330692021585,6636.0,442.4,19.466666666666665,0.2857142857142857,-14.0,-17.0,64.0,1.459481873869085,325.76,1.671187284841256,17.999999999999993,-2.0142857142857133,1.6164838048990482,1.0804780952165678,0.2,-12.666666666666666,19.216890718555092,25.0,-41.0,-22.0,33.0,0.4608142883116906,-1.0343528726700597,23.015936507848934,7946.0,529.7333333333333,20.4,0.14285714285714285,0.0,-22.0,66.0,1.5065950881316381,369.28888888888883,1.5171229514648759,11.0,-3.0071428571428567,1.78137439621534,1.128232181757301,0.06666666666666667,-9.933333333333334,4.358389100981641,-5.0,-22.0,-9.0,6.0,-1.1611633632842702,1.3104064383374752,10.847426730181986,1765.0,117.66666666666667,9.933333333333334,0.0,-22.0,-6.0,17.0,1.171059869990371,18.995555555555555,0.4387640034545276,-5.4,0.8285714285714285,2.028130776747907,1.092022825186106,0.06666666666666667,collision
-90.4,61.85660837776348,10.0,-168.0,-125.0,119.5,0.6091458114392555,-1.3785513939026397,109.53720829015134,179976.0,11998.4,91.86666666666666,0.21428571428571427,1.0,-123.0,178.0,1.251989420813713,3826.2399999999993,0.6842545174531358,-0.6000000000000014,-11.160714285714283,1.5337254127838233,1.1923498725343036,0.06666666666666667,-256.8666666666667,113.039737359135,-26.0,-382.0,-314.0,116.0,1.1158820925751325,-0.29127616148626956,280.6393890149183,1181377.0,78758.46666666666,256.8666666666667,0.0,-26.0,-314.0,356.0,0.9532710147058912,12777.982222222223,0.44007164816688943,-56.00000000000002,-19.964285714285715,1.3611774218183375,1.0925488801515117,0.06666666666666667,-2298.266666666667,742.2038773514698,-517.0,-2957.0,-2619.0,289.0,1.5374200815699477,0.7864917526408162,2415.1389746071895,87493444.0,5832896.266666667,2298.266666666667,0.0,-517.0,-2616.0,2440.0,1.2048762065511591,550866.5955555557,0.322940713589141,-999.8000000000002,-120.37500000000001,1.2243601842750858,1.0508523704562232,0.06666666666666667,-93.8,99.13035189419368,113.0,-189.0,-143.0,107.0,1.0284022849180678,-0.38266322205763714,136.4744176271387,279379.0,18625.266666666666,127.66666666666667,0.21428571428571427,95.0,-186.0,302.0,1.2048762065511598,9826.826666666668,1.0568267792557962,75.39999999999998,-17.910714285714285,1.3848749332374237,1.0689902164005642,0.2,206.86666666666667,90.62513754778834,384.0,17.0,208.0,29.0,-0.24454574195072837,0.5240450773799292,225.84670317127353,765101.0,51006.73333333333,206.86666666666667,0.0,40.0,217.0,367.0,1.771623955677366,8212.915555555555,0.43808477705988563,309.99999999999994,5.242857142857149,1.7002683440049555,1.0917500958972295,0.13333333333333333,-0.9333333333333333,18.45884310808478,31.0,-33.0,4.0,17.0,-0.2252783480715907,-0.5370292782112269,18.482424083436676,5124.0,341.6,14.266666666666667,0.07142857142857142,-33.0,6.0,64.0,1.4594818738690851,340.72888888888895,19.777331901519403,20.599999999999994,2.3071428571428565,1.7854800783179456,1.2954970151941594,0.06666666666666667,obstruction
2.1333333333333333,3.7570674142947653,6.0,-4.0,4.0,7.5,-0.3906100468609286,-1.6124114898260888,4.320493798938574,280.0,18.666666666666668,4.0,0.07142857142857142,-2.0,6.0,10.0,0.9276173343271816,14.115555555555554,1.7611253504506712,6.0,0.757142857142857,1.3887301496588271,1.0801234497346435,0.06666666666666667,-7.6,4.896257073860944,1.0,-15.0,-9.0,8.5,0.3200556064791724,-1.2026321422517414,9.04064894425911,1226.0,81.73333333333333,7.733333333333333,0.14285714285714285,1.0,-4.0,16.0,1.5124035237566442,23.973333333333333,0.6442443518238085,-0.8000000000000007,-0.6714285714285714,1.6591729302269977,1.1690494324472986,0.06666666666666667,14.266666666666667,15.749991181655378,43.0,-14.0,6.0,22.0,0.40476245369647407,-0.7915046774697791,21.250882334623192,6774.0,451.6,16.133333333333333,0.07142857142857142,38.0,-14.0,57.0,1.39539709232679,248.0622222222222,1.1039713445085544,37.6,-3.360714285714284,2.0234453950150515,1.3172034504931731,0.06666666666666667,-15.933333333333334,10.679991677067086,-6.0,-52.0,-13.0,7.0,-2.4419521927093735,5.795589139973476,19.181588394430044,5519.0,367.93333333333334,15.933333333333334,0.0,-22.0,-52.0,46.0,1.4153691350791882,114.06222222222222,0.6702923646694824,-7.4,-0.542857142857143,2.710932949384931,1.2038653804035593,0.06666666666666667,-14.066666666666666,5.3099487337973,-8.0,-23.0,-12.0,9.0,-0.6039881024070366,-1.1240828481877196,15.03551351523009,3391.0,226.06666666666666,14.066666666666666,0.0,-13.0,-20.0,15.0,1.415369135079188,28.19555555555555,0.3774845071419881,-8.4,0.4785714285714282,1.5297116374976056,1.068875368381286,0.06666666666666667,3.6,1.781385228784985,7.0,0.0,3.0,2.0,0.1896362002961205,-0.42041522491349426,4.016632088371218,242.0,16.133333333333333,3.6,0.07142857142857142,3.0,0.0,7.0,1.3953970923267898,3.1733333333333333,0.49482923021805136,6.0,-0.2857142857142857,1.7427535920618922,1.1157311356586717,0.06666666666666667,collision
66.66666666666667,97.98548645363535,206.0,-8.0,-1.0,207.0,0.7053372345174793,-1.49991745737257,118.5141341781646,210684.0,14045.6,70.26666666666667,0.21428571428571427,-8.0,205.0,214.0,0.6365141682948128,9601.155555555557,1.46978229680453,205.0,18.810714285714283,1.738189300613851,1.686633788114297,0.06666666666666667,-114.66666666666667,162.0327813197756,5.0,-345.0,-2.0,342.5,-0.7067162595062685,-1.4999304897731343,198.50205708421933,591046.0,39403.066666666666,115.86666666666666,0.21428571428571427,5.0,-343.0,350.0,0.6365141682948128,26254.62222222222,1.4130765812771129,2.0,-30.842857142857138,1.7380172531593734,1.7131938183333084,0.06666666666666667,-777.8,1090.242126012994,2.0,-2325.0,-8.0,2311.5,-0.7069886343227457,-1.499962864454761,1339.253797206987,26904011.0,1793600.7333333334,778.4666666666667,0.42857142857142855,-8.0,-2315.0,2327.0,0.6365141682948128,1188627.8933333333,1.4016998277359143,1.5999999999999996,-206.51785714285717,1.7360413723289687,1.7203739794557509,0.06666666666666667,-99.0,131.82210234504177,-2.0,-287.0,-7.0,278.5,-0.7064936910011076,-1.499687608306036,164.85771643046215,407671.0,27178.066666666666,99.0,0.0,-11.0,-284.0,285.0,0.6365141682948128,17377.066666666666,1.3315363873236543,-3.4000000000000004,-24.792857142857137,1.7408951562243562,1.665229458893557,0.06666666666666667,-167.66666666666666,234.47947079056246,5.0,-501.0,-9.0,500.0,-0.7057943752325703,-1.4999678050115755,288.2581019387544,1246391.0,83092.73333333334,169.53333333333333,0.2857142857142857,-13.0,-499.0,506.0,0.6365141682948128,54980.622222222235,1.398485909287649,3.1999999999999993,-43.84642857142856,1.7380257367629737,1.7003033932683116,0.06666666666666667,18.2,23.481056194302674,52.0,1.0,2.0,49.5,0.7066439036871686,-1.4986807906683302,29.708584617918103,13239.0,882.6,18.2,0.0,2.0,51.0,51.0,0.6365141682948128,551.36,1.2901679227638831,51.6,4.432142857142856,1.7503358261179935,1.6323398141713243,0.06666666666666667,obstruction
29.8,62.51314528427868,180.0,-27.0,1.0,59.0,1.2909757731978582,0.2306303314135012,69.25267744523191,71939.0,4795.933333333333,41.13333333333333,0.2857142857142857,180.0,1.0,207.0,1.0805738483648537,3907.8933333333334,2.097756553163714,126.39999999999998,-10.982142857142854,2.5991774851210914,1.6836145246004517,0.06666666666666667,9.533333333333333,29.524829475469552,69.0,-24.0,-2.0,37.5,0.8808413480338151,-0.45210903729682617,31.025795719046435,14439.0,962.6,22.466666666666665,0.2857142857142857,69.0,0.0,93.0,1.4502523446634912,871.7155555555556,3.0970100848394635,57.19999999999999,-4.353571428571427,2.223955853536468,1.380970135862601,0.06666666666666667,88.46666666666667,17.312294924577607,132.0,52.0,84.0,17.0,0.52011677767435,1.1651854163836681,90.14469849451307,121891.0,8126.066666666667,88.46666666666667,0.0,52.0,81.0,80.0,1.5821699429252507,299.71555555555557,0.19569285898166097,106.2,-0.782142857142856,1.4643124022211311,1.0189679558535765,0.13333333333333333,-4.066666666666666,68.72599378853843,215.0,-113.0,-11.0,48.0,1.8150733815767037,4.379956417511637,68.84620541467773,71097.0,4739.8,42.733333333333334,0.35714285714285715,215.0,-18.0,328.0,1.3624474851916286,4723.262222222223,16.89983453816519,23.6,-2.614285714285714,3.1229026887538947,1.611065649329432,0.13333333333333333,27.066666666666666,82.19851309820365,186.0,-51.0,-14.0,105.5,1.0164611694371943,-0.6801082881380456,86.54016408581624,112338.0,7489.2,61.2,0.07142857142857142,186.0,-12.0,237.0,0.9881542242901942,6756.5955555555565,3.03689087801245,164.2,-14.714285714285706,2.1492910484379935,1.4140549687224875,0.06666666666666667,-8.4,8.20406403355475,13.0,-30.0,-8.0,4.5,-0.04630305365267826,3.310625915144879,11.74166370948626,2068.0,137.86666666666667,10.133333333333333,0.07142857142857142,13.0,-14.0,43.0,1.2634794940650307,67.30666666666666,0.9766742897088989,-5.0,-0.2750000000000001,2.55500419210291,1.1587168134361443,0.4666666666666667,collision
7.133333333333334,27.67156583129252,52.0,-39.0,4.0,33.5,-0.04420101091493945,-1.0192049822921667,28.576213884977836,12249.0,816.6,23.933333333333334,0.14285714285714285,52.0,4.0,91.0,1.5867847075280477,765.7155555555556,3.879191471676521,45.199999999999996,-4.692857142857142,1.8196952265721864,1.1939922236063163,0.06666666666666667,-2.3333333333333335,8.722894524691268,13.0,-20.0,-4.0,10.5,-0.04611526206576811,-0.5386121331557354,9.029581016488713,1223.0,81.53333333333333,7.666666666666667,0.14285714285714285,-4.0,-20.0,33.0,1.3378606778364337,76.08888888888892,3.738383367724829,8.799999999999999,-1.2714285714285716,2.2149421953774437,1.1777714369333103,0.06666666666666667,-155.2,103.8333279828784,-2.0,-406.0,-193.0,125.0,-0.5515863898119706,0.09526539658359301,186.73082230847697,523026.0,34868.4,155.2,0.0,-222.0,-406.0,404.0,1.4019454593787286,10781.359999999999,0.6690291751474124,-32.00000000000003,-6.671428571428571,2.1742527290395213,1.2031625148742073,0.06666666666666667,0.6666666666666666,33.33599989334187,63.0,-56.0,-5.0,28.0,0.3232256227476574,-0.4836453139182266,33.342665360365736,16676.0,1111.7333333333333,25.066666666666666,0.2857142857142857,52.0,63.0,119.0,1.494365083453388,1111.288888888889,50.00399984001281,52.0,-1.3999999999999995,1.8894710221603277,1.330159522355016,0.06666666666666667,-7.2,29.772918343129664,68.0,-41.0,-12.0,22.0,1.161497217696041,0.5572890893817211,30.631138840511085,14074.0,938.2666666666667,25.6,0.21428571428571427,-39.0,68.0,109.0,1.5821699429252505,886.4266666666667,4.135127547656897,35.4,3.9107142857142856,2.2199631673526574,1.1965288609574642,0.13333333333333333,3.066666666666667,7.406903686576614,16.0,-11.0,1.0,10.5,-0.09475871212001107,-0.6417295626476109,8.01664934163062,964.0,64.26666666666667,6.133333333333334,0.14285714285714285,9.0,1.0,27.0,1.5472867333409472,54.86222222222223,2.4152946804054176,12.2,0.22500000000000014,1.9958463091196568,1.3070623926571663,0.06666666666666667,collision
2.8666666666666667,2.2469732728470286,9.0,0.0,2.0,1.0,1.5415625130553257,1.7174977682999435,3.642343567906063,199.0,13.266666666666667,2.8666666666666667,0.07142857142857142,3.0,0.0,9.0,1.6792043316027068,5.048888888888888,0.7838278858768705,5.799999999999999,-0.3428571428571426,2.470936591293057,1.2705849655486265,0.2,-10.6,8.546344247688598,-2.0,-33.0,-8.0,9.0,-1.325983453743561,0.9265261783967489,13.61616686149226,2781.0,185.4,10.6,0.0,-33.0,-2.0,31.0,1.2868726303980162,73.03999999999999,0.8062588912913772,-2.4000000000000004,1.696428571428571,2.4235895708157744,1.2845440435370057,0.06666666666666667,52.6,7.418894796396564,65.0,32.0,54.0,5.0,-1.1722895743824386,1.729790596268253,53.12061746629081,42327.0,2821.8,52.6,0.0,32.0,54.0,33.0,1.71408754118701,55.040000000000006,0.14104362730791944,59.0,0.6250000000000017,1.2236303548475804,1.0098976704618023,0.3333333333333333,4.0,13.316656236958787,41.0,-11.0,-2.0,10.5,1.5561381192272927,1.669189892023291,13.90443574307614,2900.0,193.33333333333334,8.933333333333334,0.35714285714285715,41.0,-11.0,52.0,1.2868726303980162,177.33333333333334,3.3291640592396967,20.399999999999995,-2.432142857142856,2.9486993041351126,1.5564666876577768,0.06666666666666667,0.5333333333333333,4.096611065529925,11.0,-5.0,-1.0,4.0,1.0462520122268517,0.6574434205328918,4.131182235954578,256.0,17.066666666666666,3.2,0.35714285714285715,2.0,-5.0,16.0,1.4019454593787286,16.782222222222224,7.681145747868609,5.399999999999999,-0.7107142857142856,2.6626760505175993,1.2909944487358054,0.06666666666666667,-0.3333333333333333,0.8692269873603531,1.0,-2.0,0.0,1.0,0.09023117515851407,-0.8460207612456743,0.9309493362512627,13.0,0.8666666666666667,0.7333333333333333,0.7857142857142857,-1.0,0.0,3.0,0.8823109245150755,0.7555555555555554,2.6076809620810595,1.0,-0.02499999999999999,2.1483446221182985,1.2694763676153584,0.4,collision
-3.2666666666666666,2.322833518691246,0.0,-8.0,-3.0,3.5,-0.5370838149678899,-0.7473395232447357,4.00832467081531,241.0,16.066666666666666,3.2666666666666666,0.14285714285714285,-5.0,-6.0,8.0,1.5246335284348942,5.395555555555555,0.7110714853136468,-1.0,-0.046428571428571395,1.9958463091196568,1.227038164535299,0.3333333333333333,-0.7333333333333333,4.986203187017375,8.0,-7.0,-2.0,8.5,0.28037800255430695,-1.2766649210062013,5.039841267341661,381.0,25.4,4.466666666666667,0.7857142857142857,6.0,3.0,15.0,1.5472867333409475,24.862222222222222,6.79936798229642,6.0,-0.14285714285714288,1.5873515802650902,1.1283226717929091,0.3333333333333333,78.2,6.316116950574406,87.0,67.0,80.0,11.0,-0.2132944218593791,-1.33378000872201,78.45465781796089,92327.0,6155.133333333333,78.2,0.0,67.0,73.0,20.0,1.4897503188505912,39.89333333333333,0.08076875895875199,85.6,-0.10357142857142654,1.1089207756391846,1.003256493835817,0.3333333333333333,-3.0,10.36018017861337,10.0,-23.0,2.0,18.0,-0.44029067106826464,-1.1532541182824736,10.785793124908958,1745.0,116.33333333333333,9.133333333333333,0.7142857142857143,-15.0,-11.0,33.0,1.5472867333409477,107.33333333333333,3.453393392871123,8.0,-0.04285714285714264,2.132434743893175,1.1809262545520758,0.3333333333333333,-11.4,4.454211490264017,-4.0,-19.0,-11.0,7.5,-0.07386992260778619,-1.071052289281997,12.239281024635394,2247.0,149.8,11.4,0.0,-16.0,-18.0,15.0,1.4897503188505912,19.839999999999996,0.3907203061635102,-6.0,-0.13571428571428615,1.552378768144676,1.0736211425118767,0.3333333333333333,-2.8,4.036500134192161,4.0,-10.0,-3.0,6.5,0.261768473374903,-0.8866056289359561,4.91256891385081,362.0,24.133333333333333,4.266666666666667,0.5,-7.0,2.0,14.0,1.4897503188505912,16.293333333333333,1.4416071907829147,3.1999999999999993,0.09999999999999992,2.0355948538055846,1.1513833391837838,0.2,normal
11.0,26.138094804327267,90.0,-12.0,1.0,22.5,1.913499161161332,2.970590937261762,28.358420266298335,12063.0,804.2,16.466666666666665,0.35714285714285715,90.0,-6.0,102.0,1.0805738483648537,683.2,2.376190436757024,39.79999999999999,-4.357142857142856,3.17366056200802,1.7221712712326926,0.06666666666666667,3.2666666666666666,10.174914687057031,26.0,-9.0,-1.0,14.5,0.7410540745802566,-0.5318728628359799,10.686440005914037,1713.0,114.2,8.066666666666666,0.2857142857142857,11.0,4.0,35.0,1.415369135079188,103.52888888888887,3.114769802160316,16.4,-1.4999999999999996,2.43298984372824,1.3247652899893434,0.06666666666666667,101.86666666666666,69.57381372007399,361.0,76.0,83.0,6.5,3.4209287527408225,9.83740166944927,123.35855597944284,228260.0,15217.333333333334,101.86666666666666,0.0,361.0,83.0,285.0,1.171059869990371,4840.515555555555,0.68298900903214,98.6,-7.642857142857145,2.9264285491487034,1.210980588803431,0.06666666666666667,-37.46666666666667,104.37551862811934,23.0,-423.0,-9.0,20.5,-3.3242266223385677,9.425035722453055,110.89634800118532,184470.0,12298.0,41.733333333333334,0.5,-423.0,-24.0,446.0,1.379292254472676,10894.248888888887,2.785823450928452,4.799999999999999,10.6,3.814372678850333,2.657260734852683,0.4666666666666667,44.6,191.1142066932754,756.0,-32.0,-8.0,38.5,3.4134014236717793,9.808071176210166,196.24933120905152,577707.0,38513.8,67.93333333333334,0.07142857142857142,756.0,-27.0,788.0,1.0200369584018407,36524.64,4.2850718989523635,28.799999999999997,-21.882142857142853,3.8522424272349896,2.888851784235302,0.06666666666666667,-10.266666666666667,33.341598975187466,52.0,-122.0,-6.0,5.5,-2.0711980216072745,6.219708140880535,34.88648257802249,18256.0,1217.0666666666666,17.2,0.14285714285714285,-122.0,-9.0,174.0,1.4322139043602342,1111.662222222222,3.2475583417390386,-2.4000000000000004,1.7607142857142855,3.4970564810353397,2.028283870815261,0.4666666666666667,collision
9.733333333333333,2.5420901286583493,14.0,6.0,9.0,3.5,0.17787642339986623,-1.0917783130159366,10.059821071967434,1518.0,101.2,9.733333333333333,0.0,6.0,14.0,8.0,1.3229495110045286,6.4622222222222225,0.2611736433553099,13.2,0.542857142857143,1.391674851853202,1.0335432608185722,0.06666666666666667,12.2,1.8690461025168248,15.0,8.0,13.0,2.5,-0.7204556825446524,-0.17647572985257254,12.342339054382412,2285.0,152.33333333333334,12.2,0.0,9.0,15.0,7.0,1.3397942802855756,3.4933333333333327,0.15320050020629714,14.0,0.3499999999999999,1.215328790912929,1.011667135605116,0.06666666666666667,-6.266666666666667,18.375587670118804,24.0,-35.0,-8.0,32.0,0.025380923168024174,-1.3507612190483198,19.414771009036738,5654.0,376.93333333333334,16.933333333333334,0.14285714285714285,15.0,-35.0,59.0,1.5867847075280477,337.6622222222222,2.9322746282104477,15.6,-4.1464285714285705,1.8027511106728487,1.1465415950218545,0.06666666666666667,-33.733333333333334,2.931817790306136,-28.0,-38.0,-35.0,4.0,0.6734465625457376,-0.5029430353688245,33.86049812588901,17198.0,1146.5333333333333,33.733333333333334,0.0,-28.0,-38.0,10.0,1.4943650834533881,8.595555555555555,0.08691159457429257,-29.200000000000003,-0.5857142857142856,1.1222516532013453,1.0037697072891998,0.06666666666666667,24.666666666666668,5.521674464226308,35.0,17.0,24.0,8.0,0.12944834534627678,-1.0738255318787244,25.277130638846913,9584.0,638.9333333333333,24.666666666666668,0.0,17.0,35.0,18.0,1.5641315026219944,30.48888888888889,0.2238516674686341,31.2,1.1714285714285715,1.3846508332006082,1.0247485394127127,0.06666666666666667,1.2,0.7483314773547883,3.0,0.0,1.0,0.5,0.61088283865697,0.37755102040816313,1.4142135623730951,30.0,2.0,1.2,0.2857142857142857,1.0,1.0,3.0,0.9276173343271816,0.56,0.6236095644623236,2.0,0.075,2.1213203435596424,1.1785113019775793,0.13333333333333333,collision
3.3333333333333335,8.941787044856053,22.0,-10.0,1.0,9.5,0.897887594369466,0.019045693039895006,9.542885657214313,1366.0,91.06666666666666,6.8,0.5,-10.0,-2.0,32.0,1.4897503188505912,79.95555555555553,2.6825361134568158,17.599999999999994,-0.9928571428571421,2.305382333001994,1.4033655378256344,0.06666666666666667,-2.3333333333333335,4.555826550205303,6.0,-13.0,-3.0,4.5,-0.3462477477986184,0.24462719348522777,5.118593556827891,393.0,26.2,3.933333333333333,0.42857142857142855,-2.0,2.0,19.0,1.656551126696654,20.755555555555556,1.9524970929451297,3.1999999999999993,0.4428571428571427,2.5397601617848315,1.3013373449562435,0.06666666666666667,57.733333333333334,8.65999743392315,66.0,27.0,60.0,4.0,-2.87723257036358,7.657873872892271,58.37922004731935,51122.0,3408.133333333333,57.733333333333334,0.0,27.0,61.0,39.0,1.3624474851916286,74.99555555555554,0.1499999555529414,63.2,0.9464285714285717,1.1305392560315746,1.0111874142145383,0.4,-5.866666666666666,7.796295416556649,10.0,-21.0,-6.0,9.5,0.043509414044973986,-0.2914932819119551,9.757048734120374,1428.0,95.2,7.866666666666666,0.14285714285714285,-17.0,-12.0,31.0,1.5641315026219946,60.78222222222222,1.32891399145852,2.599999999999998,-0.41785714285714304,2.1522901619383177,1.2403028051847935,0.06666666666666667,1.3333333333333333,12.152731745944568,28.0,-17.0,-3.0,15.0,0.8008628417408178,-0.13838425752393357,12.225656083281038,2242.0,149.46666666666667,9.733333333333333,0.21428571428571427,8.0,-6.0,45.0,1.39539709232679,147.6888888888889,9.114548809458427,18.399999999999995,-2.178571428571428,2.290265635583424,1.2560605565014766,0.06666666666666667,0.26666666666666666,1.2892719737209146,3.0,-3.0,0.0,1.0,-0.5049209208186652,1.261074094197717,1.3165611772087666,26.0,1.7333333333333334,0.9333333333333333,0.7142857142857143,3.0,0.0,6.0,1.3624474851916286,1.6622222222222225,4.83476990145343,1.0,-0.16428571428571423,2.27866357593825,1.410601261295107,0.06666666666666667,collision
0.6,1.1430952132988166,2.0,-1.0,0.0,2.0,0.0214241085374619,-1.455018742190754,1.2909944487358056,25.0,1.6666666666666667,1.0,0.6428571428571429,2.0,2.0,3.0,1.0437570363314084,1.3066666666666669,1.905158688831361,2.0,2.444819624927184e-17,1.5491933384829668,1.2909944487358056,0.06666666666666667,0.4,0.7118052168020875,2.0,0.0,0.0,0.5,1.464031505472437,0.5443213296398897,0.816496580927726,10.0,0.6666666666666666,0.4,0.2857142857142857,0.0,0.0,2.0,0.5799151714181009,0.5066666666666668,1.7795130420052188,1.5999999999999996,-0.060714285714285686,2.449489742783178,2.0412414523193148,0.06666666666666667,17.666666666666668,7.096164848392091,28.0,-1.0,17.0,7.5,-0.8349134859587489,0.9244260097266572,19.038557368316187,5437.0,362.46666666666664,17.8,0.14285714285714285,17.0,15.0,29.0,1.2519894208137132,50.35555555555555,0.4016697083995523,26.2,-0.1714285714285707,1.4706996679589481,1.069581874624505,0.3333333333333333,1.4,1.5405626677721793,3.0,-2.0,2.0,2.5,-0.6870392152386338,-0.541408913016034,2.0816659994661326,65.0,4.333333333333333,1.8,0.5,3.0,0.0,5.0,1.2868726303980165,2.373333333333334,1.1004019055515568,3.0,-0.02499999999999994,1.4411533842457842,1.156481110814518,0.4666666666666667,-4.733333333333333,1.6918103387266028,-2.0,-8.0,-4.0,2.0,-0.5869219733420381,-0.4685293777246251,5.026595932305149,379.0,25.266666666666666,4.733333333333333,0.0,-4.0,-4.0,6.0,1.4594818738690851,2.8622222222222224,0.3574247194492823,-3.0,0.03928571428571409,1.591534332128279,1.0619568871067215,0.06666666666666667,-0.4,0.7118052168020874,1.0,-2.0,0.0,1.0,-0.35491672859937895,-0.07894736842105221,0.816496580927726,10.0,0.6666666666666666,0.5333333333333333,0.7857142857142857,0.0,-1.0,3.0,0.8532361505557784,0.5066666666666667,1.7795130420052185,0.0,-0.053571428571428575,2.449489742783178,1.5309310892394863,0.3333333333333333,normal
-26.533333333333335,39.82271825087897,4.0,-120.0,-2.0,46.0,-1.1491843260174683,-0.07758363060033657,47.85255130781082,34348.0,2289.866666666667,28.666666666666668,0.14285714285714285,-84.0,-2.0,124.0,1.0775733728921972,1585.8488888888892,1.5008562154853882,3.5999999999999996,7.603571428571426,2.5077032826965024,1.6692750456213077,0.06666666666666667,7.666666666666667,23.56456850631661,85.0,-22.0,0.0,12.5,2.230208141557787,4.972946335515264,24.7803685740682,9211.0,614.0666666666667,13.266666666666667,0.5,85.0,3.0,107.0,1.5802363404761086,555.2888888888887,3.073639370389123,24.599999999999994,-2.8000000000000003,3.430134614258707,1.867866977944839,0.06666666666666667,-6.933333333333334,13.152777484453829,4.0,-41.0,-4.0,16.0,-1.2656096145878672,0.6748426781754859,14.868310820892422,3316.0,221.06666666666666,10.133333333333333,0.21428571428571427,-41.0,3.0,45.0,1.1699929969668565,172.99555555555557,1.8970352141039175,4.0,2.3999999999999995,2.757542567807249,1.467267515219647,0.06666666666666667,-8.733333333333333,31.465254205587183,28.0,-114.0,2.0,13.5,-2.3969331338668676,5.540939156381528,32.65475973473596,15995.0,1066.3333333333333,16.866666666666667,0.2857142857142857,-114.0,-2.0,142.0,1.4141754640569795,990.062222222222,3.6028917029298304,9.399999999999999,3.7464285714285714,3.491068405526634,1.9360529486997604,0.06666666666666667,-35.0,52.92762353755677,5.0,-157.0,-1.0,61.0,-1.1353744253117102,-0.14770888321578468,63.45339497090233,60395.0,4026.3333333333335,38.333333333333336,0.14285714285714285,-114.0,-1.0,162.0,1.0775733728921972,2801.3333333333335,1.5122178153587649,4.0,10.257142857142851,2.474256894717692,1.6553059557626695,0.06666666666666667,-4.2,1.1075498483890767,-3.0,-6.0,-4.0,2.0,-0.48285195422444305,-1.1086956521739137,4.343577634469846,283.0,18.866666666666667,4.2,0.0,-6.0,-3.0,3.0,0.8608513906312316,1.2266666666666668,0.263702344854542,-3.0,0.21785714285714275,1.3813497777465944,1.034185151064249,0.06666666666666667,collision
-8.2,19.738963160882253,6.0,-72.0,0.0,4.0,-2.3020693789614577,4.468574028076205,21.374439563802994,6853.0,456.8666666666667,9.933333333333334,0.6428571428571429,-72.0,1.0,78.0,1.6151195500604099,389.62666666666667,2.4071906293758847,3.3999999999999986,2.964285714285714,3.3685093723781163,2.151789217832516,0.06666666666666667,-5.133333333333334,6.661998365522332,1.0,-24.0,-3.0,3.5,-1.762676324411709,2.0958460009444826,8.41031113177945,1061.0,70.73333333333333,5.266666666666667,0.2857142857142857,-24.0,1.0,25.0,1.4548671092662881,44.382222222222225,1.2977918893874671,0.0,1.1392857142857142,2.853639969312537,1.5968945186923005,0.13333333333333333,58.93333333333333,9.601851673274044,84.0,37.0,59.0,7.0,0.3650646177274824,2.0247315297095376,59.71041226899487,53480.0,3565.3333333333335,58.93333333333333,0.0,84.0,59.0,47.0,1.5519014979437444,92.19555555555556,0.162927347397184,65.8,-0.19642857142857065,1.4067898178559002,1.013185728546293,0.4666666666666667,6.666666666666667,31.017557751842567,120.0,-10.0,-2.0,4.0,3.213528744851978,8.900490693612282,31.725909495762817,15098.0,1006.5333333333333,13.066666666666666,0.07142857142857142,120.0,-10.0,130.0,1.4878167164014495,962.088888888889,4.652633662776385,14.399999999999999,-4.078571428571429,3.7823974759817904,2.4280032777369502,0.06666666666666667,-21.8,48.83878240360489,5.0,-196.0,-4.0,8.0,-2.990789423601833,7.821601278882973,53.48333073647028,42907.0,2860.4666666666667,23.0,0.14285714285714285,-196.0,-2.0,201.0,1.487816716401448,2385.2266666666665,2.240311119431417,1.9999999999999982,6.617857142857143,3.664693228732436,2.3253622059334904,0.06666666666666667,-2.0,3.7058512292499457,0.0,-15.0,-1.0,2.5,-2.813708327986456,7.142567631256481,4.211096452627668,266.0,17.733333333333334,2.0,0.5,-15.0,0.0,15.0,0.9532710147058912,13.733333333333333,1.8529256146249728,0.0,0.5142857142857143,3.5620176760948326,2.105548226313834,0.06666666666666667,collision
-11.133333333333333,9.98576764978815,-1.0,-29.0,-4.0,17.5,-0.4762754033878809,-1.4352543798757573,14.95548951611637,3355.0,223.66666666666666,11.133333333333333,0.0,-29.0,-1.0,28.0,1.2868726303980165,99.71555555555554,0.8969252380049236,-1.4000000000000004,2.0785714285714283,1.9390873143101703,1.3433074415673385,0.06666666666666667,1.9333333333333333,5.519259209551787,16.0,-6.0,0.0,4.0,1.3824278474601615,1.2231233900208363,5.848076606885378,513.0,34.2,3.533333333333333,0.6428571428571429,-6.0,-1.0,22.0,1.2868726303980165,30.462222222222216,2.85478924631989,9.799999999999997,-0.5285714285714284,2.735942272227078,1.6551160208166165,0.06666666666666667,-4.933333333333334,7.370813312578802,5.0,-20.0,-3.0,9.0,-0.6143103412291623,-0.5535928055871548,8.86942313043338,1180.0,78.66666666666667,6.8,0.5,4.0,-10.0,25.0,1.4897503188505912,54.32888888888889,1.494083779576784,3.5999999999999996,-0.46071428571428574,2.2549380840084865,1.3043269309460854,0.4666666666666667,-3.466666666666667,6.448427887649998,8.0,-20.0,-2.0,4.5,-1.0805921072122033,1.271026669915357,7.321202087089251,804.0,53.6,4.666666666666667,0.5714285714285714,8.0,0.0,28.0,1.6216679171123507,41.582222222222214,1.860123429129807,0.5999999999999996,0.44642857142857134,2.731791823540765,1.5688290186619822,0.13333333333333333,-8.6,12.950160874161627,6.0,-32.0,0.0,21.0,-0.5479770168179506,-1.2728919704503907,15.545631755148024,3625.0,241.66666666666666,11.133333333333333,0.21428571428571427,-32.0,6.0,38.0,1.2868726303980165,167.70666666666665,1.5058326597862357,3.5999999999999996,2.6892857142857136,2.0584560668885663,1.3963142295043136,0.06666666666666667,-2.8666666666666667,0.8844332774281066,-1.0,-4.0,-3.0,1.5,0.31521640569493475,-0.7120351239669427,3.0,135.0,9.0,2.8666666666666667,0.0,-2.0,-4.0,3.0,1.0851886129676505,0.7822222222222223,0.3085232363121302,-2.0,-0.12857142857142856,1.3333333333333333,1.0465116279069768,0.2,collision
-100.6,18.438365798880696,-59.0,-119.0,-106.0,23.0,0.9641089908176579,-0.33494507813639496,102.27577099847908,156905.0,10460.333333333334,100.6,0.0,-59.0,-119.0,60.0,1.39539709232679,339.97333333333336,0.1832839542632276,-72.6,-3.957142857142859,1.1635209281557959,1.0166577634043645,0.06666666666666667,16.066666666666666,52.04801202308841,67.0,-87.0,34.0,72.0,-0.8578325634952999,-0.7293673555753615,54.47139922320091,44507.0,2967.133333333333,49.8,0.07142857142857142,44.0,-87.0,154.0,1.3605138827424867,2708.9955555555557,3.2395028230138014,65.2,-10.664285714285713,1.597168445104752,1.0938031972530304,0.06666666666666667,-667.2666666666667,308.4817588700433,-205.0,-1262.0,-626.0,454.0,-0.28874731115422597,-0.9497022565151036,735.1229829083022,8106087.0,540405.8,667.2666666666667,0.0,-205.0,-1262.0,1057.0,1.5641315026219944,95160.99555555554,0.46230656239890594,-285.8,-70.90714285714286,1.716719554879458,1.1016929507068172,0.06666666666666667,-502.4,79.4311441858083,-305.0,-599.0,-527.0,65.5,1.2398971916491592,0.4845992093964502,508.6404099820095,3880726.0,258715.06666666668,502.4,0.0,-305.0,-599.0,294.0,1.3378606778364337,6309.306666666667,0.15810339208958657,-382.0,-14.550000000000002,1.1776492552394462,1.0124211982125986,0.06666666666666667,-442.4,120.8557266606207,-226.0,-646.0,-440.0,178.0,0.1401704949710262,-0.9955355899160354,458.61080086132586,3154858.0,210323.86666666667,442.4,0.0,-226.0,-646.0,420.0,1.5867847075280475,14606.106666666665,0.27318202228892563,-280.2,-27.857142857142854,1.4086018008881056,1.0366428590897963,0.06666666666666667,66.8,21.680098400760702,108.0,37.0,62.0,34.0,0.47573280206291907,-1.0437189722448872,70.23009801122782,73984.0,4932.266666666666,66.8,0.0,37.0,108.0,71.0,1.4943650834533881,470.0266666666667,0.3245523712688728,97.8,4.9,1.5378022109941214,1.0513487726231712,0.06666666666666667,obstruction
-3.6666666666666665,3.238655413730965,0.0,-12.0,-4.0,2.5,-1.3480344931201185,1.1871049985636333,4.892170615721955,359.0,23.933333333333334,3.6666666666666665,0.2857142857142857,-12.0,-4.0,12.0,1.0832550105185086,10.488888888888889,0.8832696582902633,-0.40000000000000036,0.31428571428571417,2.4528989159608687,1.3342283497423515,0.3333333333333333,2.066666666666667,4.850658603621667,17.0,-5.0,1.0,2.0,1.890470905695145,3.5890768986823716,5.272570530585627,417.0,27.8,2.8666666666666667,0.5,-5.0,2.0,22.0,1.4548671092662875,23.528888888888893,2.347092872720161,6.1999999999999975,-0.3607142857142854,3.224233777696247,1.8392687897391722,0.13333333333333333,17.266666666666666,7.70685120886316,32.0,3.0,18.0,11.0,-0.11025328683728008,-0.5781293491894703,18.90855185711834,5363.0,357.53333333333336,17.266666666666666,0.0,20.0,15.0,29.0,1.5472867333409475,59.395555555555546,0.446342734104044,25.4,-0.39999999999999963,1.692355937239754,1.0950898758948846,0.4666666666666667,-1.2,8.726969691708572,8.0,-31.0,2.0,3.0,-2.5843772018634623,6.207548460560693,8.809086218218097,1164.0,77.6,4.8,0.2857142857142857,-3.0,-1.0,39.0,1.62166791711235,76.16000000000001,7.272474743090477,3.5999999999999996,0.8535714285714281,3.5190937211953734,1.8352262954621035,0.13333333333333333,-6.133333333333334,6.216823054333209,6.0,-24.0,-5.0,4.5,-1.056594318812309,2.6261228713684925,8.733078876700167,1144.0,76.26666666666667,6.933333333333334,0.2857142857142857,-24.0,-9.0,30.0,1.6792043316027068,38.648888888888884,1.0136124545108491,-1.200000000000001,0.307142857142857,2.748171674486067,1.2595786841394472,0.3333333333333333,-1.4,0.7118052168020874,0.0,-2.0,-2.0,1.0,0.7541980482736795,-0.702216066481995,1.570562531918633,37.0,2.466666666666667,1.4,0.21428571428571427,0.0,-2.0,2.0,0.6909233093138181,0.5066666666666667,0.5084322977157768,-0.40000000000000036,-0.06785714285714288,1.2734290799340267,1.1218303799418807,0.06666666666666667,collision
11.8,38.37916101219515,141.0,-11.0,-3.0,15.0,2.5974432525338784,5.74994921265065,40.15221039992693,24183.0,1612.2,19.4,0.21428571428571427,141.0,-7.0,152.0,1.1699929969668563,1472.96,3.2524712722199274,41.399999999999984,-5.560714285714285,3.511637307027476,2.069701567006543,0.06666666666666667,-12.333333333333334,34.24746543744352,17.0,-130.0,-3.0,12.5,-2.6676396416047723,6.409252861836782,36.40054944640259,19875.0,1325.0,17.933333333333334,0.42857142857142855,-130.0,-8.0,147.0,1.5426719687381505,1172.888888888889,2.77682152195488,8.799999999999999,3.392857142857141,3.5713746626659146,2.0297704152269103,0.13333333333333333,82.46666666666667,6.119549729260224,95.0,68.0,82.0,7.0,-0.20623701936528424,0.5299793192648159,82.69340965276496,102573.0,6838.2,82.46666666666667,0.0,85.0,86.0,27.0,1.489750318850591,37.44888888888888,0.07420634271536246,89.2,-0.10357142857142627,1.1488219000632724,1.0027495107449267,0.3333333333333333,16.0,74.93997598078077,283.0,-36.0,0.0,19.5,2.9821597122648127,7.791379407431759,76.62897624267207,88080.0,5872.0,33.46666666666667,0.6428571428571429,283.0,4.0,319.0,1.5426719687381505,5616.0,4.683748498798798,45.99999999999998,-7.935714285714288,3.693119938126055,2.2897104454981694,0.13333333333333333,8.8,67.03054030315833,234.0,-31.0,-16.0,23.0,2.5927352150271656,5.693359756640621,67.6057196791317,68558.0,4570.533333333334,37.2,0.07142857142857142,234.0,-24.0,265.0,1.1699929969668565,4493.093333333333,7.617106852631628,62.59999999999997,-9.789285714285713,3.46124560333954,1.8173580558906368,0.06666666666666667,-2.0,10.475367933076782,29.0,-21.0,-3.0,7.5,1.2791681468603597,2.942374385269198,10.664583129843066,1706.0,113.73333333333333,7.333333333333333,0.5,29.0,-12.0,50.0,1.4878167164014493,109.73333333333333,5.237683966538391,5.199999999999999,-1.3607142857142858,2.719281161478156,1.454261335887691,0.4666666666666667,collision
-13.4,1.781385228784985,-10.0,-16.0,-14.0,3.0,0.18963620029612116,-1.0559635618953465,13.517889381605892,2741.0,182.73333333333332,13.4,0.0,-12.0,-16.0,6.0,1.4897503188505912,3.1733333333333333,0.13293919617798394,-11.4,-0.3571428571428574,1.1836167280501328,1.0087977150452159,0.06666666666666667,57.4,13.651861899877735,83.0,39.0,54.0,21.5,0.2942559228464026,-1.0747012746416438,59.00112993268293,52217.0,3481.133333333333,57.4,0.0,41.0,83.0,44.0,1.5641315026219946,186.37333333333333,0.23783731532888042,75.8,3.1142857142857157,1.4067527197309353,1.0278942496983088,0.06666666666666667,-232.06666666666666,81.8416900010149,-133.0,-394.0,-216.0,128.5,-0.5063155957962869,-0.9662479954615311,246.07519176056735,908295.0,60553.0,232.06666666666666,0.0,-133.0,-394.0,261.0,1.494365083453388,6698.062222222222,0.3526645647846089,-138.4,-18.57857142857143,1.6011366167434073,1.0603642276381817,0.06666666666666667,-198.33333333333334,40.770359603788414,-145.0,-274.0,-188.0,65.0,-0.33744543756069106,-1.129204774228603,202.48045173135438,614975.0,40998.333333333336,198.33333333333334,0.0,-150.0,-274.0,129.0,1.5641315026219944,1662.2222222222224,0.20556483833842898,-148.8,-9.314285714285711,1.353217052101088,1.020909840662291,0.06666666666666667,-64.26666666666667,8.38623210320874,-51.0,-79.0,-66.0,11.5,-0.09627862516393168,-1.0537968653673733,64.81152160945871,63008.0,4200.533333333334,64.26666666666667,0.0,-53.0,-79.0,28.0,1.5124035237566438,70.3288888888889,0.13049116343167128,-53.4,-1.9000000000000001,1.2189190754699177,1.0084780333421999,0.06666666666666667,-4.933333333333334,1.6110727964792764,-3.0,-8.0,-5.0,2.5,-0.29958199460708956,-1.1497701257271538,5.18973345494095,404.0,26.933333333333334,4.933333333333334,0.0,-3.0,-8.0,5.0,1.3953970923267898,2.595555555555556,0.3265688100971506,-3.0,-0.35714285714285715,1.541504986616124,1.0519729976231655,0.06666666666666667,collision
-3.2,9.703607576566563,10.0,-26.0,-1.0,10.0,-0.8712960938875278,-0.08838081062332481,10.21763181955584,1566.0,104.4,6.933333333333334,0.5714285714285714,-14.0,0.0,36.0,1.159569796739054,94.16000000000001,3.032377367677051,6.999999999999998,0.707142857142857,2.5446209512303817,1.4736968970513231,0.06666666666666667,-1.1333333333333333,11.56354424713961,29.0,-26.0,0.0,10.5,0.46419823393638177,1.6600320345608184,11.61895003862225,2025.0,135.0,7.666666666666667,0.6428571428571429,29.0,3.0,55.0,1.3792922544726758,133.71555555555557,10.203127276887892,7.1999999999999975,-0.275,2.4959226008892244,1.5155152224289892,0.26666666666666666,1.3333333333333333,9.082339395160746,15.0,-20.0,4.0,11.5,-0.7653479046368901,-0.11597347372919042,9.179687721631202,1264.0,84.26666666666667,7.866666666666666,0.42857142857142855,-20.0,-11.0,35.0,1.4368286689630319,82.48888888888888,6.81175454637056,10.2,0.18928571428571428,2.1787233516529754,1.1669094561395597,0.13333333333333333,3.2,19.117879938249775,47.0,-49.0,2.0,12.5,-0.5296782002119453,2.6134849112639538,19.383842068417017,5636.0,375.73333333333335,12.0,0.42857142857142855,-49.0,-2.0,96.0,1.4878167164014489,365.4933333333333,5.9743374807030545,16.799999999999997,0.5178571428571432,2.527878623187812,1.6153201723680848,0.26666666666666666,0.2,13.486783654130933,17.0,-38.0,5.0,4.5,-1.4861443578349807,1.8973845528786786,13.488266505868474,2729.0,181.93333333333334,9.533333333333333,0.2857142857142857,0.0,5.0,55.0,1.709472776584213,181.89333333333335,67.43391827065466,13.199999999999998,0.8035714285714285,2.8172634328856834,1.4148531299862035,0.26666666666666666,-3.466666666666667,1.54344492037203,-2.0,-9.0,-3.0,0.0,-2.9998475756242273,8.075030630429941,3.794733192202055,216.0,14.4,3.466666666666667,0.0,-9.0,-3.0,7.0,0.6277052571971504,2.382222222222222,0.44522449626116245,-3.0,0.14999999999999997,2.3717082451262845,1.0946345746736696,0.26666666666666666,collision
-2.0,1.0954451150103321,1.0,-4.0,-2.0,0.5,0.9128709291752769,1.7222222222222223,2.280350850198276,78.0,5.2,2.1333333333333333,0.14285714285714285,-2.0,-2.0,5.0,1.2868726303980165,1.2,0.5477225575051661,-1.0,0.06785714285714282,1.7541160386140584,1.068914461030442,0.4,1.4666666666666666,1.0241527663824812,3.0,-1.0,2.0,1.0,-0.6548060903993131,0.23743177247917213,1.7888543819998317,48.0,3.2,1.6,0.2857142857142857,2.0,2.0,4.0,1.0625354080615974,1.048888888888889,0.6982859770789646,2.5999999999999996,-0.03214285714285717,1.6770509831248424,1.1180339887498947,0.26666666666666666,19.4,6.096993794759294,29.0,4.0,20.0,5.0,-0.7000886500194147,0.7314263424514555,20.335519008211552,6203.0,413.53333333333336,19.4,0.0,20.0,29.0,25.0,1.5867847075280477,37.17333333333334,0.3142780306576956,26.599999999999998,0.08928571428571415,1.4260762161167218,1.0482226292892554,0.06666666666666667,5.0,1.6733200530681511,9.0,2.0,5.0,0.5,0.512240832571883,0.41836734693877586,5.272570530585627,417.0,27.8,5.0,0.0,5.0,3.0,7.0,1.414175464056979,2.8,0.3346640106136302,7.0,0.010714285714285959,1.7069472940744836,1.0545141061171255,0.2,-5.6,2.5508168626278653,2.0,-11.0,-6.0,0.0,1.1886259878301122,3.671039371136793,6.153589738247641,568.0,37.86666666666667,5.866666666666666,0.14285714285714285,-6.0,-6.0,13.0,0.9495936677167385,6.506666666666666,0.4555030111835474,-3.8000000000000007,0.11428571428571419,1.7875744838219378,1.0489073417467571,0.2,-0.6666666666666666,0.47140452079103173,0.0,-1.0,-1.0,1.0,0.707106781186547,-1.5000000000000004,0.816496580927726,10.0,0.6666666666666666,0.6666666666666666,0.35714285714285715,-1.0,0.0,1.0,0.0,0.22222222222222227,0.7071067811865477,0.0,0.014285714285714287,1.224744871391589,1.2247448713915892,0.26666666666666666,normal
-0.7333333333333333,9.080871225946451,12.0,-14.0,-3.0,17.5,-0.06800228923575091,-1.5823477024531718,9.1104335791443,1245.0,83.0,8.466666666666667,0.07142857142857142,12.0,-3.0,26.0,1.450252344663491,82.46222222222221,12.383006217199707,10.0,-1.6071428571428572,1.5366996398556647,1.0760354621036574,0.06666666666666667,1.9333333333333333,5.2213237997870054,13.0,-6.0,0.0,7.0,0.7515975760108897,-0.4674429003212559,5.5677643628300215,465.0,31.0,3.8,0.2857142857142857,-6.0,0.0,19.0,1.3217558399823197,27.262222222222213,2.7006847240277616,9.399999999999999,0.582142857142857,2.334868926348074,1.4652011481131637,0.06666666666666667,7.466666666666667,11.993702051030319,26.0,-13.0,10.0,15.0,-0.21018226455952324,-0.9584802256038607,14.127986409959489,2994.0,199.6,12.4,0.21428571428571427,25.0,-13.0,39.0,1.459481873869085,143.84888888888887,1.6062993818344176,23.4,-1.7964285714285713,1.8403188710368072,1.1393537427386684,0.06666666666666667,-0.5333333333333333,7.940333046471594,13.0,-17.0,1.0,8.5,-0.41848021940401153,-0.4793713056653277,7.958224257542215,950.0,63.333333333333336,6.266666666666667,0.21428571428571427,13.0,-1.0,30.0,1.430280301911093,63.048888888888875,14.88812446213424,8.399999999999999,-1.0392857142857144,2.136154932287647,1.2699294027992896,0.06666666666666667,-1.3333333333333333,11.423173328322077,17.0,-18.0,-2.0,20.0,-0.010336399033248822,-1.336943115250688,11.500724614852174,1984.0,132.26666666666668,10.133333333333333,0.07142857142857142,17.0,-5.0,35.0,1.5641315026219946,130.48888888888888,8.56737999624156,12.6,-1.9571428571428566,1.5651187731905678,1.1349399290972542,0.06666666666666667,-0.8666666666666667,0.49888765156985887,0.0,-2.0,-1.0,0.0,0.252943675381402,0.6007653061224469,1.0,15.0,1.0,0.8666666666666667,0.2857142857142857,-1.0,-1.0,2.0,0.24493002679463532,0.2488888888888889,0.5756395979652218,0.0,-0.01785714285714288,2.0,1.1538461538461537,0.2,collision
11.0,12.617448236470002,35.0,-12.0,11.0,16.5,-0.10295227295799021,-0.6829499255069313,16.739175606940744,4203.0,280.2,14.2,0.21428571428571427,3.0,-4.0,47.0,1.4897503188505914,159.2,1.1470407487700003,24.6,0.01071428571428553,2.090903448404447,1.1788151835873764,0.06666666666666667,-1.1333333333333333,11.729544842926439,7.0,-32.0,3.0,4.0,-2.0227691851538,2.369299736437788,11.78417017301883,2083.0,138.86666666666667,7.133333333333334,0.2857142857142857,-1.0,0.0,39.0,1.3378606778364337,137.5822222222222,10.349598390817446,6.0,-1.2285714285714284,2.7155072890297833,1.651986472853107,0.06666666666666667,-29.4,19.21388386904983,1.0,-58.0,-35.0,33.0,0.2486689622072565,-1.2930538649137069,35.121693201400944,18503.0,1233.5333333333333,29.533333333333335,0.14285714285714285,-7.0,-6.0,59.0,1.436828668963032,369.17333333333335,0.6535334649336677,-3.0000000000000018,2.710714285714284,1.651401020657127,1.189222117428926,0.06666666666666667,10.933333333333334,30.831729688026837,115.0,-8.0,-1.0,8.5,2.6255058791081693,5.838679851427802,32.712892463573645,16052.0,1070.1333333333334,14.666666666666666,0.42857142857142855,7.0,-2.0,123.0,1.4302803019110928,950.5955555555555,2.819975276343918,35.39999999999999,2.4214285714285713,3.515433559660138,2.2304244861527485,0.06666666666666667,0.7333333333333333,19.1710429786407,43.0,-28.0,-2.0,30.0,0.40048404769100526,-0.5900655953840959,19.185063634678585,5521.0,368.06666666666666,16.466666666666665,0.35714285714285715,6.0,-2.0,71.0,1.5065950881316383,367.52888888888884,26.142331334510047,19.2,1.2892857142857144,2.2413269415627037,1.1650848361140842,0.06666666666666667,5.933333333333334,8.535937102756922,31.0,-2.0,4.0,3.0,2.0067712837570695,2.8878735259758512,10.395511852076677,1621.0,108.06666666666666,6.2,0.2857142857142857,5.0,2.0,33.0,1.5821699429252507,72.86222222222223,1.4386410847343125,15.999999999999995,0.7357142857142855,2.9820561451052776,1.6766954600123671,0.06666666666666667,collision
-0.6666666666666666,1.0749676997731399,2.0,-3.0,-1.0,1.0,0.27430758611074924,1.215976331360948,1.2649110640673518,24.0,1.6,0.9333333333333333,0.7142857142857143,-1.0,-1.0,5.0,1.2634794940650305,1.1555555555555552,1.6124515496597098,0.0,-0.014285714285714282,2.3717082451262845,1.355261854357877,0.3333333333333333,0.8,1.833030277982336,5.0,-2.0,1.0,1.5,0.490990253030983,-0.07596371882086084,2.0,60.0,4.0,1.4666666666666666,0.2857142857142857,1.0,0.0,7.0,1.656551126696654,3.36,2.29128784747792,3.0,-0.14642857142857132,2.5,1.3636363636363638,0.06666666666666667,58.666666666666664,4.0276819911981905,69.0,51.0,58.0,4.0,0.7702403297485619,1.0576280728091598,58.80476171195663,51870.0,3458.0,58.666666666666664,0.0,58.0,57.0,18.0,1.4878167164014493,16.22222222222222,0.06865367030451461,62.8,-0.1642857142857125,1.1733743661437268,1.0023538928174427,0.13333333333333333,-11.2,2.6882460204874605,-8.0,-18.0,-11.0,4.0,-0.9808999432743667,0.3985035606813647,11.51810169544733,1990.0,132.66666666666666,11.2,0.0,-11.0,-9.0,10.0,1.3605138827424867,7.2266666666666675,0.24002196611495186,-8.4,0.17499999999999977,1.5627575164677283,1.0284019370935116,0.06666666666666667,-3.8,1.5577761927397231,0.0,-7.0,-4.0,1.0,0.30051291726865165,0.9692669967395249,4.10690475500305,253.0,16.866666666666667,3.8,0.14285714285714285,-4.0,-4.0,7.0,1.5802363404761086,2.4266666666666667,0.40994110335255873,-2.4000000000000004,-0.06071428571428575,1.704446637451859,1.080764409211329,0.4,0.2,1.0456258094238748,3.0,-1.0,0.0,1.5,0.9936866332865196,0.9824509220701958,1.0645812948447542,17.0,1.1333333333333333,0.7333333333333333,0.6428571428571429,-1.0,3.0,4.0,1.2519894208137132,1.0933333333333333,5.228129047119374,1.0,0.10357142857142856,2.8180093098831724,1.451701765697392,0.26666666666666666,normal
14.933333333333334,16.667199991466937,53.0,-2.0,9.0,22.5,0.8822953302931008,-0.34957667892923006,22.378561169118985,7512.0,500.8,15.6,0.2857142857142857,-2.0,53.0,55.0,1.39539709232679,277.7955555555555,1.1161071422857323,38.599999999999994,3.6285714285714286,2.3683381428979753,1.4345231518666017,0.06666666666666667,8.466666666666667,7.482126851519039,20.0,-1.0,7.0,14.5,0.298878160547234,-1.4881618726768442,11.298967504452195,1915.0,127.66666666666667,8.6,0.14285714285714285,1.0,19.0,21.0,1.4368286689630319,55.98222222222221,0.8837157698644534,19.0,1.639285714285714,1.770073238295383,1.3138334307502553,0.06666666666666667,-78.93333333333334,102.26988260914788,17.0,-313.0,-37.0,142.5,-0.9518321533346068,-0.2968242428134511,129.188234758433,250344.0,16689.6,86.8,0.07142857142857142,13.0,-313.0,330.0,1.3217558399823195,10459.128888888888,1.2956488506226504,13.0,-21.98214285714285,2.422821246727875,1.4883437184151267,0.06666666666666667,-124.8,97.57404026344985,-25.0,-337.0,-88.0,143.0,-0.817524105427557,-0.5941224710654476,158.41632912466233,376436.0,25095.733333333334,124.8,0.0,-29.0,-337.0,312.0,1.39539709232679,9520.69333333333,0.7818432713417456,-30.6,-21.335714285714282,2.12730595300441,1.26936161157582,0.06666666666666667,-26.8,3.350621832834417,-19.0,-31.0,-27.0,4.5,0.5810244922572426,-0.24618175252904217,27.008640592718965,10942.0,729.4666666666667,26.8,0.0,-25.0,-31.0,12.0,1.489750318850591,11.226666666666667,0.12502320271770212,-23.0,-0.5035714285714293,1.14778083308484,1.007785096743245,0.06666666666666667,-14.666666666666666,17.76388345929897,3.0,-53.0,-7.0,27.5,-0.7776764592192111,-0.6846385637770274,23.03620339089466,7960.0,530.6666666666666,15.866666666666667,0.21428571428571427,3.0,-53.0,56.0,1.3217558399823197,315.55555555555554,1.21117387222493,2.0,-3.878571428571428,2.3007263436886,1.4518615582496635,0.06666666666666667,obstruction
-2.933333333333333,1.1234866364235145,-2.0,-6.0,-3.0,1.5,-1.2594929288015053,1.0856476889506057,3.141125063837266,148.0,9.866666666666667,2.933333333333333,0.0,-2.0,-2.0,4.0,0.7298712099831165,1.2622222222222221,0.3830068078716527,-2.0,-0.12500000000000008,1.91014361990104,1.0708380899445225,0.06666666666666667,1.3333333333333333,0.8692269873603531,3.0,0.0,1.0,1.0,-0.09023117515851393,-0.8460207612456738,1.591644851508443,38.0,2.533333333333333,1.3333333333333333,0.14285714285714285,2.0,1.0,3.0,1.0437570363314084,0.7555555555555554,0.6519202405202649,2.0,-0.08571428571428565,1.8848425873126298,1.1937336386313322,0.13333333333333333,19.866666666666667,5.607930891950158,32.0,9.0,20.0,2.0,0.31780209259719633,0.5408381295734177,20.642997198404434,6392.0,426.1333333333333,19.866666666666667,0.0,20.0,30.0,23.0,1.5802363404761077,31.44888888888889,0.282278400601518,27.199999999999996,0.39642857142857163,1.5501624929965785,1.0390770401881426,0.26666666666666666,4.333333333333333,2.022100118413747,7.0,-2.0,5.0,1.0,-1.7649178431925272,3.849598298676745,4.781910357447813,343.0,22.866666666666667,4.6,0.14285714285714285,5.0,5.0,9.0,1.39539709232679,4.0888888888888895,0.4666384888647108,6.199999999999999,-0.06428571428571425,1.4638501094227998,1.0395457298799593,0.26666666666666666,-7.2,1.8330302779823362,-5.0,-11.0,-6.0,2.5,-0.8728715609439689,-0.7420634920634925,7.429670248402684,828.0,55.2,7.2,0.0,-6.0,-5.0,6.0,1.1699929969668565,3.3600000000000003,0.2545875386086578,-6.0,-0.23928571428571435,1.4805502306599552,1.0318986456114838,0.06666666666666667,-0.6666666666666666,0.4714045207910317,0.0,-1.0,-1.0,1.0,0.7071067811865472,-1.5,0.816496580927726,10.0,0.6666666666666666,0.6666666666666666,0.5714285714285714,-1.0,-1.0,1.0,0.0,0.22222222222222224,0.7071067811865476,0.0,-0.0035714285714285765,1.224744871391589,1.2247448713915892,0.3333333333333333,normal
-31.8,27.78776709273345,-7.0,-119.0,-21.0,30.5,-1.9566706570628625,3.6521889113722823,42.230320860727545,26751.0,1783.4,31.8,0.0,-25.0,-7.0,112.0,0.9532710147058912,772.1600000000001,0.8738291538595424,-9.400000000000002,2.717857142857141,2.817880555358628,1.3279975113436335,0.06666666666666667,-33.8,57.82755975023212,7.0,-173.0,-2.0,42.0,-1.4717632832222156,0.6824337209567561,66.98109185932002,67297.0,4486.466666666666,37.93333333333333,0.2857142857142857,-13.0,-2.0,180.0,0.9881542242901943,3344.026666666666,1.7108745488234356,7.0,4.878571428571426,2.58281845215887,1.76575813337399,0.06666666666666667,-734.5333333333333,1177.2066862799509,14.0,-3557.0,2.0,957.0,-1.4114045269084923,0.447330436220406,1387.5715477048382,28880322.0,1925354.8,744.0,0.07142857142857142,-199.0,9.0,3571.0,0.8571740436420789,1385815.5822222226,1.6026593115083738,11.999999999999998,97.37857142857138,2.563471415858578,1.8650155211086534,0.06666666666666667,79.73333333333333,122.95336062462421,307.0,-17.0,-2.0,190.0,0.8977300306813228,-0.9868160365522707,146.54328143362062,322124.0,21474.933333333334,90.4,0.07142857142857142,18.0,-2.0,324.0,0.953271014705891,15117.52888888889,1.5420571984693672,278.4,-13.774999999999993,2.0949442171394335,1.62105399815952,0.06666666666666667,-76.6,88.59104544666653,-14.0,-358.0,-35.0,72.5,-2.13941482568843,4.001836028037466,117.11504315557985,205739.0,13715.933333333332,76.6,0.0,-34.0,-14.0,344.0,0.9532710147058909,7848.373333333333,1.1565410632724091,-17.6,6.8857142857142835,3.0568233623448346,1.528917012474933,0.06666666666666667,-32.6,53.83282765500374,2.0,-162.0,2.0,58.5,-1.2945085691633285,0.1513173562385104,62.93435733630187,59411.0,3960.733333333333,34.733333333333334,0.07142857142857142,-10.0,2.0,164.0,0.8571740436420792,2897.973333333335,1.6513137317485809,2.0,5.028571428571428,2.5741106584170197,1.8119296737898811,0.06666666666666667,obstruction
-13.133333333333333,18.79669001594577,1.0,-62.0,-2.0,18.0,-1.3843967953406109,0.7438334670596456,22.93032926061028,7887.0,525.8,13.266666666666667,0.35714285714285715,1.0,0.0,63.0,1.1699929969668568,353.3155555555555,1.4312200519755665,0.0,-1.3142857142857143,2.7038425526014405,1.7284167784379605,0.06666666666666667,8.933333333333334,10.667499967450459,30.0,-1.0,1.0,16.0,0.6734354191270674,-1.0497700291468963,13.914021704740868,2904.0,193.6,9.2,0.5,0.0,-1.0,31.0,1.2868726303980165,113.79555555555554,1.1941231306847528,24.6,1.1357142857142855,2.1560984046602587,1.5123936635587902,0.06666666666666667,-7.866666666666666,15.287758356134347,11.0,-48.0,-5.0,21.0,-1.042084766748553,0.7070160507830261,17.193021840269964,4434.0,295.6,12.266666666666667,0.5,11.0,-5.0,59.0,1.4019454593787288,233.71555555555554,1.9433591130679255,8.799999999999999,-1.2678571428571428,2.7918303394213746,1.4016050413263557,0.06666666666666667,-17.0,15.620499351813308,-1.0,-46.0,-10.0,27.0,-0.5792094593029941,-1.2361999462510076,23.08679276123039,7995.0,533.0,17.0,0.0,-1.0,-10.0,45.0,1.2868726303980165,244.0,0.9188529030478416,-1.8000000000000007,-2.2249999999999996,1.992481176391366,1.3580466330135526,0.06666666666666667,-12.066666666666666,26.624466609158993,13.0,-87.0,1.0,22.5,-1.5604393222260597,1.6306272656866154,29.231261804216846,12817.0,854.4666666666667,17.933333333333334,0.42857142857142855,9.0,13.0,100.0,1.2048762065511593,708.8622222222223,2.2064475090463254,9.0,-1.2035714285714285,2.9762656358354516,1.6299960113875565,0.06666666666666667,1.6,1.019803902718557,4.0,0.0,2.0,1.0,0.4827474095709143,0.13905325443787042,1.8973665961010275,54.0,3.6,1.6,0.2857142857142857,1.0,1.0,4.0,1.2700278611169693,1.04,0.6373774391990981,2.5999999999999996,-0.0035714285714285466,2.1081851067789197,1.185854122563142,0.26666666666666666,collision
-0.7333333333333333,6.637938100210203,16.0,-9.0,-1.0,5.0,1.1836542641497085,0.9990383100596092,6.6783231428256,669.0,44.6,4.466666666666667,0.42857142857142855,16.0,0.0,25.0,1.3378606778364337,44.06222222222224,9.051733773013913,7.199999999999996,-0.3142857142857143,2.3958109929419193,1.495146972274388,0.06666666666666667,2.6666666666666665,4.671426144361294,16.0,-2.0,1.0,6.0,1.4746380185549899,1.7773258780243983,5.378971401051816,434.0,28.933333333333334,3.466666666666667,0.5,16.0,1.0,18.0,1.0775733728921972,21.822222222222226,1.7517848041354853,7.199999999999999,-0.6607142857142856,2.9745463968950134,1.5516263656880238,0.2,16.0,10.340857475728662,31.0,-8.0,16.0,14.0,-0.647867090578068,-0.20957892052910143,19.05080925665189,5444.0,362.93333333333334,17.066666666666666,0.14285714285714285,31.0,5.0,39.0,1.4897503188505912,106.93333333333334,0.6463035922330413,27.0,-0.9928571428571427,1.6272274622232052,1.1162583548819467,0.3333333333333333,-6.533333333333333,9.797051710704718,5.0,-29.0,-7.0,11.0,-1.0132582285190035,0.207233175962525,11.775681155103795,2080.0,138.66666666666666,8.266666666666667,0.42857142857142855,-26.0,-7.0,34.0,1.2454410537617744,95.98222222222223,1.499548731230314,3.0,1.0678571428571424,2.462702549264496,1.4244775590851364,0.06666666666666667,-0.13333333333333333,24.96895850629114,69.0,-21.0,-9.0,11.5,1.9871720975672331,2.4618107590634315,24.96931450133677,9352.0,623.4666666666667,16.533333333333335,0.07142857142857142,69.0,-9.0,90.0,1.4019454593787286,623.4488888888887,187.26718879718356,31.99999999999998,-2.7749999999999995,2.763391842267275,1.5102407964518205,0.13333333333333333,-6.4,12.147976511885975,17.0,-28.0,-3.0,8.0,-0.38826420996591676,-0.2631524881048777,13.730744092485788,2828.0,188.53333333333333,9.733333333333333,0.2857142857142857,-27.0,-3.0,45.0,1.5519014979437447,147.57333333333335,1.8981213299821835,4.399999999999997,1.0785714285714283,2.039219419676107,1.4106928862142933,0.26666666666666666,collision
-23.666666666666668,8.211103593441154,-13.0,-41.0,-22.0,13.0,-0.5663290834440883,-0.794732647659639,25.050615428235158,9413.0,627.5333333333333,23.666666666666668,0.0,-13.0,-41.0,28.0,1.459481873869085,67.42222222222223,0.34694803915948536,-14.8,-1.8535714285714286,1.6366863368070352,1.0584767082352884,0.06666666666666667,22.0,5.11207720338155,32.0,15.0,20.0,7.0,0.6706806826593871,-0.8626093294460642,22.586131437971694,7652.0,510.1333333333333,22.0,0.0,15.0,32.0,17.0,1.4897503188505912,26.133333333333333,0.23236714560825228,29.6,1.0928571428571432,1.416798626532464,1.0266423380896226,0.06666666666666667,-38.4,30.955451862313364,0.0,-101.0,-28.0,50.5,-0.5220030798049986,-0.9641392561377833,49.32342242788917,36492.0,2432.8,38.4,0.14285714285714285,-2.0,-101.0,101.0,1.4943650834533884,958.24,0.8061315589144106,-4.8000000000000025,-6.99642857142857,2.0477086752782,1.2844641257262805,0.06666666666666667,-136.66666666666666,35.83232556722429,-88.0,-206.0,-126.0,57.0,-0.48267447312609973,-1.029085485725123,141.28599836265917,299426.0,19961.733333333334,136.66666666666666,0.0,-88.0,-206.0,118.0,1.5472867333409472,1283.9555555555555,0.26218774805286066,-98.2,-8.114285714285714,1.4580354910415827,1.0337999880194575,0.06666666666666667,-90.93333333333334,30.564612799045165,-51.0,-152.0,-85.0,48.5,-0.48623312800331725,-0.9473544415299857,95.93261523937866,138046.0,9203.066666666668,90.93333333333334,0.0,-51.0,-152.0,101.0,1.4943650834533881,934.1955555555555,0.3361211084938984,-56.800000000000004,-6.935714285714284,1.5844454945871909,1.0549774403157477,0.06666666666666667,6.866666666666666,4.978174587358525,18.0,-2.0,6.0,4.5,0.6855943017242151,0.041668382018448025,8.4813520934656,1079.0,71.93333333333334,7.133333333333334,0.14285714285714285,3.0,18.0,20.0,1.6170531525095537,24.78222222222222,0.7249768816541541,14.2,0.7964285714285713,2.122303118846814,1.1889745925419066,0.06666666666666667,collision
-3.066666666666667,1.9482185594936607,0.0,-6.0,-3.0,3.0,0.09368233369546668,-1.175548047759818,3.63318042491699,198.0,13.2,3.066666666666667,0.2857142857142857,-3.0,-6.0,6.0,1.5641315026219946,3.7955555555555547,0.6352886607044546,-0.40000000000000036,0.021428571428571255,1.651445647689541,1.18473274725554,0.13333333333333333,-2.533333333333333,7.031990393116937,9.0,-11.0,-4.0,12.0,0.2666958933660146,-1.3402952806137494,7.474400756359446,838.0,55.86666666666667,6.533333333333333,0.7142857142857143,0.0,8.0,20.0,1.4943650834533881,49.448888888888895,2.775785681493528,7.6,0.05357142857142867,1.4716898863953565,1.1440409320958336,0.3333333333333333,78.33333333333333,6.394442031083626,89.0,67.0,76.0,8.5,0.025271040399310805,-0.7978851606805288,78.59389289251423,92655.0,6177.0,78.33333333333333,0.0,75.0,76.0,22.0,1.5472867333409475,40.88888888888889,0.08163117486489736,87.2,0.03214285714285786,1.13240350776004,1.0033262922448627,0.3333333333333333,-4.6,13.350655414622908,14.0,-27.0,-5.0,24.5,-0.2208553544915327,-1.2518027858268679,14.120906486483083,2991.0,199.4,11.8,0.7142857142857143,-7.0,-25.0,41.0,1.5867847075280477,178.23999999999998,2.902316394483241,11.0,-0.2571428571428571,1.9120585513292037,1.1966869903799222,0.3333333333333333,-17.2,4.308131845707603,-7.0,-23.0,-19.0,6.5,0.767193886390966,-0.28043252080856185,17.7313282074412,4716.0,314.4,17.2,0.0,-19.0,-21.0,16.0,1.3953970923267898,18.56,0.25047278172718623,-12.4,0.07857142857142853,1.2971391500354568,1.0308911748512326,0.13333333333333333,-5.866666666666666,3.2836294282732674,1.0,-12.0,-5.0,3.5,-0.08422372268481491,-0.18518570120751576,6.723094525588644,678.0,45.2,6.0,0.14285714285714285,-4.0,-6.0,13.0,1.4897503188505912,10.782222222222224,0.5597095616374888,-2.8000000000000007,0.17857142857142835,1.7848923519261888,1.1205157542647741,0.2,normal
-1.3333333333333333,0.9428090415820634,0.0,-4.0,-1.0,1.0,-1.202081528017131,1.8750000000000018,1.632993161855452,40.0,2.6666666666666665,1.3333333333333333,0.14285714285714285,-2.0,-4.0,4.0,0.8033149761408755,0.888888888888889,0.7071067811865476,-0.40000000000000036,-0.05000000000000001,2.449489742783178,1.2247448713915892,0.13333333333333333,-1.4,3.241398874971525,2.0,-11.0,0.0,2.0,-1.7772924369372363,2.577585096240563,3.5308167138307627,187.0,12.466666666666667,2.066666666666667,0.5,0.0,-6.0,13.0,1.5990147122062977,10.506666666666666,2.3152849106939466,1.0,-0.4571428571428571,3.1154265122036144,1.7084597002406914,0.06666666666666667,-8.066666666666666,18.99286415706933,15.0,-73.0,-6.0,10.0,-2.46224551254358,6.328149739340015,20.63492185592182,6387.0,425.8,11.666666666666666,0.35714285714285715,-7.0,-11.0,88.0,1.4368286689630319,360.7288888888889,2.3544872921986775,6.9999999999999964,-1.8035714285714282,3.53769209836142,1.768707587650442,0.06666666666666667,0.5333333333333333,5.123366948490894,14.0,-5.0,0.0,6.0,1.1896208179912748,0.8182009743115106,5.1510516725551625,398.0,26.533333333333335,3.7333333333333334,0.35714285714285715,0.0,14.0,19.0,1.3624474851916286,26.24888888888889,9.606313028420425,6.799999999999999,0.4178571428571428,2.717891586021568,1.3797459837201327,0.06666666666666667,3.2666666666666666,14.387340113987559,54.0,-8.0,0.0,9.5,2.828450197041978,7.369866488812622,14.753530650887152,3265.0,217.66666666666666,7.8,0.2857142857142857,-6.0,-8.0,62.0,1.2105578441774711,206.99555555555557,4.404287789996191,6.6,0.7249999999999999,3.6601408352890026,1.891478288575276,0.13333333333333333,1.0666666666666667,2.768071932270226,3.0,-9.0,2.0,1.0,-3.1432054256726527,8.698927654351559,2.9664793948382653,132.0,8.8,2.2666666666666666,0.14285714285714285,2.0,1.0,12.0,0.8532361505557784,7.662222222222222,2.595067436503337,2.5999999999999996,-0.2357142857142856,3.033899381084589,1.30874090948747,0.06666666666666667,collision
13.133333333333333,16.284416545342427,42.0,-2.0,-1.0,27.5,0.37636196187837967,-1.523394048813875,20.92048437935094,6565.0,437.6666666666667,14.733333333333333,0.07142857142857142,30.0,-1.0,44.0,1.1369165918330009,265.1822222222222,1.2399301938077991,34.199999999999996,-3.3749999999999996,2.007601699770159,1.4199423786889778,0.06666666666666667,-9.4,11.15227928870746,1.0,-31.0,-1.0,16.0,-0.6969400408325106,-0.9012099354495149,14.585380808649917,3191.0,212.73333333333332,9.666666666666666,0.42857142857142855,-30.0,-1.0,32.0,1.1369165918330006,124.37333333333338,1.1864126902880276,0.5999999999999996,2.307142857142857,2.1254158809220343,1.5088324974465432,0.06666666666666667,9.666666666666666,10.208928554075705,34.0,-1.0,9.0,13.0,0.9600832655641437,-0.05107041702847415,14.059397805975427,2965.0,197.66666666666666,9.933333333333334,0.21428571428571427,34.0,-1.0,35.0,1.39539709232679,104.22222222222224,1.0560960573181764,23.599999999999998,-2.0357142857142856,2.4183112583633957,1.4153756180512176,0.06666666666666667,12.866666666666667,16.53225802954804,47.0,-2.0,1.0,24.0,0.7962767988531476,-0.7001565369326901,20.949144771724374,6583.0,438.8666666666667,13.933333333333334,0.2857142857142857,43.0,1.0,49.0,1.2868726303980165,273.3155555555556,1.2848905204311947,37.39999999999999,-3.3499999999999996,2.2435283402803714,1.5035271367266296,0.06666666666666667,22.4,22.520509171271716,63.0,0.0,5.0,40.0,0.35242495921840783,-1.5346641882059378,31.763710950286228,15134.0,1008.9333333333333,22.4,0.14285714285714285,45.0,2.0,63.0,1.1369165918330009,507.1733333333334,1.0053798737174873,49.8,-4.667857142857142,1.9833954571177803,1.4180228102806354,0.06666666666666667,-2.2666666666666666,1.339983416149452,0.0,-4.0,-2.0,2.5,-0.004679630349997744,-1.4232428193314384,2.6331223544175333,104.0,6.933333333333334,2.2666666666666666,0.07142857142857142,0.0,-3.0,4.0,1.3095258353040693,1.7955555555555556,0.5911691541835817,-1.0,-0.2464285714285714,1.5191090506254998,1.1616716269489118,0.06666666666666667,collision
17.933333333333334,85.36390077518456,142.0,-119.0,23.0,123.0,-0.3273091501435636,-1.0053351539506648,87.22728930787659,114129.0,7608.6,71.8,0.42857142857142855,112.0,23.0,261.0,1.235144651532666,7286.995555555554,4.760068816460105,116.2,-10.128571428571426,1.6279309047286588,1.214864753591596,0.06666666666666667,80.93333333333334,153.88067527218038,438.0,-59.0,7.0,180.5,1.1714776352524698,-0.06578597933621033,173.8662321057964,453442.0,30229.466666666667,106.8,0.2857142857142857,115.0,7.0,497.0,1.0805738483648537,23679.262222222227,1.901326300727105,322.79999999999995,-21.599999999999994,2.519178075553395,1.6279609747733745,0.06666666666666667,-961.0666666666667,1251.5014165215937,126.0,-3235.0,-207.0,1990.5,-0.7926190274462963,-1.0970707614129556,1577.9432604923832,37348574.0,2489904.933333333,1011.4666666666667,0.42857142857142855,-1744.0,-75.0,3361.0,1.1699929969668563,1566255.7955555555,1.302200419521636,126.0,224.6428571428571,2.050137087306008,1.5600546340222612,0.06666666666666667,261.8666666666667,278.7289882464486,747.0,-6.0,129.0,551.0,0.43813821313515755,-1.541004572100555,382.44476725404417,2193960.0,146264.0,265.06666666666666,0.21428571428571427,476.0,-6.0,753.0,0.9502705392332345,77689.84888888888,1.0643927758902059,614.0,-53.18928571428572,1.953223220606376,1.4428248261596235,0.06666666666666667,-87.13333333333334,111.30550550424519,85.0,-250.0,-13.0,157.5,-0.10289140349441342,-1.5419470347307598,141.35463675922816,299717.0,19981.133333333335,108.33333333333333,0.42857142857142855,-13.0,-13.0,335.0,1.3624474851916288,12388.915555555555,1.2774159009668538,37.0,9.924999999999994,1.7686013400878347,1.3048120316236447,0.4666666666666667,68.13333333333334,88.52484899105386,244.0,-6.0,5.0,147.5,0.6537652069539147,-1.2063840925329778,111.70854935948277,187182.0,12478.8,71.06666666666666,0.35714285714285715,149.0,-1.0,250.0,1.0775733728921972,7836.648888888889,1.2992883902796553,185.0,-15.528571428571428,2.18425538062264,1.5718839028069809,0.06666666666666667,obstruction
-4.066666666666666,1.9136933459209766,0.0,-7.0,-4.0,2.5,0.5516366729658386,-0.5096733905174853,4.494441010848846,303.0,20.2,4.066666666666666,0.14285714285714285,-1.0,-3.0,7.0,1.4897503188505912,3.6622222222222223,0.4705803309641746,-1.4000000000000004,-0.1178571428571429,1.5574795582149468,1.1051904125038148,0.06666666666666667,4.666666666666667,2.2110831935702664,9.0,2.0,4.0,3.5,0.4618605596486649,-1.0090909090909088,5.163977794943222,400.0,26.666666666666668,4.666666666666667,0.0,3.0,6.0,7.0,1.494365083453388,4.888888888888888,0.4738035414793428,7.6,0.35714285714285715,1.7428425057933377,1.1065666703449761,0.06666666666666667,18.733333333333334,14.75789807376225,46.0,-12.0,22.0,17.5,-0.12046876483151857,-0.43454924853885224,23.84813060458478,8531.0,568.7333333333333,20.333333333333332,0.07142857142857142,46.0,-12.0,58.0,1.4897503188505912,217.79555555555555,0.7877881534036788,37.0,-3.2535714285714272,1.928872361641484,1.1728588821926942,0.06666666666666667,5.933333333333334,6.747509828735997,24.0,-3.0,5.0,5.0,1.3770517059542438,1.4249213375595629,8.985172971809353,1211.0,80.73333333333333,6.333333333333333,0.14285714285714285,-3.0,18.0,27.0,1.5519014979437442,45.528888888888886,1.1372207576521343,14.399999999999997,1.0000000000000002,2.6710671097038543,1.418711521864635,0.2,-0.4666666666666667,6.259570450296268,15.0,-6.0,-2.0,3.0,1.6589889771452095,1.5322249123850051,6.276941930590086,591.0,39.4,4.6,0.35714285714285715,-2.0,15.0,21.0,1.3378606778364337,39.18222222222222,13.41336525063486,9.199999999999996,0.8071428571428568,2.389698704539373,1.3645525936065406,0.06666666666666667,0.6,0.7118052168020874,2.0,-1.0,1.0,1.0,-0.35491672859937895,-0.07894736842105177,0.9309493362512627,13.0,0.8666666666666667,0.7333333333333333,0.6428571428571429,1.0,1.0,3.0,0.8532361505557784,0.5066666666666667,1.186342028003479,1.0,-0.0357142857142857,2.1483446221182985,1.2694763676153584,0.3333333333333333,collision
4.466666666666667,26.19635258750517,95.0,-29.0,-3.0,11.5,2.5877873297710026,6.70618001834946,26.574423794317724,10593.0,706.2,13.666666666666666,0.35714285714285715,95.0,-3.0,124.0,1.4878167164014495,686.2488888888888,5.864855056904142,13.799999999999997,-2.2999999999999994,3.5748658460212175,1.9444700337305652,0.26666666666666666,3.0,5.059644256269407,13.0,-6.0,3.0,5.0,0.2779345599757364,-0.46337890625000044,5.882176467941097,519.0,34.6,4.466666666666667,0.5714285714285714,-4.0,3.0,19.0,1.5246335284348944,25.6,1.6865480854231356,10.2,-0.19999999999999996,2.210066302983649,1.3169051793897977,0.4666666666666667,60.666666666666664,9.162726425881957,74.0,38.0,61.0,8.0,-1.175595558559149,0.8164945082014756,61.35470642094215,56466.0,3764.4,60.666666666666664,0.0,38.0,64.0,36.0,1.4897503188505914,83.95555555555555,0.1510339520749773,68.0,1.1107142857142855,1.2061014438289552,1.0113413146309147,0.13333333333333333,2.533333333333333,33.444215576920854,125.0,-18.0,-5.0,8.5,3.2203795473983203,9.01593487410773,33.540025839783326,16874.0,1124.9333333333334,15.066666666666666,0.42857142857142855,125.0,-7.0,143.0,1.4153691350791877,1118.5155555555555,13.20166404352139,3.9999999999999982,-2.6535714285714285,3.726890390517586,2.2261079097201324,0.4666666666666667,5.866666666666666,33.739920305510836,111.0,-45.0,-5.0,16.0,1.8779911458459795,3.8115836385045254,34.246167668806386,17592.0,1172.8,20.133333333333333,0.35714285714285715,111.0,-6.0,156.0,1.5292482930376914,1138.3822222222225,5.751122779348439,34.39999999999999,-3.3428571428571425,3.2412385839337565,1.7009685928215093,0.26666666666666666,0.7333333333333333,2.7920522121829228,6.0,-4.0,0.0,1.0,0.3302799535512675,-0.0741897653059489,2.886751345948129,125.0,8.333333333333334,1.9333333333333333,0.5714285714285714,-4.0,1.0,10.0,1.6170531525095537,7.795555555555554,3.807343925703986,5.199999999999999,0.014285714285714254,2.0784609690826525,1.4931472479042047,0.2,collision
4.933333333333334,2.14372469210847,9.0,1.0,5.0,3.5,0.16776358640714314,-0.7973448215227701,5.378971401051816,434.0,28.933333333333334,4.933333333333334,0.0,3.0,6.0,8.0,1.436828668963032,4.5955555555555545,0.43453878894090603,7.6,0.33571428571428563,1.673182348253445,1.0903320407537465,0.06666666666666667,-4.8,5.635601121442148,2.0,-12.0,-1.0,11.5,-0.13668055305669488,-1.8637355734761338,7.402702209328699,822.0,54.8,5.466666666666667,0.42857142857142855,0.0,-11.0,14.0,1.1822230016451067,31.76,1.1740835669671144,1.0,-1.1678571428571427,1.6210296808748976,1.354152843169884,0.06666666666666667,-80.8,75.61058127008414,-3.0,-191.0,-24.0,144.0,-0.2337596820572019,-1.789335963974199,110.65983914681966,183684.0,12245.6,80.8,0.0,-9.0,-136.0,188.0,1.009613758174038,5716.959999999998,0.9357745206693582,-5.4,-14.046428571428569,1.7260100997127583,1.3695524646883621,0.06666666666666667,5.133333333333334,8.732060976017568,18.0,-7.0,1.0,17.5,0.3472934106852339,-1.496977905654316,10.12916580968048,1539.0,102.6,7.666666666666667,0.21428571428571427,-2.0,17.0,25.0,1.3229495110045284,76.24888888888889,1.7010508394839416,17.0,1.7714285714285711,1.777046633277277,1.321195540393106,0.06666666666666667,5.4,6.488964991943373,18.0,-4.0,4.0,9.0,0.3316196456182713,-0.8318624232474909,8.441958698469607,1069.0,71.26666666666667,6.6,0.2857142857142857,2.0,10.0,22.0,1.5472867333409475,42.10666666666666,1.201660183693217,13.599999999999998,0.982142857142857,2.1322065936265613,1.2790846512832739,0.06666666666666667,1.4666666666666666,0.9568466729604882,3.0,0.0,1.0,1.0,0.323338233816887,-0.8993778866999711,1.7511900715418263,46.0,3.066666666666667,1.4666666666666666,0.2857142857142857,1.0,3.0,3.0,0.9908353864438492,0.9155555555555555,0.6523954588366966,3.0,0.1714285714285714,1.7131207221604823,1.1939932305966998,0.06666666666666667,collision
-1.0,1.2649110640673518,1.0,-3.0,-1.0,1.5,0.1976423537605237,-0.8125000000000004,1.61245154965971,39.0,2.6,1.4,0.5,-1.0,1.0,4.0,1.3095258353040693,1.6,1.2649110640673518,1.0,0.04285714285714286,1.8605210188381267,1.151751106899793,0.3333333333333333,2.0,1.3662601021279464,3.0,-2.0,2.0,1.0,-1.7252519146768712,2.3571428571428568,2.422120283277993,88.0,5.866666666666666,2.2666666666666666,0.21428571428571427,2.0,-2.0,5.0,0.7201248812718097,1.8666666666666667,0.6831300510639732,3.0,-0.1285714285714284,1.2385842357671557,1.0685824779167616,0.4,59.333333333333336,3.0477678535099897,64.0,52.0,60.0,4.0,-0.5578375950370291,0.0718733545477459,59.411558920241546,52946.0,3529.733333333333,59.333333333333336,0.0,57.0,59.0,12.0,1.4322139043602353,9.28888888888889,0.05136687393556162,63.0,-0.07857142857142824,1.0772314539990158,1.001318408768116,0.13333333333333333,-10.133333333333333,1.7074997966487597,-7.0,-13.0,-10.0,2.5,0.12760539081142125,-1.051773497917907,10.276186062932103,1584.0,105.6,10.133333333333333,0.0,-10.0,-7.0,6.0,1.5867847075280472,2.9155555555555557,0.16850326940612761,-8.0,0.10357142857142834,1.2650607842624748,1.014097308841984,0.4,-3.2666666666666666,2.0805982045769644,0.0,-6.0,-4.0,3.5,0.4458255537469118,-1.1839721886081231,3.872983346207417,225.0,15.0,3.2666666666666666,0.35714285714285715,-3.0,0.0,6.0,1.432213904360235,4.328888888888889,0.6369178177276422,0.0,0.03571428571428562,1.5491933384829668,1.185607146798189,0.4666666666666667,-0.2,0.5416025603090641,1.0,-1.0,0.0,0.5,-0.10071121989218156,-0.11157024793388493,0.5773502691896257,5.0,0.3333333333333333,0.3333333333333333,0.5714285714285714,0.0,-1.0,2.0,0.5799151714181009,0.29333333333333333,2.70801280154532,0.0,-0.02142857142857144,1.7320508075688774,1.7320508075688772,0.4666666666666667,normal
-0.9333333333333333,0.24944382578492943,0.0,-1.0,-1.0,0.0,3.474396144861516,10.071428571428573,0.9660917830792959,14.0,0.9333333333333333,0.9333333333333333,0.14285714285714285,-1.0,-1.0,1.0,0.0,0.06222222222222223,0.2672612419124244,-1.0,0.010714285714285704,1.0350983390135313,1.0350983390135313,0.06666666666666667,-0.9333333333333333,0.24944382578492943,0.0,-1.0,-1.0,0.0,3.474396144861516,10.071428571428573,0.9660917830792959,14.0,0.9333333333333333,0.9333333333333333,0.14285714285714285,-1.0,-1.0,1.0,0.0,0.06222222222222223,0.2672612419124244,-1.0,0.010714285714285704,1.0350983390135313,1.0350983390135313,0.06666666666666667,63.06666666666667,0.6798692684790382,64.0,61.0,63.0,0.0,-1.355841357349575,3.402736686390555,63.07033111270835,59668.0,3977.866666666667,63.06666666666667,0.0,63.0,64.0,3.0,0.24493002679463532,0.4622222222222224,0.010780168104847328,64.0,0.07500000000000094,1.0147401935409266,1.0000581043241281,0.2,-2.533333333333333,0.498887651569859,-2.0,-3.0,-3.0,1.0,0.13363062095621148,-1.982142857142858,2.581988897471611,100.0,6.666666666666667,2.533333333333333,0.0,-3.0,-3.0,1.0,0.0,0.248888888888889,0.19692933614599697,-2.0,0.003571428571428479,1.161895003862225,1.019206143738794,0.4,-0.6666666666666666,0.5962847939999438,0.0,-2.0,-1.0,1.0,-0.27950849718747406,-0.6562499999999978,0.8944271909999159,12.0,0.8,0.6666666666666666,0.7142857142857143,-1.0,-1.0,2.0,0.24493002679463532,0.35555555555555546,0.8944271909999157,0.0,0.010714285714285697,2.23606797749979,1.3416407864998738,0.4666666666666667,0.0,0.0,0.0,0.0,0.0,0.0,-0.013294532551601632,0.21989307554852933,0.0,0.0,0.0,0.0,0.0,0.0,0.0,0.0,0.0,0.0,0.0,0.0,0.0,0.0,0.0,0.0,normal
-2.3333333333333335,34.64229912821735,44.0,-121.0,6.0,17.5,-2.492255026734512,6.411176523032662,34.720791081617556,18083.0,1205.5333333333333,19.266666666666666,0.35714285714285715,12.0,-5.0,165.0,1.2868726303980162,1200.0888888888887,14.846699626378864,15.6,-0.8714285714285717,3.4849436383971617,1.8021171841670012,0.26666666666666666,10.0,41.14203041497426,143.0,-61.0,3.0,20.5,1.8885652563211126,4.897957627067375,42.339894504670966,26890.0,1792.6666666666667,23.733333333333334,0.42857142857142855,8.0,3.0,204.0,1.6350915928128098,1692.6666666666667,4.114203041497426,27.999999999999993,-1.8642857142857134,3.377429293883199,1.783984319017035,0.26666666666666666,75.73333333333333,15.571198483810495,107.0,52.0,70.0,24.5,0.35559472781273455,-0.9576232247352534,77.31752712031083,89670.0,5978.0,75.73333333333333,0.0,94.0,70.0,55.0,1.432213904360235,242.46222222222227,0.205605613782709,94.6,-2.349999999999997,1.383903546649926,1.0209180517646677,0.06666666666666667,-13.733333333333333,67.72342447205563,88.0,-237.0,0.0,38.0,-2.1394035508200933,5.251034595719407,69.10185718681277,71626.0,4775.066666666667,38.93333333333333,0.42857142857142855,-9.0,0.0,325.0,1.2634794940650307,4586.462222222222,4.931317315926381,25.4,3.1642857142857133,3.429719686972878,1.7748764688393692,0.26666666666666666,4.933333333333334,43.23342328440913,57.0,-126.0,14.0,36.5,-1.668142246333598,2.970052929512229,43.51398242710803,28402.0,1893.4666666666667,31.733333333333334,0.35714285714285715,35.0,-7.0,183.0,1.4322139043602349,1869.1288888888892,8.763531746839687,45.8,-2.975,2.8956209699047313,1.3712389420307154,0.26666666666666666,-5.133333333333334,31.195868672345416,20.0,-119.0,2.0,5.5,-3.17571781508307,8.878725984394661,31.615397092766894,14993.0,999.5333333333333,12.866666666666667,0.5,-1.0,2.0,139.0,1.7140875411870102,973.1822222222221,6.077117273833522,12.399999999999997,-0.5749999999999996,3.763988782137591,2.4571552144637483,0.4,collision
6.266666666666667,14.798498422325004,49.0,-14.0,3.0,8.5,1.4134299093500926,2.2277344519387015,16.070677231114644,3874.0,258.26666666666665,10.0,0.2857142857142857,49.0,3.0,63.0,1.2048762065511596,218.99555555555563,2.3614625142007983,20.799999999999997,-1.9535714285714278,3.0490314313033724,1.6070677231114643,0.06666666666666667,-2.2,10.4,15.0,-30.0,0.0,4.0,-1.1628925807919888,1.6503197104443101,10.63014581273465,1695.0,113.0,6.066666666666666,0.5,-5.0,-4.0,45.0,1.5065950881316383,108.16000000000001,4.727272727272727,6.9999999999999964,0.7678571428571426,2.8221626051507918,1.7522218372639533,0.13333333333333333,4.6,10.410251357836339,28.0,-10.0,2.0,12.5,0.8683899331124184,-0.2670743739924992,11.381271165091064,1943.0,129.53333333333333,8.2,0.5,16.0,-3.0,38.0,1.2700278611169693,108.37333333333332,2.2630981212687695,19.599999999999998,-1.8714285714285714,2.4601821355317797,1.3879598981818373,0.06666666666666667,4.133333333333334,15.24408810727038,46.0,-20.0,1.0,7.5,1.3973298111323718,1.9277527052788077,15.794513815457147,3742.0,249.46666666666667,9.333333333333334,0.2857142857142857,7.0,7.0,66.0,1.5802363404761088,232.38222222222228,3.688085832404124,21.39999999999999,-1.3714285714285708,2.9124036698731777,1.6922693373704085,0.13333333333333333,9.266666666666667,19.464383427743666,64.0,-15.0,3.0,15.5,1.4325332446631556,1.661921320894332,21.55767458083857,6971.0,464.73333333333335,13.0,0.5,64.0,3.0,79.0,1.2048762065511598,378.8622222222222,2.100473031770899,30.199999999999996,-2.8714285714285706,2.968780318118638,1.6582826600645053,0.06666666666666667,-0.5333333333333333,0.618241233033047,1.0,-1.0,-1.0,1.0,0.9730026977426529,-0.09816116819902954,0.816496580927726,10.0,0.6666666666666666,0.6666666666666666,0.5,0.0,-1.0,2.0,0.6730116670092565,0.38222222222222235,1.1592023119369632,0.0,-0.07857142857142856,1.224744871391589,1.2247448713915892,0.06666666666666667,collision
-19.0,5.329165037789691,-14.0,-28.0,-16.0,10.0,-0.6025836285538829,-1.4174766911327115,19.733220720399395,5841.0,389.4,19.0,0.0,-15.0,-28.0,14.0,1.0200369584018412,28.4,0.28048237040998375,-14.0,-1.0821428571428573,1.4189270163615384,1.0385905642315472,0.06666666666666667,-10.733333333333333,2.2050447211388304,-8.0,-15.0,-10.0,3.0,-0.7500942963925326,-0.7229612077176819,10.957493630692499,1801.0,120.06666666666666,10.733333333333333,0.0,-9.0,-13.0,7.0,1.3953970923267898,4.862222222222223,0.2054389491744252,-9.0,-0.36785714285714277,1.3689261892869584,1.0208844997539597,0.13333333333333333,-73.53333333333333,51.26644993452238,-24.0,-181.0,-53.0,74.0,-0.7917144095935621,-0.7035457120317838,89.64039268097837,120531.0,8035.4,73.53333333333333,0.0,-26.0,-181.0,157.0,1.2868726303980165,2628.2488888888893,0.6971865358275936,-26.0,-11.139285714285714,2.019179017255779,1.219044324763985,0.06666666666666667,105.26666666666667,32.53811440278753,172.0,70.0,96.0,43.0,0.8398394601990791,-0.6303820390685066,110.18076057098172,182097.0,12139.8,105.26666666666667,0.0,70.0,172.0,102.0,1.436828668963032,1058.728888888889,0.30910178343370037,157.6,7.0892857142857135,1.5610710899857374,1.0466823360131259,0.06666666666666667,-14.4,7.190734779330043,1.0,-23.0,-15.0,11.5,0.5694107510908762,-0.7991519849478195,16.09554803871762,3886.0,259.06666666666666,14.533333333333333,0.07142857142857142,-22.0,1.0,24.0,1.39539709232679,51.70666666666668,0.49935658189791965,-5.600000000000001,1.1464285714285714,1.4289665654548585,1.1074918375264418,0.13333333333333333,-12.6,2.0912516188477497,-10.0,-16.0,-12.0,3.5,-0.4058720051451986,-1.3766359309934562,12.772366003733737,2447.0,163.13333333333333,12.6,0.0,-11.0,-14.0,6.0,1.245441053761774,4.373333333333334,0.16597235070220237,-10.4,-0.3928571428571433,1.25270447114675,1.0136798415661696,0.06666666666666667,collision
39.0,44.3951949351879,115.0,-9.0,14.0,77.5,0.5574950512301846,-1.384584528082429,59.092582726881496,52379.0,3491.9333333333334,41.0,0.14285714285714285,6.0,1.0,124.0,1.0775733728921972,1970.9333333333334,1.1383383316714846,104.4,-0.7535714285714286,1.9460987266627958,1.441282505533695,0.06666666666666667,-23.933333333333334,38.43863796870134,4.0,-149.0,-7.0,33.5,-2.252508949921553,4.631480289768049,45.2806065919322,30755.0,2050.3333333333335,25.266666666666666,0.14285714285714285,-6.0,-1.0,153.0,1.020036958401841,1477.5288888888888,1.6060712243189976,3.1999999999999993,1.2071428571428566,3.290591960103022,1.7921084403139393,0.06666666666666667,-40.8,65.10934392747838,30.0,-182.0,-8.0,64.5,-1.208097522239537,0.09719916856485167,76.83662321228508,88558.0,5903.866666666667,46.53333333333333,0.2857142857142857,-66.0,-5.0,212.0,0.9881542242901944,4239.226666666666,1.59581725312447,7.1999999999999975,10.314285714285713,2.3686621352056085,1.6512168312095648,0.06666666666666667,23.066666666666666,71.89572696312038,230.0,-48.0,-4.0,65.5,1.5853250250619495,2.0812366936459616,75.50540819482183,85516.0,5701.066666666667,50.13333333333333,0.14285714285714285,-40.0,-4.0,278.0,1.2868726303980162,5168.995555555554,3.11686677585782,101.59999999999998,0.7892857142857138,3.0461394156898742,1.5060919187796906,0.06666666666666667,50.733333333333334,46.125143781769275,146.0,-11.0,49.0,66.5,0.49692545987140513,-0.5467548404951392,68.56675579316845,70521.0,4701.4,53.13333333333333,0.14285714285714285,12.0,2.0,157.0,1.4897503188505912,2127.528888888889,0.9091684056853339,114.19999999999999,-2.7285714285714273,2.129311767942016,1.290465918315592,0.06666666666666667,0.5333333333333333,13.715522431010626,33.0,-24.0,2.0,4.0,0.22161778569998486,0.5795343172713907,13.725887949418793,2826.0,188.4,9.2,0.2857142857142857,5.0,2.0,57.0,1.8065071652616695,188.11555555555563,25.716604558144926,12.799999999999995,0.36428571428571427,2.404216042095648,1.4919443423281298,0.26666666666666666,collision
-22.533333333333335,44.334887190814214,8.0,-134.0,-4.0,15.0,-1.846182150266248,1.7835703169413533,49.73261840415537,37100.0,2473.3333333333335,24.933333333333334,0.2857142857142857,-127.0,0.0,142.0,1.171059869990371,1965.5822222222223,1.9675245794740035,4.799999999999999,7.357142857142855,2.6944087059933235,1.99462373278698,0.06666666666666667,20.666666666666668,26.256850957839976,83.0,-1.0,7.0,41.0,1.0594998357163161,-0.236064420571366,33.414567681377136,16748.0,1116.5333333333333,20.8,0.2857142857142857,83.0,1.0,84.0,0.9532710147058912,689.422222222222,1.2704927882825794,53.6,-5.321428571428572,2.483946546651214,1.6064696000662084,0.06666666666666667,66.0,13.909229549715063,108.0,51.0,63.0,13.0,1.668987837065013,2.8557217841161844,67.44973437061607,68242.0,4549.466666666666,66.0,0.0,69.0,64.0,57.0,1.2105578441774711,193.46666666666667,0.21074590226841003,77.4,-1.8857142857142841,1.6011923695143464,1.0219656722820616,0.06666666666666667,-25.0,27.720028860013837,0.0,-75.0,-11.0,46.0,-0.8126170410215205,-1.0857286827608275,37.32827346663652,20901.0,1393.4,25.0,0.14285714285714285,-71.0,-4.0,75.0,0.9532710147058912,768.4,1.1088011544005534,-2.0,5.5964285714285715,2.009200882731261,1.4931309386654608,0.06666666666666667,-27.266666666666666,54.882257809079086,12.0,-173.0,-2.0,17.0,-1.872765660171432,1.940846907886538,61.282406393134835,56333.0,3755.5333333333333,30.6,0.21428571428571427,-148.0,1.0,185.0,1.4548671092662884,3012.0622222222223,2.0127967411642698,6.1999999999999975,8.871428571428568,2.822996193886086,2.002693019383491,0.06666666666666667,-5.066666666666666,15.066371678528165,11.0,-53.0,-2.0,9.0,-2.08417207316535,4.118930047957351,15.895492023421818,3790.0,252.66666666666666,9.466666666666667,0.5,-53.0,4.0,64.0,1.4322139043602349,226.9955555555556,2.9736259891831907,6.799999999999999,1.7821428571428575,3.3342786698206717,1.6791012700797696,0.26666666666666666,collision
123.06666666666666,156.6599147481221,351.0,-11.0,10.0,334.0,0.5142257690743246,-1.6418411801824488,199.21780375592272,595316.0,39687.73333333333,129.86666666666667,0.35714285714285715,322.0,-11.0,362.0,0.8532361505557784,24542.32888888889,1.2729678879858244,334.6,-31.23214285714285,1.7618907215242545,1.5340179960671667,0.06666666666666667,-107.13333333333334,189.75699079495215,254.0,-368.0,-18.0,352.0,-0.2376994893905075,-1.0237214935677912,217.91114397080906,712279.0,47485.26666666667,142.86666666666667,0.7142857142857143,-338.0,-18.0,622.0,0.8532361505557784,36007.71555555556,1.771222689436392,4.0,29.367857142857137,1.6887617278045062,1.5252763227074828,0.06666666666666667,-1060.4666666666667,1564.6088698315486,418.0,-3348.0,0.0,3217.0,-0.6939080190481394,-1.493743080649646,1890.1297486327935,53588857.0,3572590.466666667,1121.4,0.5,-3195.0,9.0,3766.0,0.6365141682948128,2448000.915555556,1.4753965579602206,9.0,287.49642857142845,1.7713069710805527,1.6855089607925748,0.06666666666666667,123.26666666666667,125.24347842857485,291.0,-9.0,74.0,275.5,0.34681282413754755,-1.6565548112071584,175.72876827656876,463209.0,30880.6,126.73333333333333,0.5714285714285714,280.0,74.0,300.0,1.235144651532666,15685.928888888891,1.0160368720544202,288.4,-24.507142857142853,1.6559610748651745,1.3866025902938093,0.06666666666666667,7.0,107.20883048207052,381.0,-78.0,-4.0,84.0,2.698823098447892,6.972441371045445,107.43711338887198,173141.0,11542.733333333334,56.6,0.42857142857142855,-64.0,-4.0,459.0,0.8532361505557784,11493.733333333334,15.315547211724361,27.0,4.285714285714284,3.5462605796281834,1.898182215351095,0.13333333333333333,-7.0,23.01303978182804,61.0,-34.0,-3.0,28.5,1.3334092712280567,2.5234241655333554,24.054105678657024,8679.0,578.6,15.933333333333334,0.35714285714285715,-34.0,2.0,95.0,0.8532361505557782,529.6,3.2875771116897203,2.0,2.249999999999999,2.535949613546627,1.5096719045182232,0.13333333333333333,obstruction
7.066666666666666,25.191180114388363,40.0,-70.0,13.0,22.0,-1.6694920917320728,3.1849244099229326,26.163587929283196,10268.0,684.5333333333333,18.8,0.21428571428571427,40.0,-4.0,110.0,1.4153691350791877,634.5955555555556,3.564789638828542,30.0,-4.3321428571428555,2.67547402860804,1.3916802090044254,0.2,-19.6,53.02301387133704,1.0,-217.0,-6.0,12.5,-3.4147843408196454,9.815501596187769,56.529638244022046,47934.0,3195.6,19.733333333333334,0.35714285714285715,-13.0,1.0,218.0,0.8033149761408762,2811.4400000000005,2.705255809762094,0.0,-2.524999999999999,3.8386942980826086,2.8646776137173333,0.13333333333333333,28.866666666666667,43.16768338570983,179.0,-32.0,22.0,14.0,2.5932775672958184,7.0293840539446215,51.93008119898652,40451.0,2696.733333333333,33.13333333333333,0.14285714285714285,27.0,9.0,211.0,1.5292482930376912,1863.4488888888886,1.4954162835696245,35.2,0.2142857142857146,3.446942424644108,1.5673062736112633,0.4,77.06666666666666,251.09851099164692,1016.0,-7.0,8.0,14.5,3.466841849849255,10.039087305857908,262.65896773826955,1034846.0,68989.73333333334,78.0,0.07142857142857142,26.0,-7.0,1023.0,1.2105578441774716,63050.462222222224,3.2581986720369414,25.2,13.103571428571422,3.8681336820466314,3.367422663311148,0.13333333333333333,28.8,95.15264928874375,339.0,-153.0,21.0,37.5,1.8351375354970894,5.4225779244159185,99.41562586770084,148252.0,9883.466666666667,50.13333333333333,0.35714285714285715,55.0,-3.0,492.0,1.274642625719766,9054.026666666665,3.3039114336369355,52.599999999999994,-2.6499999999999995,3.4099267297389493,1.983024452148288,0.2,-20.2,58.34060907006942,1.0,-233.0,-1.0,0.5,-3.216741365339407,8.817553301716615,61.73869667126661,57175.0,3811.6666666666665,20.333333333333332,0.14285714285714285,1.0,-1.0,234.0,1.3792922544726758,3403.626666666666,2.888148963864823,0.0,-4.475,3.7739701769318197,3.036329344488522,0.06666666666666667,collision
-12.866666666666667,29.57220917610917,4.0,-90.0,2.0,9.5,-1.8018573183691236,1.6407981033367092,32.2500645994185,15601.0,1040.0666666666666,16.2,0.14285714285714285,1.0,3.0,94.0,0.9495936677167378,874.5155555555552,2.298358226122474,3.5999999999999996,2.803571428571428,2.790692084431446,1.9907447283591668,0.06666666666666667,29.533333333333335,53.385224755752624,175.0,0.0,4.0,20.0,1.8882877780736438,2.0433238727607543,61.009835272683695,55833.0,3722.2,29.533333333333335,0.07142857142857142,0.0,2.0,175.0,0.9495936677167381,2849.982222222223,1.8076261203979442,108.79999999999997,-4.835714285714284,2.868389977088724,2.065795776727439,0.06666666666666667,-192.73333333333332,380.0176253222415,57.0,-1133.0,-27.0,71.5,-1.9286615304051655,2.0145750893845173,426.0980325386792,2723393.0,181559.53333333333,207.53333333333333,0.07142857142857142,57.0,-21.0,1190.0,1.20487620655116,144413.39555555553,1.9717275613398901,26.399999999999977,30.75357142857142,2.6590125123310715,2.053154670118917,0.06666666666666667,113.26666666666667,142.6167202290422,523.0,8.0,59.0,20.5,1.9491565881911845,2.4687821672160553,182.1232183623677,497533.0,33168.86666666667,113.26666666666667,0.0,8.0,59.0,515.0,1.7321259814902663,20339.52888888889,1.2591234864247398,312.5999999999999,-9.799999999999992,2.871682175961744,1.6079154063775842,0.06666666666666667,23.733333333333334,20.907627528939983,62.0,-21.0,32.0,23.5,-0.6412883527482603,-0.018787695350580336,31.629100524675057,15006.0,1000.4,28.4,0.14285714285714285,5.0,32.0,83.0,1.3217558399823195,437.128888888889,0.8809393621744375,38.0,2.2142857142857144,1.9602201444720648,1.113700722699826,0.06666666666666667,4.733333333333333,15.420621114454358,33.0,-36.0,9.0,4.5,-1.2746300538302036,1.9276697110737864,16.13071604114337,3903.0,260.2,12.866666666666667,0.14285714285714285,7.0,9.0,69.0,1.5802363404761095,237.79555555555558,3.257877700236836,11.2,1.042857142857143,2.231767015684709,1.2536825938712464,0.06666666666666667,obstruction
16.6,37.396613037368326,68.0,-30.0,2.0,79.0,0.25067723206306575,-1.5793686351654372,40.91535978904092,25111.0,1674.0666666666666,32.06666666666667,0.2857142857142857,62.0,1.0,98.0,1.2654130965141723,1398.506666666667,2.2528080142992963,64.0,-6.617857142857142,1.6619675434997307,1.275946770968012,0.06666666666666667,-17.866666666666667,38.75025447945113,13.0,-136.0,-2.0,11.0,-2.109006288339385,3.359821397787977,42.670833129902675,27312.0,1820.8,21.6,0.42857142857142855,-136.0,-5.0,149.0,1.529248293037691,1501.582222222222,2.1688575268349513,7.799999999999997,5.14642857142857,3.187188766293258,1.9755015337917905,0.06666666666666667,81.0,20.471117865584837,103.0,10.0,83.0,9.5,-2.608021654068012,6.8099997783052775,83.54679327578448,104701.0,6980.066666666667,81.0,0.0,10.0,83.0,93.0,1.4019454593787288,419.06666666666666,0.2527298501924054,98.4,1.1535714285714296,1.2328420512801885,1.0314418922936355,0.06666666666666667,19.933333333333334,110.18074040210274,421.0,-39.0,-9.0,23.0,3.172744766707059,8.725531328682152,111.96934104179293,188057.0,12537.133333333333,49.53333333333333,0.21428571428571427,421.0,-8.0,460.0,1.4302803019110928,12139.795555555555,5.527461893082077,49.599999999999994,-13.117857142857144,3.7599578249090557,2.2604846778289285,0.06666666666666667,33.733333333333334,125.40625538181455,459.0,-65.0,-14.0,104.5,2.4939784346075435,5.906578778977504,129.86403145854771,252970.0,16864.666666666668,75.06666666666666,0.07142857142857142,459.0,-14.0,524.0,1.0775733728921972,15726.728888888889,3.7175767405676248,92.0,-19.307142857142853,3.534465970637233,1.7299826570854493,0.06666666666666667,-2.7333333333333334,25.27836140962376,90.0,-19.0,-10.0,5.0,3.248525288222191,9.095596107580215,25.425708774125976,9697.0,646.4666666666667,15.133333333333333,0.21428571428571427,90.0,-11.0,109.0,1.6170531525095537,638.9955555555556,9.248181003520887,0.5999999999999979,-2.9821428571428577,3.5397243317593143,1.6801129145898221,0.2,collision
-0.6666666666666666,0.5962847939999437,1.0,-1.0,-1.0,0.5,1.6071738588279743,1.4531250000000018,0.8944271909999159,12.0,0.8,0.8,0.5714285714285714,-1.0,-1.0,2.0,0.5799151714181009,0.35555555555555535,0.8944271909999156,0.0,-0.014285714285714282,1.118033988749895,1.1180339887498947,0.4666666666666667,-0.5333333333333333,1.5434449203720302,2.0,-3.0,0.0,2.0,-0.372623843273154,-0.9564212519492106,1.632993161855452,40.0,2.6666666666666665,1.2,0.5714285714285714,0.0,0.0,5.0,1.4897503188505914,2.382222222222223,2.893959225697557,1.0,0.0928571428571428,1.8371173070873836,1.3608276348795434,0.4666666666666667,61.13333333333333,4.616877251514876,68.0,51.0,61.0,7.0,-0.617767035569258,-0.46566276039040044,61.30742206291176,56379.0,3758.6,61.13333333333333,0.0,57.0,54.0,17.0,1.5246335284348949,21.315555555555555,0.07552143813819318,65.6,0.12857142857143006,1.1091642367578354,1.0028476891425042,0.13333333333333333,-4.0,2.6331223544175333,3.0,-7.0,-5.0,3.0,1.183152241352553,0.8720414201183426,4.788875998951459,344.0,22.933333333333334,4.4,0.14285714285714285,-5.0,-4.0,10.0,1.3624474851916286,6.933333333333334,0.6582805886043833,-1.0,-0.14642857142857146,1.4617208717729742,1.0883809088526044,0.4666666666666667,-1.9333333333333333,1.7688665548562132,1.0,-5.0,-2.0,2.5,0.18801630720119103,-0.9190502324380163,2.6204325342711394,103.0,6.866666666666666,2.2,0.5714285714285714,-3.0,-3.0,6.0,1.5292482930376912,3.128888888888889,0.9149309766497654,0.5999999999999996,-0.15357142857142855,1.9080819424304414,1.1911056973959724,0.4,-0.26666666666666666,0.44221663871405337,0.0,-1.0,0.0,0.5,-1.0552897060221726,-0.8863636363636362,0.5163977794943222,4.0,0.26666666666666666,0.26666666666666666,0.5714285714285714,0.0,0.0,1.0,0.0,0.1955555555555556,1.6583123951777001,0.0,-0.014285714285714285,1.9364916731037087,1.9364916731037083,0.4666666666666667,normal
12.6,10.756703336369684,35.0,-2.0,14.0,17.0,0.22345092388380955,-0.7616321596080429,16.56703554250629,4117.0,274.46666666666664,13.266666666666667,0.07142857142857142,35.0,-2.0,37.0,1.4897503188505912,115.70666666666668,0.853706613997594,24.6,-0.9642857142857142,2.112629016229245,1.248771523304494,0.13333333333333333,-7.066666666666666,7.611103000806709,3.0,-22.0,-5.0,11.5,-0.4991590493740844,-1.0136517518929082,10.385887861259944,1618.0,107.86666666666666,7.733333333333333,0.2857142857142857,3.0,0.0,25.0,1.430280301911093,57.92888888888889,1.0770428774726475,1.1999999999999993,-0.4000000000000001,2.1182589581061695,1.3430027406801652,0.06666666666666667,30.333333333333332,32.616287683030734,100.0,-9.0,23.0,50.5,0.6453893074691065,-0.723197907557966,44.54136654092837,29759.0,1983.9333333333334,32.6,0.21428571428571427,81.0,-7.0,109.0,1.39539709232679,1063.8222222222223,1.0752622313087055,73.8,-6.464285714285714,2.245103995812781,1.366299587145042,0.06666666666666667,4.533333333333333,14.319528235556119,27.0,-26.0,3.0,18.0,-0.344831903816881,-0.3655851666031298,15.019986684414869,3384.0,225.6,11.733333333333333,0.2857142857142857,-26.0,-4.0,53.0,1.4368286689630319,205.0488888888889,3.1587194637256144,23.0,1.375,1.7976047893581628,1.280112501512631,0.06666666666666667,31.933333333333334,32.44578383841095,135.0,-1.0,30.0,21.5,1.9518936937734392,4.045628961195697,45.52435245741192,31087.0,2072.4666666666667,32.2,0.14285714285714285,135.0,-1.0,136.0,1.4897503188505914,1052.728888888889,1.01604751059742,55.199999999999996,-5.22142857142857,2.9654458045568606,1.413799765758134,0.2,0.5333333333333333,7.0034911928900785,14.0,-13.0,0.0,3.0,0.19301545606390988,0.2731383835773671,7.023769168568493,740.0,49.333333333333336,4.533333333333333,0.5,6.0,0.0,27.0,1.6151195500604119,49.0488888888889,13.131545986668897,10.799999999999997,-0.5107142857142857,1.9932317910802477,1.549360846007756,0.13333333333333333,collision
-7.066666666666666,8.736640595153775,1.0,-23.0,-2.0,12.5,-0.8841470468461361,-0.8886265985606143,11.236844159579089,1894.0,126.26666666666667,7.2,0.42857142857142855,-22.0,0.0,24.0,1.1699929969668565,76.3288888888889,1.2363170653519493,0.0,1.7928571428571425,2.0468380332918614,1.5606727999415402,0.06666666666666667,3.533333333333333,4.631294515455574,12.0,-2.0,1.0,7.5,0.7133699842121356,-1.1283295225870207,5.825232470325397,509.0,33.93333333333333,3.933333333333333,0.42857142857142855,12.0,1.0,14.0,1.3095258353040693,21.448888888888877,1.3107437307893133,10.6,-0.8892857142857138,2.0600036240836377,1.4809913060149316,0.06666666666666667,-4.866666666666666,7.116803277377343,8.0,-21.0,-4.0,5.5,-0.3687767417787467,0.11516316588271591,8.621678104251709,1115.0,74.33333333333333,7.0,0.2857142857142857,-3.0,-2.0,29.0,1.5867847075280472,50.64888888888889,1.4623568378172624,4.0,-0.10714285714285729,2.4357207200352358,1.231668300607387,0.13333333333333333,-3.3333333333333335,5.211099265563414,3.0,-14.0,-2.0,9.0,-0.658190560186753,-0.9385502021048908,6.186005711819758,574.0,38.266666666666666,4.4,0.5,-14.0,-2.0,17.0,1.3095258353040693,27.155555555555555,1.563329779669024,2.0,0.8499999999999999,2.2631728213974722,1.4059103890499447,0.06666666666666667,-7.933333333333334,11.192060678097764,4.0,-29.0,-2.0,16.0,-0.8355450844046899,-0.8537567873386105,13.718600511714014,2823.0,188.2,9.0,0.35714285714285715,-28.0,0.0,33.0,1.2868726303980165,125.2622222222222,1.4107639510207266,1.5999999999999996,2.264285714285714,2.113918251008004,1.5242889457460016,0.06666666666666667,-2.933333333333333,0.679869268479038,-2.0,-4.0,-3.0,0.5,-0.08297221102000206,-0.8409763313609462,3.011090610836324,136.0,9.066666666666666,2.933333333333333,0.0,-2.0,-4.0,2.0,0.5004024235381879,0.46222222222222215,0.2317736142542175,-2.0,-0.1250000000000001,1.3284223283101428,1.0265081627851105,0.06666666666666667,collision
-8.266666666666667,7.852529670254181,3.0,-20.0,-11.0,15.0,-0.04980938722338126,-1.6632860866520236,11.40175425099138,1950.0,130.0,8.666666666666666,0.2857142857142857,-11.0,-1.0,23.0,1.0437570363314086,61.662222222222226,0.9499027826920379,-0.40000000000000036,1.0107142857142855,1.7541160386140586,1.3155870289605438,0.06666666666666667,4.0,4.381780460041329,11.0,-1.0,4.0,8.5,0.17116329922036444,-1.5373263888888886,5.932958789676531,528.0,35.2,4.533333333333333,0.35714285714285715,9.0,-1.0,12.0,1.4019454593787286,19.2,1.0954451150103321,9.6,-0.6678571428571429,1.8540496217739157,1.30874090948747,0.06666666666666667,3.066666666666667,7.288956639251525,16.0,-11.0,4.0,11.0,-0.1646448580141452,-0.898478927461857,7.907802054511312,938.0,62.53333333333333,6.666666666666667,0.6428571428571429,16.0,-2.0,27.0,1.3624474851916286,53.128888888888895,2.3768336867124535,10.0,-0.2821428571428572,2.0233182229026814,1.1861703081766968,0.4,-4.0,5.597618541248888,3.0,-17.0,-2.0,9.0,-0.7640027117186691,-0.3842009959257582,6.879922480183431,710.0,47.333333333333336,4.933333333333334,0.2857142857142857,-17.0,1.0,20.0,1.3953970923267898,31.333333333333332,1.399404635312222,1.5999999999999996,0.8035714285714283,2.470958073868697,1.3945788811182631,0.06666666666666667,-9.866666666666667,10.825073774447093,7.0,-28.0,-10.0,19.5,-0.03747867050479788,-1.4826571656797303,14.646956452906295,3218.0,214.53333333333333,11.333333333333334,0.5,-22.0,2.0,35.0,1.450252344663491,117.18222222222222,1.0971358555182864,1.5999999999999996,1.546428571428571,1.9116599472407219,1.2923785105505554,0.06666666666666667,-0.8666666666666667,1.9275776393067954,6.0,-2.0,-1.0,1.0,2.9383798750330015,7.786600581488509,2.1134489978863145,67.0,4.466666666666667,1.6666666666666667,0.21428571428571427,6.0,-1.0,8.0,1.0832550105185086,3.7155555555555577,2.2241280453539947,-0.40000000000000036,-0.2035714285714286,2.838961340444303,1.2680693987317886,0.06666666666666667,collision
0.6,12.306096050332126,24.0,-16.0,2.0,21.5,0.16816166724980272,-1.1351581953587169,12.320714265009151,2277.0,151.8,10.733333333333333,0.14285714285714285,-14.0,24.0,40.0,1.4897503188505912,151.43999999999997,20.510160083886877,15.399999999999999,2.7892857142857137,1.947939014230696,1.1478926333859458,0.06666666666666667,-20.0,30.48278202526797,-4.0,-127.0,-9.0,3.5,-2.893046925270133,7.195613073257762,36.4581952378337,19938.0,1329.2,20.0,0.0,-4.0,-127.0,123.0,1.5821699429252507,929.2,1.5241391012633985,-6.0,-4.307142857142857,3.4834417658778816,1.822909761891685,0.06666666666666667,-311.0,251.81342299408902,-51.0,-866.0,-215.0,323.0,-0.9602311204968971,-0.3181802169558057,400.1637164961361,2401965.0,160131.0,311.0,0.0,-51.0,-866.0,815.0,1.3953970923267898,63410.0,0.8096894630035016,-73.80000000000001,-54.49642857142857,2.1641142469956094,1.2867000530422383,0.06666666666666667,-185.46666666666667,107.81642835033176,-62.0,-396.0,-152.0,167.0,-0.5758788725875841,-0.9139321655340629,214.5280090493236,690334.0,46022.26666666667,185.46666666666667,0.0,-62.0,-259.0,334.0,1.459481873869085,11624.382222222222,0.5813250989414006,-64.8,-23.210714285714285,1.8459128099629776,1.156693075391752,0.06666666666666667,-111.6,52.49990476181838,-69.0,-238.0,-87.0,46.0,-1.3676347971851055,0.4766196034625718,123.3320720656229,228162.0,15210.8,111.6,0.0,-70.0,-238.0,169.0,0.9881542242901944,2756.24,0.47042925413815756,-70.4,-9.771428571428572,1.9297494643028803,1.105126093777983,0.06666666666666667,4.4,6.691287868066456,25.0,-3.0,3.0,7.5,1.7684360892388238,3.2306257695436145,8.0083289975708,962.0,64.13333333333334,5.2,0.35714285714285715,6.0,25.0,28.0,1.1710598699903711,44.77333333333334,1.5207472427423763,9.0,-0.08571428571428533,3.1217498691154364,1.5400632687636153,0.06666666666666667,obstruction
-155.93333333333334,218.4394551255692,2.0,-497.0,-5.0,425.5,-0.727683323662835,-1.4417649147460432,268.38591617296163,1080465.0,72031.0,156.46666666666667,0.42857142857142855,-6.0,-497.0,499.0,0.6365141682948128,47715.79555555556,1.4008515719895416,1.1999999999999993,-41.68214285714286,1.8518110305002284,1.7152913262012885,0.06666666666666667,-114.0,150.85622294091814,-3.0,-348.0,-10.0,301.0,-0.7210275135279642,-1.4586644041571526,189.08622371817572,536304.0,35753.6,114.0,0.0,-7.0,-297.0,345.0,0.6365141682948128,22757.6,1.3233002012361241,-4.800000000000001,-28.174999999999994,1.8404302183255716,1.6586510852471554,0.06666666666666667,-972.1333333333333,1337.6384597075883,11.0,-2992.0,-43.0,2685.5,-0.7165070205594805,-1.472101183749386,1653.5778985783122,41014798.0,2734319.8666666667,973.6,0.14285714285714285,-10.0,-2955.0,3003.0,0.6365141682948128,1789276.648888889,1.3759825055283106,-5.8000000000000025,-257.12857142857143,1.8094097668893712,1.6984160831741086,0.06666666666666667,-6.933333333333334,69.85267035379218,118.0,-199.0,11.0,7.5,-1.3695312858980577,2.185467263307509,70.19591631047112,73912.0,4927.466666666666,41.2,0.07142857142857142,14.0,-199.0,317.0,1.8018924006588728,4879.395555555556,10.074904377950794,22.599999999999998,-7.817857142857142,2.8349227484949178,1.7037843764677456,0.13333333333333333,22.8,63.567496935671976,170.0,-35.0,-6.0,39.0,1.540268776750269,0.9157460113576406,67.53270812477956,68410.0,4560.666666666667,39.86666666666667,0.35714285714285715,-15.0,169.0,205.0,1.2868726303980165,4040.826666666666,2.788048111213683,131.79999999999995,10.77142857142857,2.5172987241366447,1.6939642506215609,0.06666666666666667,-8.733333333333333,27.68023763546035,20.0,-106.0,-1.0,5.5,-2.8035164523673934,7.258547991665949,29.025276340918214,12637.0,842.4666666666667,12.733333333333333,0.21428571428571427,1.0,20.0,126.0,1.4141754640569784,766.1955555555556,3.169492859022178,3.799999999999999,-1.296428571428571,3.6519893473181897,2.279471963946457,0.06666666666666667,obstruction
-2.533333333333333,2.5785439474418292,2.0,-8.0,-2.0,2.0,-0.3583320910547035,-0.26746725671308935,3.6147844564602556,196.0,13.066666666666666,2.933333333333333,0.42857142857142855,-8.0,-3.0,10.0,1.7140875411870102,6.64888888888889,1.0178462950428273,0.5999999999999996,0.04285714285714279,2.2131333406899527,1.232312882884178,0.13333333333333333,-3.466666666666667,5.389702115042063,4.0,-14.0,-2.0,5.5,-0.6418847367843468,-0.623633310811115,6.408327915038889,616.0,41.06666666666667,4.8,0.35714285714285715,-6.0,2.0,18.0,1.3624474851916286,29.04888888888889,1.554721763954441,2.5999999999999996,0.19285714285714292,2.184657243763257,1.335068315633102,0.3333333333333333,78.86666666666666,2.5785439474418292,85.0,75.0,80.0,3.0,0.4041302988918368,0.023281334896624983,78.90880812684982,93399.0,6226.6,78.86666666666666,0.0,85.0,80.0,10.0,1.4897503188505914,6.64888888888889,0.03269497820086851,81.0,-0.02857142857142761,1.0771928003697417,1.0005343380412066,0.3333333333333333,-9.533333333333333,11.312922797501193,12.0,-30.0,-12.0,10.5,0.4522488996973226,-0.3989205981422188,14.794142985204202,3283.0,218.86666666666667,13.4,0.42857142857142855,-6.0,-22.0,42.0,1.3095258353040693,127.9822222222222,1.1866702235141111,8.6,-0.3357142857142857,2.0278295288887875,1.1040405212838955,0.3333333333333333,-20.6,5.135497379352202,-12.0,-31.0,-20.0,5.0,-0.23709359364342064,-0.37795783957199713,21.230481231788726,6761.0,450.73333333333335,20.6,0.0,-31.0,-23.0,19.0,1.2868726303980158,26.37333333333334,0.24929598928894184,-13.8,-0.014285714285714584,1.4601647349181714,1.0306058850382875,0.13333333333333333,-9.8,4.888080741286229,2.0,-19.0,-10.0,4.5,0.3823531797459471,0.5720850107621178,10.951407824263205,1799.0,119.93333333333334,10.066666666666666,0.07142857142857142,-13.0,2.0,21.0,1.6216679171123507,23.89333333333333,0.49878374911083967,-5.0,0.6071428571428568,1.734936759263487,1.0878881944632324,0.13333333333333333,normal
-2.8,9.921021452787345,10.0,-36.0,-2.0,4.5,-2.241965728008676,5.658207069103696,10.308572484426088,1594.0,106.26666666666667,6.0,0.14285714285714285,-36.0,-1.0,46.0,1.2972958306258193,98.42666666666672,3.543221947424052,6.399999999999999,0.26785714285714307,3.4922391101568935,1.7180954140710147,0.3333333333333333,-2.3333333333333335,6.2574400161372346,2.0,-24.0,0.0,4.0,-2.6983845065665153,6.645212140264716,6.6783231428256,669.0,44.6,3.2666666666666666,0.5714285714285714,-24.0,0.0,26.0,1.0775733728921972,39.15555555555556,2.6817600069159573,1.5999999999999996,0.8607142857142854,3.593716489412879,2.044384635558857,0.06666666666666667,2.533333333333333,8.098285140832115,19.0,-16.0,3.0,11.5,-0.23903046654102053,0.2511031528973211,8.48528137423857,1080.0,72.0,6.8,0.2857142857142857,-6.0,-4.0,35.0,1.4019454593787288,65.58222222222223,3.1966915029600456,10.0,0.06785714285714285,2.2391714737574007,1.2478354962115543,0.3333333333333333,7.0,21.77154105707724,87.0,-3.0,0.0,8.5,3.2673784916010313,9.170743648631808,22.869193252058544,7845.0,523.0,9.0,0.5,87.0,0.0,90.0,0.8033149761408755,474.0,3.1102201510110343,8.6,-2.6999999999999997,3.8042443841856466,2.5410214724509492,0.06666666666666667,-3.0,12.659647177811342,15.0,-44.0,-3.0,6.5,-1.9360058831076157,4.7497812852123875,13.010252367524108,2539.0,169.26666666666668,7.933333333333334,0.2857142857142857,-44.0,-3.0,59.0,1.5292482930376912,160.26666666666668,4.219882392603781,9.799999999999999,0.18214285714285722,3.3819482325978383,1.6399477774190052,0.13333333333333333,-3.533333333333333,8.163877074582205,0.0,-34.0,-1.0,1.0,-3.4429286755208968,9.937883070943926,8.895691841185448,1187.0,79.13333333333334,3.533333333333333,0.14285714285714285,-34.0,-1.0,34.0,0.8823109245150755,66.64888888888889,2.3105312475232656,-1.0,0.7714285714285716,3.8220748433062997,2.5176486342977684,0.06666666666666667,collision
-5.466666666666667,37.14990653495047,64.0,-102.0,4.0,5.0,-1.259004055179879,1.938245871843491,37.54996671103717,21150.0,1410.0,19.866666666666667,0.21428571428571427,-6.0,5.0,166.0,1.506595088131638,1380.1155555555556,6.795714610051915,6.199999999999999,3.1678571428571405,2.716380570585668,1.8900989955220053,0.13333333333333333,22.133333333333333,56.87749017747609,162.0,-61.0,5.0,3.0,1.6684243107050514,1.920363993845294,61.03223192161117,55874.0,3724.9333333333334,30.266666666666666,0.14285714285714285,27.0,5.0,223.0,1.7094727765842126,3235.048888888889,2.5697661224763295,105.59999999999995,-5.789285714285708,2.6543351750280118,2.0164834335334088,0.2,-250.93333333333334,365.55828840586037,-67.0,-1264.0,-97.0,10.5,-2.12494209037436,2.697975981008719,443.3964366117527,2949006.0,196600.4,250.93333333333334,0.0,-288.0,-97.0,1197.0,1.6151195500604194,133632.86222222217,1.4567944543272862,-90.4,46.22499999999995,2.850722052840459,1.7669889875601195,0.06666666666666667,160.73333333333332,122.95878261524153,543.0,93.0,111.0,19.0,2.3510767864416486,3.9902108243949366,202.37111124532242,614311.0,40954.066666666666,160.73333333333332,0.0,140.0,109.0,450.0,1.0805738483648537,15118.862222222222,0.7649862045742941,287.7999999999999,-14.742857142857138,2.6831892984061025,1.2590488049273483,0.06666666666666667,37.333333333333336,33.35199477625822,91.0,-43.0,47.0,11.5,-1.391910136338593,1.4433483419778108,50.061295761629395,37592.0,2506.133333333333,48.13333333333333,0.14285714285714285,23.0,53.0,134.0,1.4878167164014489,1112.3555555555556,0.893357002935488,53.0,3.939285714285714,1.8177715661476943,1.0400546210864834,0.13333333333333333,2.1333333333333333,16.744617709049745,22.0,-43.0,7.0,6.5,-1.7487132741717892,1.9797367107255859,16.87996840439381,4274.0,284.93333333333334,12.666666666666666,0.21428571428571427,-2.0,9.0,65.0,1.297295830625819,280.3822222222223,7.849039551117068,12.999999999999998,1.9499999999999997,2.5473981330917193,1.3326290845574063,0.13333333333333333,obstruction
-1.4,0.8793937305515279,0.0,-2.0,-2.0,1.5,0.8705056845233611,-1.1397146254458979,1.6532795690182993,41.0,2.7333333333333334,1.4,0.21428571428571427,-2.0,0.0,2.0,0.6365141682948128,0.7733333333333333,0.6281383789653772,0.0,0.14285714285714285,1.2097167578182677,1.1809139778702138,0.06666666666666667,1.0,1.0327955589886444,4.0,-1.0,1.0,0.0,1.089276566120836,2.859375,1.4375905768565218,31.0,2.066666666666667,1.1333333333333333,0.2857142857142857,1.0,0.0,5.0,1.0805738483648537,1.0666666666666667,1.0327955589886444,1.5999999999999996,-0.0035714285714285544,2.7824333745610095,1.268462273696931,0.4,20.066666666666666,5.57932692077538,29.0,3.0,21.0,3.0,-1.573941532018514,3.428843548974708,20.827865949251738,6507.0,433.8,20.066666666666666,0.0,19.0,24.0,26.0,1.6792043316027068,31.128888888888888,0.2780395475469459,25.2,0.053571428571428874,1.3923654046295537,1.0379335190657013,0.4,3.7333333333333334,1.2892719737209146,5.0,1.0,4.0,2.0,-0.6149748783684079,-0.8236295004146532,3.9496835316262997,234.0,15.6,3.7333333333333334,0.0,4.0,2.0,4.0,1.0775733728921972,1.6622222222222225,0.34534070724667354,5.0,-0.12857142857142864,1.2659242088545832,1.0579509459713303,0.2,-5.866666666666666,2.028683207293725,-3.0,-11.0,-6.0,1.5,-0.8522127477611892,0.7483521404680733,6.207522318391883,578.0,38.53333333333333,5.866666666666666,0.0,-6.0,-3.0,8.0,1.430280301911093,4.115555555555555,0.3457982739705213,-3.4000000000000004,0.07142857142857122,1.7720435683990667,1.0581003951804346,0.4,-0.2,0.4,0.0,-1.0,0.0,0.0,-1.5,0.25,0.4472135954999579,3.0,0.2,0.2,0.21428571428571427,0.0,-1.0,1.0,0.0,0.16000000000000003,2.0,0.0,-0.05357142857142857,2.23606797749979,2.2360679774997894,0.2,normal
-0.6666666666666666,1.4452988925785866,2.0,-4.0,-1.0,0.5,0.06869913251278886,0.6023087369850608,1.591644851508443,38.0,2.533333333333333,1.3333333333333333,0.35714285714285715,-1.0,2.0,6.0,1.1699929969668565,2.088888888888889,2.16794833886788,1.5999999999999996,0.15357142857142853,2.513123449750173,1.1937336386313322,0.06666666666666667,1.8,1.0456258094238748,4.0,0.0,2.0,0.0,-0.29390731407066084,0.17935752528257076,2.0816659994661326,65.0,4.333333333333333,1.8,0.35714285714285715,2.0,0.0,4.0,0.8608513906312316,1.0933333333333333,0.5809032274577083,2.5999999999999996,-0.07857142857142849,1.9215378456610457,1.156481110814518,0.4,20.066666666666666,4.711215931747934,32.0,12.0,19.0,4.0,1.1287123904017236,1.228082990738267,20.612294066082665,6373.0,424.8666666666667,20.066666666666666,0.0,21.0,17.0,20.0,1.5990147122062974,22.19555555555555,0.2347782025788007,25.799999999999997,0.15000000000000052,1.5524715442836465,1.027190734190166,0.4,3.8,1.833030277982336,8.0,1.0,3.0,1.0,0.8806650570238268,0.09410430839002348,4.219004621945797,267.0,17.8,3.8,0.0,3.0,8.0,7.0,1.6170531525095537,3.36,0.48237638894272,6.6,0.1571428571428571,1.896181852559909,1.1102643741962623,0.4666666666666667,-5.6,2.776088375154268,-1.0,-11.0,-6.0,0.5,0.14433691848885163,-0.11240885525795896,6.250333324444918,586.0,39.06666666666667,5.6,0.0,-6.0,-1.0,10.0,1.3792922544726758,7.706666666666666,0.49573006699183364,-1.0,0.1714285714285714,1.7599061408419994,1.1161309507937356,0.4666666666666667,0.5333333333333333,0.49888765156985887,1.0,0.0,1.0,1.0,-0.13363062095621212,-1.9821428571428568,0.7302967433402214,8.0,0.5333333333333333,0.5333333333333333,0.35714285714285715,1.0,0.0,1.0,0.0,0.24888888888888888,0.9354143466934854,1.0,-0.057142857142857134,1.3693063937629153,1.3693063937629153,0.06666666666666667,normal
-248.0,3.011090610836324,-241.0,-254.0,-248.0,2.5,0.5274618068290274,0.6137543252595159,248.01827889626736,922696.0,61513.066666666666,248.0,0.0,-254.0,-241.0,13.0,1.6350915928128067,9.066666666666666,0.012141494398533565,-244.2,0.40357142857142025,1.0241180655327202,1.0000737052268844,0.3333333333333333,193.2,9.696734845640911,219.0,181.0,190.0,11.0,1.1575257298549195,0.8943041707191659,193.44318718080166,561304.0,37420.26666666667,193.2,0.0,219.0,183.0,38.0,1.3624474851916282,94.02666666666666,0.05019013895259271,204.2,-2.04285714285714,1.1321153419340204,1.0012587328198843,0.06666666666666667,-1275.5333333333333,49.67744849414962,-1227.0,-1428.0,-1259.0,45.0,-1.8599188583169424,3.202979430816482,1276.500345998125,24441797.0,1629453.1333333333,1275.5333333333333,0.0,-1428.0,-1227.0,201.0,1.2293362159076602,2467.8488888888883,0.038946413391117145,-1234.4,9.760714285714297,1.1186835980709537,1.0007581241818784,0.06666666666666667,292.1333333333333,9.824233077220612,308.0,276.0,291.0,9.5,-0.0059853525120103545,-0.8296600218477002,292.2984775875509,1281576.0,85438.4,292.1333333333333,0.0,308.0,307.0,32.0,1.4594818738690833,96.51555555555557,0.03362927799139872,306.6,-0.3607142857142874,1.0537174279593915,1.0005653043845877,0.3333333333333333,-80.73333333333333,22.359089625673242,-20.0,-112.0,-89.0,19.0,1.3193741442649107,1.3148896339808864,83.77231046115416,105267.0,7017.8,80.73333333333333,0.0,-20.0,-95.0,92.0,1.414175464056979,499.9288888888889,0.27694991278703435,-52.800000000000004,-4.025000000000001,1.336957276019446,1.0376421609556667,0.06666666666666667,-64.4,6.096993794759294,-51.0,-78.0,-64.0,6.5,0.018848812095917242,0.5179165062812747,64.68796899991013,62768.0,4184.533333333334,64.4,0.0,-51.0,-71.0,27.0,1.5426719687381505,37.17333333333334,0.0946738166888089,-57.8,-0.8392857142857153,1.2057883591940932,1.0044715683215857,0.06666666666666667,obstruction
-2.6666666666666665,2.521022720158538,1.0,-7.0,-2.0,3.5,-0.4530665801057576,-1.0616411560467505,3.669695718539436,202.0,13.466666666666667,2.8,0.42857142857142855,-5.0,-2.0,8.0,1.5472867333409475,6.355555555555555,0.9453835200594518,0.0,0.07142857142857137,1.9075151012209939,1.3106056137640842,0.13333333333333333,-2.8,5.035871324805669,4.0,-11.0,-1.0,10.0,-0.07379236061435933,-1.443157957587398,5.761944116355173,498.0,33.2,4.8,0.5,4.0,-8.0,15.0,1.5472867333409472,25.360000000000003,1.7985254731448819,3.5999999999999996,-0.06428571428571425,1.9090778698767141,1.2004050242406612,0.26666666666666666,78.33333333333333,1.1352924243950933,81.0,77.0,78.0,1.5,0.6884650849482858,-0.11950059453030804,78.341559851716,92061.0,6137.4,78.33333333333333,0.0,78.0,79.0,4.0,1.3397942802855758,1.2888888888888885,0.01449309477951183,79.6,-0.07142857142857172,1.0339339700832593,1.0001050193836085,0.06666666666666667,-13.933333333333334,11.555470085153994,4.0,-31.0,-17.0,20.0,0.08824468965075603,-1.4357084069712436,18.101565309847285,4915.0,327.6666666666667,14.466666666666667,0.5,-28.0,4.0,35.0,1.5641315026219946,133.52888888888884,0.8293399582646407,0.0,0.4464285714285709,1.71255907814425,1.2512602748742363,0.26666666666666666,-22.6,4.659041389241639,-16.0,-32.0,-21.0,6.0,-0.5864795360569209,-0.8065638790454517,23.07523925480875,7987.0,532.4666666666667,22.6,0.0,-28.0,-21.0,16.0,1.4594818738690847,21.706666666666663,0.2061522738602495,-17.4,0.09999999999999981,1.3867678530497307,1.0210282856110067,0.13333333333333333,-10.466666666666667,3.8273866918419523,-1.0,-16.0,-10.0,5.0,0.6018411908342433,0.29309798873598014,11.144505372604026,1863.0,124.2,10.466666666666667,0.0,-9.0,-10.0,15.0,1.4897503188505914,14.648888888888886,0.36567388775560056,-7.0,0.2607142857142852,1.435685072155108,1.0647616598029324,0.13333333333333333,normal
-0.26666666666666666,9.426676096176331,22.0,-13.0,-2.0,4.5,1.176162139238829,0.649358391592699,9.430447143870397,1334.0,88.93333333333334,6.8,0.14285714285714285,22.0,0.0,35.0,1.617053152509554,88.86222222222223,35.350035360661245,14.599999999999996,-0.946428571428571,2.3328692334911776,1.386830462333882,0.06666666666666667,1.6,2.9393876913398134,7.0,-5.0,1.0,2.0,-0.07749157365286288,0.4150377229080946,3.3466401061363023,168.0,11.2,2.6666666666666665,0.2857142857142857,1.0,1.0,12.0,1.39539709232679,8.639999999999999,1.8371173070873832,5.399999999999999,0.060714285714285686,2.091650066335189,1.2549900398011133,0.2,7.6,5.782732917920384,15.0,-3.0,6.0,9.0,-0.2120650922115727,-1.1886976030768532,9.549869109050658,1368.0,91.2,8.133333333333333,0.14285714285714285,12.0,4.0,18.0,1.459481873869085,33.440000000000005,0.7608859102526822,15.0,-0.3714285714285712,1.570702156093858,1.1741642347193433,0.3333333333333333,2.3333333333333335,4.437216344611663,14.0,-5.0,2.0,3.5,0.9776057034693004,1.1975373122920372,5.013315602805526,377.0,25.133333333333333,3.533333333333333,0.5,4.0,1.0,19.0,1.5867847075280472,19.688888888888886,1.9016641476907126,6.999999999999998,-0.44642857142857134,2.792563067875757,1.4188629064543943,0.2,-1.3333333333333333,13.434615323442978,27.0,-21.0,-2.0,6.0,0.8926895705312926,0.2760560586733196,13.50061726983869,2734.0,182.26666666666668,10.133333333333333,0.07142857142857142,27.0,-1.0,48.0,1.5867847075280475,180.48888888888888,10.075961492582234,20.999999999999993,-1.3535714285714284,1.9999085567976111,1.332297756891976,0.06666666666666667,-3.066666666666667,0.24944382578492943,-3.0,-4.0,-3.0,0.0,-3.4743961448615135,10.07142857142856,3.0767948691238205,142.0,9.466666666666667,3.066666666666667,0.0,-3.0,-3.0,1.0,0.0,0.06222222222222222,0.08134037797334655,-3.0,-0.014285714285714332,1.3000541700523183,1.0033026747142892,0.06666666666666667,collision
-7.066666666666666,12.943295132573038,5.0,-40.0,-4.0,6.0,-1.7724605210085407,1.8202135616852422,14.746751054610865,3262.0,217.46666666666667,8.666666666666666,0.42857142857142855,-37.0,-4.0,45.0,1.5065950881316383,167.5288888888889,1.8315983678169394,3.1999999999999993,1.503571428571428,2.712461873932103,1.701548198608946,0.06666666666666667,-3.8,4.8194052191807515,4.0,-13.0,-3.0,6.0,-0.09776777991591769,-0.7191919498155261,6.137317546507322,565.0,37.666666666666664,5.0,0.5714285714285714,-10.0,-3.0,17.0,1.459481873869085,23.226666666666667,1.2682645313633558,2.799999999999999,0.0214285714285713,2.118189241714917,1.2274635093014645,0.4,81.06666666666666,8.955197125443725,97.0,59.0,80.0,11.0,-0.5229601697814049,0.43938563734522074,81.55979401641473,99780.0,6652.0,81.06666666666666,0.0,59.0,80.0,38.0,1.489750318850591,80.19555555555554,0.11046706980399332,90.6,0.9714285714285704,1.1893114882129028,1.0060829853998527,0.06666666666666667,-3.6,11.283025598954682,19.0,-24.0,-5.0,11.5,0.35642330774972725,-0.1628238614096147,11.843422928641308,2104.0,140.26666666666668,9.466666666666667,0.5714285714285714,19.0,-9.0,43.0,1.5246335284348944,127.30666666666667,3.1341737774874114,12.199999999999996,-0.4035714285714286,2.0264411855089692,1.2510658023212649,0.4,-19.466666666666665,17.67810950174129,-1.0,-81.0,-16.0,9.5,-2.667454408880068,6.916620228380996,26.29575377635459,10372.0,691.4666666666667,19.466666666666665,0.0,-11.0,-16.0,80.0,1.3378606778364337,312.51555555555564,0.9081220634456143,-6.8000000000000025,0.9249999999999988,3.080345240866836,1.3508092693332838,0.2,-7.266666666666667,3.315954697452237,-1.0,-13.0,-7.0,4.0,0.05893295969086645,-0.8374084823310373,7.987490219086343,957.0,63.8,7.266666666666667,0.0,-9.0,-3.0,12.0,1.5641315026219944,10.995555555555557,0.4563240409337941,-3.4000000000000004,0.34642857142857136,1.6275450289674367,1.0991959017091297,0.2,collision
-23.266666666666666,26.56681304853022,3.0,-74.0,-2.0,45.5,-0.43012765748029946,-1.3884442946688067,35.3147750004631,18707.0,1247.1333333333334,24.2,0.14285714285714285,-74.0,-1.0,77.0,1.1595697967390537,705.7955555555557,1.1418401023723592,1.0,5.300000000000001,2.095440222938688,1.4592882231596322,0.06666666666666667,11.733333333333333,15.809139410128843,53.0,-3.0,1.0,23.0,1.0994479332639724,0.4920128509397008,19.687559523719543,5814.0,387.6,12.8,0.21428571428571427,30.0,0.0,56.0,1.0625354080615976,249.92888888888893,1.3473698360905264,27.599999999999998,-2.853571428571428,2.6920553528305873,1.5380905877905893,0.06666666666666667,5.8,16.338910612400085,55.0,-26.0,5.0,9.0,1.3106372074251291,3.489637440170318,17.337819932159867,4509.0,300.6,10.866666666666667,0.6428571428571429,55.0,8.0,81.0,1.7670091910745693,266.9600000000001,2.817053553862084,16.0,-0.9142857142857143,3.172255809277421,1.5955049017325031,0.26666666666666666,-20.666666666666668,42.83871561514836,31.0,-149.0,-2.0,36.0,-1.8120406821833432,2.8518504500376203,47.56329116731376,33934.0,2262.266666666667,26.933333333333334,0.35714285714285715,-149.0,1.0,180.0,1.1699929969668563,1835.1555555555558,2.0728410781523396,4.0,5.985714285714286,3.1326679954896632,1.7659637809646196,0.2,-34.46666666666667,49.32999988737978,9.0,-163.0,1.0,73.5,-1.0769955565965712,0.48119146088804987,60.17806909497845,54321.0,3621.4,40.06666666666667,0.07142857142857142,-163.0,3.0,172.0,1.1369165918330009,2433.4488888888886,1.4312379077576336,7.6,9.899999999999997,2.7086279512016036,1.5019484799079479,0.06666666666666667,-1.4,5.896891836665595,20.0,-5.0,-3.0,2.0,3.1415634940956685,8.588165484210927,6.060803027102377,551.0,36.733333333333334,4.2,0.07142857142857142,20.0,-5.0,25.0,1.274642625719766,34.773333333333326,4.212065597618282,0.1999999999999993,-0.7571428571428571,3.299892755228154,1.44304833978628,0.06666666666666667,collision
-2.3333333333333335,5.940445175985458,18.0,-7.0,-4.0,4.0,2.5635081314403423,6.245910766517142,6.382267099811268,611.0,40.733333333333334,4.866666666666666,0.21428571428571427,18.0,-5.0,25.0,1.020036958401841,35.28888888888889,2.545905075422339,0.1999999999999993,-0.6000000000000001,2.820314430358498,1.311424746536562,0.4,-1.2,13.673331708109773,46.0,-18.0,-4.0,4.0,2.52936541825625,6.711097763298412,13.725887949418793,2826.0,188.4,7.6,0.42857142857142855,46.0,-4.0,64.0,1.1710598699903711,186.9600000000001,11.394443090091478,1.0,-1.3571428571428572,3.351331452618176,1.80603788808142,0.2,82.86666666666666,2.246973272847029,86.0,77.0,83.0,2.5,-0.8560289531021417,0.7718148680817163,82.8971250004084,103079.0,6871.933333333333,82.86666666666666,0.0,84.0,84.0,9.0,1.2351446515326663,5.04888888888889,0.02711552622100196,85.6,0.032142857142860304,1.0374304295785448,1.0003675583315574,0.3333333333333333,-21.2,20.536796244789496,17.0,-88.0,-19.0,5.5,-1.8246441175464416,5.293914359308834,29.516097302997224,13068.0,871.2,23.466666666666665,0.14285714285714285,-88.0,-18.0,105.0,1.5821699429252507,421.76,0.9687168039995045,-8.800000000000004,2.2571428571428562,2.9814239699997196,1.2577882373436318,0.2,-19.6,8.73155198117723,9.0,-29.0,-22.0,5.0,2.259370037311355,4.871520211757428,21.45693361130616,6906.0,460.4,20.8,0.07142857142857142,9.0,-22.0,38.0,1.5226999259857523,76.24,0.44548734597843004,-13.000000000000002,-0.7821428571428574,1.3515444716070344,1.0315833466974114,0.4,-9.8,2.343786110832926,-4.0,-14.0,-9.0,1.5,0.22492857329548344,0.9598925440663582,10.076375009562383,1523.0,101.53333333333333,9.8,0.0,-14.0,-9.0,10.0,1.6792043316027065,5.493333333333333,0.23916184804417612,-8.4,0.2428571428571428,1.3893885436691404,1.0282015315879982,0.26666666666666666,collision
-9.533333333333333,2.0612833111653743,-6.0,-13.0,-9.0,3.0,-0.226463841312866,-0.9521629523292656,9.75363180222287,1427.0,95.13333333333334,9.533333333333333,0.0,-6.0,-13.0,7.0,1.5641315026219944,4.248888888888889,0.2162185291432211,-7.4,-0.4464285714285715,1.3328368615511277,1.023108231002399,0.06666666666666667,2.466666666666667,1.203698005684519,5.0,0.0,2.0,1.0,0.19299761015529557,-5.6456772928648036e-05,2.74469184669852,113.0,7.533333333333333,2.466666666666667,0.14285714285714285,3.0,2.0,5.0,1.3605138827424867,1.4488888888888884,0.48798567798021036,4.0,0.021428571428571463,1.8216981283397258,1.1127129108237244,0.26666666666666666,40.0,10.627009613872255,53.0,15.0,42.0,7.5,-0.941887272529432,0.06623209354775295,41.38759878675415,25694.0,1712.9333333333334,40.0,0.0,52.0,15.0,38.0,1.5821699429252507,112.93333333333334,0.2656752403468064,52.0,-2.2071428571428564,1.2805768286553105,1.0346899696688536,0.06666666666666667,-20.266666666666666,4.057366414587451,-15.0,-29.0,-21.0,6.5,-0.3694672656342863,-0.7477101399922561,20.668817092422103,6408.0,427.2,20.266666666666666,0.0,-15.0,-25.0,14.0,1.4019454593787286,16.462222222222223,0.20019900071977553,-15.4,-0.7999999999999999,1.4030798119855825,1.0198429486392486,0.06666666666666667,-22.4,2.6280537792569363,-17.0,-27.0,-22.0,3.5,-0.06875619598091905,-0.33315692968202537,22.55363976538303,7630.0,508.6666666666667,22.4,0.0,-17.0,-25.0,10.0,1.4897503188505912,6.906666666666666,0.11732382943111323,-20.0,-0.4857142857142856,1.1971460163800953,1.0068589180974568,0.06666666666666667,4.866666666666666,0.8844332774281065,6.0,3.0,5.0,0.0,-0.8933986715755884,0.24677169421487521,4.946379147079878,367.0,24.466666666666665,4.866666666666666,0.0,3.0,6.0,3.0,0.6277052571971504,0.782222222222222,0.1817328652249534,6.0,0.1535714285714287,1.2130085101830765,1.0163792767972353,0.06666666666666667,collision
-4.466666666666667,10.626173137849559,9.0,-31.0,0.0,13.0,-1.038023608353224,0.28967020908324104,11.526780412008666,1993.0,132.86666666666667,7.8,0.42857142857142855,-12.0,3.0,40.0,1.450252344663491,112.91555555555556,2.378993986085722,5.399999999999999,1.4928571428571427,2.6893893083713145,1.4777923605139316,0.06666666666666667,-5.133333333333334,7.246761728907302,5.0,-20.0,-5.0,9.0,-0.4822393807391943,-0.4753642399436351,8.880690663831652,1183.0,78.86666666666666,6.866666666666666,0.5714285714285714,-20.0,5.0,25.0,1.3229495110045284,52.51555555555555,1.4117068303066171,4.199999999999999,0.9357142857142852,2.2520770914196917,1.2933044656065513,0.3333333333333333,81.73333333333333,8.00388794413204,109.0,73.0,80.0,5.5,2.4897316848614013,6.118614243290477,82.12429603960085,101166.0,6744.4,81.73333333333333,0.0,109.0,77.0,36.0,1.4368286689630319,64.06222222222223,0.09792685086621583,85.0,-0.6357142857142845,1.3272564302705196,1.004783393632963,0.4,7.666666666666667,12.10876633774978,32.0,-12.0,8.0,14.0,0.22818670671426952,-0.5257534386539642,14.331782861877304,3081.0,205.4,11.4,0.35714285714285715,27.0,-12.0,44.0,1.4897503188505914,146.6222222222222,1.5794043049238842,22.599999999999994,-1.4035714285714285,2.2327996668942243,1.257173935252395,0.3333333333333333,-8.866666666666667,20.681285152416315,16.0,-53.0,0.0,25.5,-0.8471629172231909,-0.5345943535033575,22.501851775650227,7595.0,506.3333333333333,15.533333333333333,0.42857142857142855,-44.0,3.0,69.0,1.270027861116969,427.71555555555557,2.332475769069509,12.399999999999999,3.092857142857142,2.355361706601966,1.448617067101946,0.06666666666666667,-1.8666666666666667,5.264556539306569,6.0,-14.0,-1.0,6.5,-0.48355291916722315,-0.16617790881722616,5.585696017507576,468.0,31.2,4.266666666666667,0.6428571428571429,-14.0,-2.0,20.0,1.4897503188505912,27.715555555555557,2.8202981460570906,4.799999999999999,0.4214285714285713,2.506402059138015,1.3091475041033382,0.26666666666666666,collision
-6.133333333333334,13.475244792664148,8.0,-39.0,-1.0,7.0,-1.4362452467478062,0.8220654889611381,14.805404418657398,3288.0,219.2,8.666666666666666,0.5714285714285714,-39.0,-5.0,47.0,1.39539709232679,181.58222222222224,2.1970507814126328,4.999999999999998,2.117857142857142,2.6341732314217086,1.708315894460469,0.06666666666666667,4.666666666666667,10.891382934330343,31.0,-6.0,1.0,6.5,1.6179493562473966,1.37121230519399,11.8490505948789,2106.0,140.4,6.933333333333334,0.21428571428571427,3.0,0.0,37.0,1.39539709232679,118.62222222222222,2.333867771642216,21.999999999999993,-1.5821428571428573,2.6162433649661385,1.7089976819536874,0.06666666666666667,18.733333333333334,4.312256434345661,28.0,11.0,18.0,4.0,0.5116517349766085,-0.13098108427260158,19.223249811968145,5543.0,369.53333333333336,18.733333333333334,0.0,11.0,20.0,17.0,1.6397063574156066,18.595555555555556,0.23019162460919898,24.799999999999997,0.5178571428571431,1.4565695329292119,1.026152125194029,0.4666666666666667,-8.533333333333333,20.93439487754277,11.0,-60.0,2.0,19.5,-1.3753792998683467,0.7401159953456018,22.606783642673864,7666.0,511.06666666666666,15.066666666666666,0.21428571428571427,5.0,-3.0,71.0,1.0775733728921972,438.2488888888889,2.453249399712043,8.2,2.964285714285713,2.6540706076710774,1.5004502417703893,0.06666666666666667,-13.066666666666666,23.07225365864568,10.0,-67.0,-2.0,16.0,-1.3821823042209633,0.5819991947313468,26.51540432779909,10546.0,703.0666666666667,16.0,0.42857142857142855,-67.0,-11.0,77.0,1.2868726303980162,532.3288888888889,1.7657336983657408,5.399999999999999,3.742857142857142,2.5268330503923844,1.657212770487443,0.06666666666666667,-2.7333333333333334,6.115190557583268,15.0,-16.0,-2.0,2.5,0.8637853777898756,3.2661851909127,6.698258480132479,673.0,44.86666666666667,4.733333333333333,0.14285714285714285,-2.0,-3.0,31.0,1.2868726303980162,37.39555555555556,2.23726483814022,-1.0,0.15000000000000008,2.3886805872686403,1.4151250310139039,0.4,collision
15.533333333333333,18.686418121786268,59.0,-2.0,2.0,29.0,0.845872747168328,-0.4035497983895766,24.29951988551763,8857.0,590.4666666666667,15.933333333333334,0.42857142857142855,59.0,0.0,61.0,1.2868726303980162,349.18222222222226,1.2029882911021204,38.599999999999994,-3.832142857142856,2.428031511649893,1.5250744698023617,0.06666666666666667,1.8666666666666667,3.7747700445045504,9.0,-6.0,1.0,4.0,0.09609500218175786,-0.29546966094841487,4.211096452627668,266.0,17.733333333333334,3.066666666666667,0.5,-6.0,1.0,15.0,1.459481873869085,14.248888888888887,2.0221982381274377,7.0,-0.046428571428571354,2.1372106056568994,1.3731836258568482,0.06666666666666667,24.333333333333332,19.730405188157917,56.0,-3.0,23.0,36.5,0.22661717171171888,-1.4105386632738306,31.327304384514157,14721.0,981.4,24.866666666666667,0.21428571428571427,46.0,-1.0,59.0,1.3624474851916286,389.2888888888889,0.8108385693763528,50.0,-3.8142857142857127,1.78757799626329,1.2598111682780493,0.06666666666666667,0.13333333333333333,14.628131193772573,41.0,-19.0,-6.0,11.5,1.435753458495338,1.697992101694017,14.628738838327793,3210.0,214.0,10.533333333333333,0.5,41.0,-11.0,60.0,1.5821699429252505,213.98222222222222,109.7109839532943,17.599999999999994,-2.6607142857142856,2.802702300801119,1.3888043200944107,0.06666666666666667,50.333333333333336,70.8092900370817,191.0,-17.0,-3.0,126.0,0.49431555219149886,-1.2593893408645118,86.87577337785258,113211.0,7547.4,63.0,0.07142857142857142,191.0,-17.0,208.0,1.1369165918330009,5013.955555555556,1.4068070868294376,136.4,-14.999999999999995,2.1985415792418377,1.3789805298071838,0.06666666666666667,-12.333333333333334,12.174654911833116,0.0,-35.0,-4.0,21.5,-0.48769606016609485,-1.3511534337778637,17.33012790874128,4505.0,300.3333333333333,12.333333333333334,0.14285714285714285,-14.0,-2.0,35.0,1.2868726303980162,148.2222222222222,0.9871341820405228,-1.0,2.2214285714285706,2.0196042512961534,1.4051455061141576,0.06666666666666667,collision
-2.2,0.39999999999999997,-2.0,-3.0,-2.0,0.0,-1.4999999999999993,0.24999999999999867,2.23606797749979,75.0,5.0,2.2,0.0,-2.0,-2.0,1.0,0.0,0.15999999999999998,0.1818181818181818,-2.0,0.032142857142857084,1.3416407864998738,1.016394535227177,0.06666666666666667,68.26666666666667,3.889587238883953,77.0,64.0,67.0,5.5,0.756980062751056,-0.4606020980363197,68.37738417537385,70132.0,4675.466666666666,68.26666666666667,0.0,77.0,64.0,13.0,1.4368286689630316,15.128888888888893,0.056976375569589156,73.6,-0.864285714285714,1.1261033297575544,1.0016218385064528,0.06666666666666667,-442.3333333333333,19.129964860280207,-420.0,-487.0,-437.0,26.0,-0.8581322185904926,-0.19293389394931904,442.7468049950596,2940371.0,196024.73333333334,442.3333333333333,0.0,-487.0,-420.0,67.0,1.4368286689630316,365.9555555555556,0.04324784821465005,-422.2,4.228571428571431,1.0999514722764272,1.0009347513075952,0.06666666666666667,171.2,3.429285639896449,179.0,167.0,170.0,4.5,0.89108421805816,-0.23330556712479655,171.23434234989196,439818.0,29321.2,171.2,0.0,179.0,167.0,12.0,1.4368286689630327,11.759999999999998,0.02003087406481571,176.2,-0.7499999999999987,1.0453510525023075,1.000200597838154,0.06666666666666667,207.66666666666666,8.576453553512406,227.0,198.0,205.0,11.5,0.8237500423414055,-0.413158879528297,207.84369126822205,647985.0,43199.0,207.66666666666666,0.0,227.0,198.0,29.0,1.3953970923267904,73.55555555555557,0.0412991342865766,219.8,-1.8928571428571355,1.092166900110799,1.000852445914392,0.06666666666666667,30.666666666666668,2.086996778999804,36.0,28.0,30.0,2.5,1.1066254786606085,0.614119117034567,30.737599125501003,14172.0,944.8,30.666666666666668,0.0,36.0,29.0,8.0,1.3624474851916284,4.355555555555555,0.06805424279347186,33.2,-0.43214285714285683,1.1712040310309442,1.0023130149619892,0.06666666666666667,obstruction
4.533333333333333,4.645667037382492,10.0,-1.0,1.0,9.0,0.11419946158123044,-1.8756249168813057,6.491019437140312,632.0,42.13333333333333,4.8,0.35714285714285715,1.0,-1.0,11.0,0.6909233093138181,21.582222222222224,1.0247794935402557,10.0,0.6142857142857141,1.540590056283302,1.3522957160708984,0.06666666666666667,1.9333333333333333,1.8061622912192088,5.0,-1.0,1.0,2.0,0.1673552063970752,-0.7971809130663963,2.6457513110645907,105.0,7.0,2.2,0.14285714285714285,1.0,1.0,6.0,1.459481873869085,3.2622222222222224,0.9342218747685562,4.6,0.16785714285714282,1.889822365046136,1.2026142323020865,0.06666666666666667,-17.4,14.183558556770347,-1.0,-45.0,-14.0,25.5,-0.4492005235857659,-1.1802983823990805,22.448459486863086,7559.0,503.93333333333334,17.4,0.0,-14.0,-3.0,44.0,1.459481873869085,201.17333333333335,0.8151470434925487,-2.4000000000000004,-1.4642857142857142,2.004591897556897,1.2901413498197176,0.06666666666666667,3.0,3.4641016151377544,8.0,-1.0,3.0,6.5,0.12509255832441893,-1.6333333333333333,4.58257569495584,315.0,21.0,3.533333333333333,0.5714285714285714,4.0,-1.0,9.0,1.459481873869085,12.0,1.1547005383792515,7.6,-0.3999999999999999,1.7457431218879391,1.2969553853648603,0.06666666666666667,-6.0,5.89915248150105,2.0,-16.0,-3.0,10.0,-0.46568154415337265,-1.2213634562029325,8.414273587185052,1062.0,70.8,6.266666666666667,0.35714285714285715,-3.0,0.0,18.0,1.5641315026219944,34.8,0.9831920802501749,0.0,-0.5892857142857142,1.9015307541661133,1.3427032319976147,0.06666666666666667,2.6,2.3607908279501033,8.0,-2.0,2.0,3.0,0.39156451428535294,0.23869645841441223,3.5118845842842465,185.0,12.333333333333334,2.8666666666666667,0.2857142857142857,3.0,2.0,10.0,1.4897503188505912,5.573333333333334,0.9079964722885012,5.199999999999999,-0.1964285714285713,2.2779791898059973,1.2250760177735744,0.3333333333333333,collision
-20.666666666666668,25.278888864469938,-1.0,-79.0,-6.0,25.0,-1.2987137782346718,0.16409543521199543,32.6516972504238,15992.0,1066.1333333333334,20.666666666666668,0.0,-46.0,-1.0,78.0,0.7647544195674197,639.0222222222222,1.2231720418291905,-2.8000000000000007,4.685714285714286,2.419476065642334,1.5799208346979259,0.06666666666666667,10.2,17.795879672928038,66.0,-11.0,3.0,5.5,2.0413963562462474,3.748473894269072,20.51178523028489,6311.0,420.73333333333335,11.666666666666666,0.14285714285714285,66.0,1.0,77.0,1.4141754640569788,316.6933333333334,1.7446940855811803,28.6,-2.3892857142857147,3.217662395497075,1.758153019738705,0.26666666666666666,5.533333333333333,12.43042861511845,30.0,-21.0,8.0,14.0,-0.17162710934498346,-0.14467480613122197,13.60637105672682,2777.0,185.13333333333333,10.866666666666667,0.5,-21.0,19.0,51.0,1.4897503188505912,154.51555555555558,2.24646300273225,19.0,1.3000000000000003,2.2048494690410765,1.2521200358951061,0.26666666666666666,-11.133333333333333,31.114555364902063,23.0,-115.0,0.0,11.0,-2.4023411286791827,5.435482564148144,33.04643198087604,16381.0,1092.0666666666666,16.2,0.42857142857142855,-115.0,7.0,138.0,1.6151195500604119,968.1155555555557,2.7947205417576706,4.999999999999998,4.2821428571428575,3.479952088823098,2.039903208696052,0.26666666666666666,-21.933333333333334,33.24347889269246,4.0,-111.0,-6.0,13.5,-1.6449349012556265,1.27561577305213,39.827126434127784,23793.0,1586.2,22.466666666666665,0.14285714285714285,-11.0,4.0,115.0,1.3792922544726756,1105.128888888889,1.5156601318856744,-0.40000000000000036,5.114285714285713,2.7870451608802065,1.7727207611629578,0.06666666666666667,-2.4,0.6110100926607788,-1.0,-3.0,-2.0,1.0,0.4909902530309822,-0.6428571428571441,2.4765567494675613,92.0,6.133333333333334,2.4,0.0,-1.0,-3.0,2.0,0.6909233093138181,0.3733333333333334,0.25458753860865785,-2.0,-0.06071428571428574,1.2113592796308723,1.031898645611484,0.2,collision
-4.2,35.073636823118306,21.0,-133.0,1.0,8.5,-3.2483450334846404,9.15537480104481,35.324212659307776,18717.0,1247.8,13.933333333333334,0.42857142857142855,-133.0,0.0,154.0,1.4368286689630323,1230.1600000000005,8.350865910266263,14.6,2.2857142857142856,3.7651228431542996,2.5352305736345295,0.3333333333333333,-1.8,10.087616170334794,17.0,-34.0,0.0,4.5,-1.703689279192925,4.754216358134566,10.246950765959598,1575.0,105.0,5.533333333333333,0.5,-34.0,0.0,51.0,1.4302803019110935,101.76,5.604231205741552,4.399999999999999,0.5035714285714287,3.318060248025013,1.8518585721613732,0.26666666666666666,58.2,12.576167937809991,79.0,18.0,60.0,5.0,-1.8323873247617517,4.518237807625328,59.543261583490704,53181.0,3545.4,58.2,0.0,18.0,60.0,61.0,1.8594288151492289,158.16,0.2160853597561854,67.8,0.6821428571428584,1.3267664198950093,1.0230800959362663,0.26666666666666666,-8.2,14.85575085054045,21.0,-45.0,-5.0,8.5,-0.89593338664061,1.351214100717141,16.968598449292543,4319.0,287.93333333333334,11.266666666666667,0.35714285714285715,21.0,-8.0,66.0,1.4548671092662881,220.69333333333327,1.8116769329927378,1.1999999999999993,0.28214285714285625,2.6519573867266653,1.506088619759693,0.26666666666666666,13.333333333333334,35.358481616469646,131.0,-6.0,-2.0,16.0,2.525579705440109,5.400124921505446,37.78888725538237,21420.0,1428.0,18.4,0.07142857142857142,131.0,-6.0,137.0,1.020036958401841,1250.2222222222222,2.6518861212352234,42.19999999999999,-5.621428571428568,3.4666276123635082,2.053743872575129,0.06666666666666667,-3.3333333333333335,10.377325709877708,7.0,-41.0,-1.0,2.0,-3.104910069379837,8.643458386228144,10.89954127475097,1782.0,118.8,4.533333333333333,0.5,-41.0,-1.0,48.0,1.679204331602707,107.68888888888885,3.113197712963312,1.0,1.0499999999999998,3.7616261975150653,2.404310575312714,0.4666666666666667,collision
0.2,0.9092121131323904,2.0,-1.0,0.0,0.5,0.6599120175960902,-0.2637877211238284,0.9309493362512627,13.0,0.8666666666666667,0.6,0.6428571428571429,0.0,0.0,3.0,1.009613758174038,0.8266666666666665,4.546060565661952,1.5999999999999996,0.09642857142857143,2.1483446221182985,1.551582227085438,0.06666666666666667,0.3333333333333333,0.699205898780101,2.0,0.0,0.0,0.0,1.7769075526849691,1.400826446280993,0.7745966692414834,9.0,0.6,0.3333333333333333,0.21428571428571427,1.0,0.0,2.0,0.5004024235381879,0.4888888888888888,2.0976176963403033,1.5999999999999996,-0.0964285714285714,2.581988897471611,2.32379000772445,0.06666666666666667,15.466666666666667,6.91728912861743,27.0,-1.0,17.0,7.5,-0.5674687221580648,0.2255288207703794,16.94304183630161,4306.0,287.06666666666666,15.6,0.14285714285714285,17.0,6.0,28.0,1.4019454593787286,47.84888888888889,0.44723852124681657,23.799999999999997,-0.09285714285714211,1.5935745340692413,1.0860924254039495,0.13333333333333333,1.0,1.5491933384829668,3.0,-2.0,1.0,2.0,-0.3227486121839514,-1.0555555555555556,1.8439088914585775,51.0,3.4,1.5333333333333334,0.7142857142857143,3.0,0.0,5.0,1.3953970923267898,2.4,1.5491933384829668,3.0,0.007142857142857135,1.6269784336399213,1.2025492770382027,0.4666666666666667,-4.933333333333334,1.7688665548562132,-2.0,-8.0,-4.0,2.0,-0.3178931754443818,-0.9244979984504127,5.240865068542279,412.0,27.466666666666665,4.933333333333334,0.0,-4.0,-7.0,6.0,1.5124035237566444,3.128888888888889,0.35855403138977293,-3.0,0.13214285714285706,1.5264655539443532,1.0623375138937052,0.06666666666666667,-0.4,0.7118052168020875,1.0,-2.0,0.0,1.0,-0.3549167285993789,-0.0789473684210531,0.816496580927726,10.0,0.6666666666666666,0.5333333333333333,0.6428571428571429,1.0,0.0,3.0,0.8532361505557784,0.5066666666666668,1.7795130420052188,0.0,-0.03928571428571429,2.449489742783178,1.5309310892394863,0.4,normal
16.6,37.396613037368326,68.0,-30.0,2.0,79.0,0.2506772320630658,-1.5793686351654372,40.91535978904092,25111.0,1674.0666666666666,32.06666666666667,0.14285714285714285,62.0,2.0,98.0,1.2654130965141723,1398.506666666667,2.2528080142992963,64.0,-6.6321428571428545,1.6619675434997307,1.275946770968012,0.06666666666666667,-17.866666666666667,38.75025447945113,13.0,-136.0,-2.0,11.0,-2.109006288339385,3.359821397787977,42.670833129902675,27312.0,1820.8,21.6,0.42857142857142855,-136.0,-1.0,149.0,1.529248293037691,1501.582222222222,2.1688575268349513,7.799999999999997,5.31785714285714,3.187188766293258,1.9755015337917905,0.06666666666666667,81.0,20.471117865584837,103.0,10.0,83.0,9.5,-2.608021654068012,6.8099997783052775,83.54679327578448,104701.0,6980.066666666667,81.0,0.0,10.0,84.0,93.0,1.4019454593787288,419.06666666666666,0.2527298501924054,98.4,1.1071428571428599,1.2328420512801885,1.0314418922936355,0.13333333333333333,19.933333333333334,110.18074040210274,421.0,-39.0,-9.0,23.0,3.172744766707059,8.725531328682155,111.96934104179293,188057.0,12537.133333333333,49.53333333333333,0.21428571428571427,421.0,-18.0,460.0,1.4302803019110928,12139.795555555555,5.527461893082077,49.599999999999994,-13.189285714285713,3.7599578249090557,2.2604846778289285,0.06666666666666667,33.733333333333334,125.40625538181455,459.0,-65.0,-14.0,104.5,2.493978434607543,5.906578778977503,129.86403145854771,252970.0,16864.666666666668,75.06666666666666,0.07142857142857142,459.0,-15.0,524.0,1.0775733728921972,15726.72888888889,3.7175767405676248,92.0,-19.17142857142857,3.534465970637233,1.7299826570854493,0.06666666666666667,-2.7333333333333334,25.27836140962376,90.0,-19.0,-10.0,5.0,3.248525288222191,9.095596107580215,25.425708774125976,9697.0,646.4666666666667,15.133333333333333,0.07142857142857142,90.0,-19.0,109.0,1.6170531525095537,638.9955555555556,9.248181003520887,0.5999999999999979,-3.053571428571429,3.5397243317593143,1.6801129145898221,0.2,collision
-24.466666666666665,34.54632960082574,6.0,-96.0,3.0,58.0,-0.6653702774504263,-1.0064196913528103,42.33280839569549,26881.0,1792.0666666666666,29.4,0.07142857142857142,-61.0,3.0,102.0,1.3217558399823197,1193.4488888888889,1.411975324284431,6.0,7.014285714285713,2.267744655697389,1.4398914420304587,0.06666666666666667,15.333333333333334,38.897586329002756,150.0,-8.0,0.0,17.0,2.732984099233286,6.639376679827601,41.81068443990523,26222.0,1748.1333333333334,19.066666666666666,0.2857142857142857,150.0,0.0,158.0,0.8571740436420788,1513.022222222222,2.536799108413223,39.599999999999994,-5.542857142857142,3.587599725031911,2.1928680650299945,0.06666666666666667,-5.066666666666666,13.127409831680005,12.0,-27.0,0.0,19.0,-0.49314155980039304,-1.1094864995939426,14.071247279470288,2970.0,198.0,10.533333333333333,0.35714285714285715,-23.0,3.0,39.0,1.3624474851916288,172.32888888888886,2.590936150989475,10.799999999999999,2.2071428571428564,1.918806447200494,1.3358779062788249,0.06666666666666667,-17.0,46.11435062248338,10.0,-177.0,0.0,22.0,-2.735943980875287,6.714933438789966,49.148075581179505,36233.0,2415.5333333333333,23.0,0.2857142857142857,-177.0,0.0,187.0,0.857174043642079,2126.5333333333333,2.712608860146081,10.0,6.489285714285713,3.6013617604954486,2.1368728513556308,0.06666666666666667,-29.8,44.74997206703039,12.0,-135.0,3.0,62.5,-0.8786361630148531,-0.3273782856122498,53.764300423236236,43359.0,2890.6,37.0,0.07142857142857142,-51.0,5.0,147.0,1.2293362159076602,2002.5600000000002,1.5016769150010199,9.999999999999998,8.539285714285715,2.5109598550947525,1.4530892006280063,0.06666666666666667,-3.8666666666666667,0.9568466729604881,-2.0,-6.0,-4.0,1.0,-0.26854660842113803,0.05500047129795682,3.9832984656772417,238.0,15.866666666666667,3.8666666666666667,0.0,-2.0,-4.0,4.0,1.171059869990371,0.9155555555555553,0.24746034645529863,-3.0,0.021428571428571238,1.5062893357603013,1.0301633962958383,0.26666666666666666,collision
-1.3333333333333333,9.957688263626029,22.0,-20.0,-3.0,10.0,0.47850754106739124,0.2461825654197085,10.04655828298096,1514.0,100.93333333333334,8.133333333333333,0.5,-6.0,3.0,42.0,1.5821699429252507,99.15555555555555,7.4682661977195215,9.999999999999998,-0.42857142857142844,2.1898046455638815,1.2352325757763476,0.2,-0.26666666666666666,12.146147079995734,33.0,-15.0,-2.0,13.5,1.1584165540169804,1.2355603468954408,12.149074038789951,2214.0,147.6,9.466666666666667,0.7857142857142857,3.0,-7.0,48.0,1.235144651532666,147.5288888888889,45.548051549984,11.2,-0.6142857142857139,2.7162563907863717,1.2833528914214738,0.4666666666666667,83.73333333333333,4.864383025854586,97.0,73.0,84.0,4.0,0.6106062935978984,2.329158578225643,83.8745094372142,105524.0,7034.933333333333,83.73333333333333,0.0,85.0,81.0,24.0,1.4019454593787288,23.662222222222223,0.0580937463278812,86.6,0.08571428571428728,1.1564896254041417,1.0016860203488958,0.13333333333333333,-25.666666666666668,36.13800707780599,12.0,-109.0,-13.0,33.0,-1.4198068230076373,0.8656182077045984,44.325312557649646,29471.0,1964.7333333333333,28.333333333333332,0.2857142857142857,-28.0,-2.0,121.0,1.2454410537617744,1305.9555555555555,1.4079743017327007,3.9999999999999964,2.435714285714285,2.459091514768999,1.5644227961523405,0.4666666666666667,-21.133333333333333,16.304873163839357,11.0,-56.0,-24.0,16.5,-0.23674242920203514,-0.016185042717331122,26.69207123223424,10687.0,712.4666666666667,22.6,0.14285714285714285,-27.0,-8.0,67.0,1.617053152509554,265.8488888888889,0.7715239667431872,-4.400000000000002,0.4928571428571422,2.098001294570671,1.1810650987714266,0.2,-7.866666666666666,4.645667037382492,6.0,-15.0,-9.0,3.0,1.5867944853744724,2.8962872066418957,9.136009340333812,1252.0,83.46666666666667,8.666666666666666,0.14285714285714285,-10.0,-2.0,21.0,1.5292482930376912,21.582222222222224,0.5905508945825202,-3.6000000000000014,-0.06428571428571435,1.6418547137181374,1.0541549238846708,0.3333333333333333,collision
-5.466666666666667,24.538043026198224,11.0,-93.0,0.0,7.5,-2.971139320054622,7.843995368894106,25.13961017995307,9480.0,632.0,11.466666666666667,0.42857142857142855,-93.0,-2.0,104.0,1.4322139043602347,602.1155555555554,4.488666407231382,9.799999999999999,2.2821428571428575,3.6993413714171446,2.192407864530791,0.13333333333333333,14.266666666666667,24.460762230333074,76.0,-3.0,2.0,10.5,1.5985962630053387,0.9705236099940007,28.31725033732383,12028.0,801.8666666666667,14.933333333333334,0.35714285714285715,76.0,1.0,79.0,1.1729934724395128,598.3288888888891,1.714539408668206,55.39999999999999,-3.9571428571428555,2.6838764037703,1.8962444422315066,0.06666666666666667,62.6,6.258860386151248,80.0,57.0,61.0,4.5,1.6717158449669927,1.8566005131696004,62.91210800262008,59369.0,3957.9333333333334,62.6,0.0,80.0,64.0,23.0,1.3378606778364335,39.17333333333335,0.09998179530593047,70.8,-0.35714285714285793,1.2716153144426232,1.0049857508405764,0.4,-29.6,36.49620984887791,-5.0,-123.0,-13.0,12.5,-1.7270647062601496,1.3918972248087398,46.99077923734968,33122.0,2208.133333333333,29.6,0.0,-123.0,-10.0,118.0,1.2972958306258187,1331.9733333333331,1.2329800624620915,-7.4,5.785714285714282,2.61753480142836,1.5875263255861376,0.06666666666666667,-12.266666666666667,38.468110891432595,15.0,-151.0,-3.0,12.5,-3.073535302992063,8.314409295817411,40.376560857342305,24454.0,1630.2666666666667,17.6,0.42857142857142855,-151.0,-6.0,166.0,1.4322139043602349,1479.795555555555,3.1359873009320047,7.6,3.703571428571427,3.7397935037981647,2.294122775985358,0.2,-0.4666666666666667,0.618241233033047,1.0,-1.0,-1.0,1.0,0.7197210676601589,-0.46322336398053165,0.7745966692414834,9.0,0.6,0.6,0.5,-1.0,0.0,2.0,0.6909233093138181,0.38222222222222235,1.324802642213672,0.0,0.017857142857142835,1.2909944487358056,1.2909944487358058,0.26666666666666666,collision
-6.666666666666667,5.711586664161039,2.0,-15.0,-5.0,11.0,-0.17778606337187983,-1.5213992976412327,8.778762251403478,1156.0,77.06666666666666,6.933333333333334,0.14285714285714285,-2.0,-3.0,17.0,1.4897503188505912,32.62222222222222,0.8567379996241558,-1.0,-0.7999999999999998,1.7086691233268017,1.266167632413963,0.06666666666666667,57.6,26.600250625385716,91.0,10.0,60.0,44.0,-0.3753579657965432,-1.2058981324983915,63.44551468254737,60380.0,4025.3333333333335,57.6,0.0,10.0,81.0,81.0,1.459481873869085,707.5733333333332,0.4618099066907242,88.6,5.971428571428571,1.4343015492162496,1.1014846299053362,0.06666666666666667,-277.73333333333335,175.74279185471275,-31.0,-553.0,-254.0,309.0,-0.20482277062454687,-1.3623877322521194,328.6659905334492,1620320.0,108021.33333333333,277.73333333333335,0.0,-31.0,-508.0,522.0,1.5641315026219944,30885.52888888889,0.6327752947241218,-63.60000000000001,-40.14285714285714,1.6825592422947082,1.1833869078256691,0.06666666666666667,76.33333333333333,63.9475479505578,196.0,15.0,52.0,97.5,0.7789652371166863,-0.9566460677130828,99.57944901768973,148741.0,9916.066666666668,76.33333333333333,0.0,21.0,186.0,181.0,1.3605138827424867,4089.288888888889,0.8377408028457354,180.79999999999998,13.578571428571427,1.9682776108269258,1.304534266607289,0.06666666666666667,125.0,68.08915723764932,245.0,29.0,104.0,103.0,0.5106351248757889,-1.0457869123208443,142.34160787813707,303917.0,20261.133333333335,125.0,0.0,29.0,234.0,216.0,1.4897503188505914,4636.133333333333,0.5447132579011945,230.4,15.264285714285714,1.7212114128270342,1.1387328630250966,0.06666666666666667,21.866666666666667,9.673790478515762,38.0,5.0,23.0,11.0,-0.14746364671091214,-0.861657359936391,23.910945889557222,8576.0,571.7333333333333,21.866666666666667,0.0,5.0,35.0,33.0,1.5867847075280475,93.58222222222221,0.44239895481017205,34.6,2.139285714285714,1.5892303121557387,1.0934883790956047,0.06666666666666667,obstruction
-4.466666666666667,10.626173137849559,9.0,-31.0,0.0,13.0,-1.038023608353224,0.28967020908324104,11.526780412008666,1993.0,132.86666666666667,7.8,0.42857142857142855,-12.0,3.0,40.0,1.450252344663491,112.91555555555556,2.378993986085722,5.399999999999999,1.4928571428571427,2.6893893083713145,1.4777923605139316,0.06666666666666667,-5.133333333333334,7.246761728907302,5.0,-20.0,-5.0,9.0,-0.4822393807391943,-0.4753642399436351,8.880690663831652,1183.0,78.86666666666666,6.866666666666666,0.5714285714285714,-20.0,5.0,25.0,1.3229495110045284,52.51555555555555,1.4117068303066171,4.199999999999999,0.9357142857142852,2.2520770914196917,1.2933044656065513,0.3333333333333333,81.73333333333333,8.00388794413204,109.0,73.0,80.0,5.5,2.4897316848614013,6.118614243290477,82.12429603960085,101166.0,6744.4,81.73333333333333,0.0,109.0,77.0,36.0,1.4368286689630319,64.06222222222223,0.09792685086621583,85.0,-0.6357142857142845,1.3272564302705196,1.004783393632963,0.4,7.666666666666667,12.10876633774978,32.0,-12.0,8.0,14.0,0.22818670671426952,-0.5257534386539642,14.331782861877304,3081.0,205.4,11.4,0.35714285714285715,27.0,-12.0,44.0,1.4897503188505914,146.6222222222222,1.5794043049238842,22.599999999999994,-1.4035714285714285,2.2327996668942243,1.257173935252395,0.3333333333333333,-8.866666666666667,20.681285152416315,16.0,-53.0,0.0,25.5,-0.8471629172231909,-0.5345943535033575,22.501851775650227,7595.0,506.3333333333333,15.533333333333333,0.42857142857142855,-44.0,3.0,69.0,1.270027861116969,427.71555555555557,2.332475769069509,12.399999999999999,3.092857142857142,2.355361706601966,1.448617067101946,0.06666666666666667,-1.8666666666666667,5.264556539306569,6.0,-14.0,-1.0,6.5,-0.48355291916722315,-0.16617790881722616,5.585696017507576,468.0,31.2,4.266666666666667,0.6428571428571429,-14.0,-2.0,20.0,1.4897503188505912,27.715555555555557,2.8202981460570906,4.799999999999999,0.4214285714285713,2.506402059138015,1.3091475041033382,0.26666666666666666,collision
-4.333333333333333,1.699673171197595,0.0,-6.0,-5.0,1.5,1.1797139821389218,0.5449704142011833,4.654746681256314,325.0,21.666666666666668,4.333333333333333,0.14285714285714285,-5.0,-2.0,6.0,1.0775733728921972,2.888888888888889,0.3922322702763681,-2.0,0.14642857142857132,1.2890067732709791,1.0741723110591495,0.26666666666666666,2.3333333333333335,3.4769079494414123,10.0,-2.0,1.0,4.0,0.6139949497114516,-0.47012867647058787,4.187282332651255,263.0,17.533333333333335,3.1333333333333333,0.2857142857142857,-2.0,7.0,12.0,1.4897503188505912,12.088888888888887,1.4901034069034624,7.0,0.7071428571428571,2.3881838399151643,1.336366701909975,0.06666666666666667,25.8,11.805083650698965,48.0,7.0,24.0,16.0,0.1953759464777242,-0.8206562787932641,28.372521918222215,12075.0,805.0,25.8,0.0,48.0,11.0,41.0,1.4897503188505912,139.36,0.45756138181003736,41.599999999999994,-2.5642857142857123,1.6917777044405793,1.0997101518690782,0.06666666666666667,8.8,3.6368484525295615,14.0,-1.0,9.0,4.5,-0.9200184680800328,1.1355115114464107,9.521904571390467,1360.0,90.66666666666667,8.933333333333334,0.14285714285714285,7.0,6.0,15.0,1.2654130965141723,13.226666666666667,0.4132782332419956,13.0,-0.3821428571428569,1.4702940882294102,1.0658848400810224,0.06666666666666667,-5.8,5.062278801751901,3.0,-11.0,-9.0,8.5,0.7401256057085287,-1.2673111927070415,7.698484699385111,889.0,59.266666666666666,6.733333333333333,0.2857142857142857,-9.0,2.0,14.0,1.0775733728921972,25.626666666666665,0.8728066899572244,2.0,0.9321428571428572,1.428852615746393,1.143339311789868,0.06666666666666667,-0.4,1.5405626677721789,2.0,-3.0,-1.0,2.0,0.2494346195452366,-0.9958969827042035,1.591644851508443,38.0,2.533333333333333,1.3333333333333333,0.35714285714285715,-1.0,2.0,5.0,1.5292482930376914,2.373333333333333,3.851406669430447,2.0,0.24285714285714283,1.8848425873126298,1.1937336386313322,0.06666666666666667,collision
-0.26666666666666666,0.7717224601860151,1.0,-1.0,0.0,1.0,0.4976913616035892,-1.1631766540432171,0.816496580927726,10.0,0.6666666666666666,0.6666666666666666,0.6428571428571429,0.0,-1.0,2.0,0.6909233093138181,0.5955555555555556,2.893959225697557,1.0,-0.017857142857142884,1.224744871391589,1.2247448713915892,0.13333333333333333,0.4666666666666667,0.9568466729604884,2.0,-2.0,1.0,1.0,-1.046452401076827,0.8185031576962927,1.0645812948447542,17.0,1.1333333333333333,0.8666666666666667,0.42857142857142855,2.0,0.0,4.0,1.020036958401841,0.9155555555555558,2.050385727772475,1.0,0.046428571428571416,1.8786728732554485,1.2283630325131778,0.06666666666666667,62.266666666666666,3.732142667274242,66.0,53.0,64.0,5.5,-0.9713531871485829,0.1519059950991375,62.37841507017204,58366.0,3891.0666666666666,62.266666666666666,0.0,61.0,64.0,13.0,1.2868726303980165,13.928888888888896,0.05993805140162059,66.0,0.38928571428571446,1.0580583031126054,1.0017946745744974,0.4666666666666667,-9.8,2.1969676071045443,-6.0,-13.0,-9.0,3.5,0.2353822014266041,-1.1066054149751228,10.043239849105799,1513.0,100.86666666666666,9.8,0.0,-12.0,-9.0,7.0,1.270027861116969,4.826666666666667,0.22418036807189226,-6.800000000000001,-0.23214285714285696,1.294403020869551,1.0248203927658979,0.06666666666666667,-3.466666666666667,1.2578641509408806,-1.0,-5.0,-4.0,2.0,0.3266341781929714,-1.043239489963388,3.687817782917155,204.0,13.6,3.466666666666667,0.0,-2.0,-5.0,4.0,1.3792922544726758,1.5822222222222222,0.3628454281560232,-2.0,-0.10000000000000005,1.355815361366601,1.0637935912261023,0.4,-0.26666666666666666,1.7688665548562132,5.0,-2.0,-1.0,0.5,2.0697854410627654,3.0959533186983483,1.7888543819998317,48.0,3.2,1.3333333333333333,0.35714285714285715,5.0,-1.0,7.0,1.0805738483648537,3.1288888888888886,6.6332495807108,1.799999999999999,-0.2464285714285714,2.7950849718747373,1.3416407864998738,0.4666666666666667,normal
-2.8,2.87981480886069,2.0,-10.0,-3.0,4.0,-0.6860033828863465,0.4581373228151082,4.016632088371218,242.0,16.133333333333333,3.066666666666667,0.42857142857142855,-3.0,-1.0,12.0,1.4019454593787286,8.293333333333333,1.028505288878818,0.0,0.1321428571428571,2.4896479886598457,1.3097713331645275,0.3333333333333333,-2.066666666666667,3.7321426672742413,3.0,-10.0,-2.0,5.0,-0.7171468514241661,-0.3176135181220521,4.266145801540309,273.0,18.2,3.2666666666666666,0.5714285714285714,-2.0,-9.0,13.0,1.4502523446634914,13.928888888888888,1.8058754841649554,2.0,-0.03928571428571436,2.344036154692477,1.305963000471523,0.26666666666666666,79.2,4.791659420284375,89.0,68.0,79.0,5.5,-0.12347238790751056,0.5381089973169533,79.34481709601454,94434.0,6295.6,79.2,0.0,79.0,68.0,21.0,1.459481873869084,22.959999999999997,0.06050075025611585,84.8,-0.24285714285714083,1.1216863716794734,1.0018284986870523,0.3333333333333333,-19.666666666666668,9.435158833968945,0.0,-33.0,-20.0,12.5,0.5701297170866498,-0.29501666122882586,21.81284025522582,7137.0,475.8,19.666666666666668,0.14285714285714285,-16.0,-2.0,33.0,1.3229495110045286,89.02222222222223,0.47975383901537005,-6.800000000000004,0.035714285714285476,1.5128703834015387,1.1091274706047025,0.4,-22.6,6.661331198291625,-12.0,-40.0,-21.0,5.0,-1.0450852009327425,1.0712027465098002,23.561267651239255,8327.0,555.1333333333333,22.6,0.0,-20.0,-22.0,28.0,1.656551126696654,44.37333333333333,0.29474916806600104,-16.0,-0.007142857142857867,1.6977015240475024,1.0425339668689935,0.3333333333333333,-8.933333333333334,3.820413008505174,-4.0,-15.0,-8.0,7.5,-0.21614981557127083,-1.3522300572220383,9.715966241192895,1416.0,94.4,8.933333333333334,0.0,-5.0,-4.0,11.0,1.4897503188505912,14.595555555555556,0.4276581725938628,-4.4,0.14642857142857138,1.5438505679861594,1.0876081613275628,0.2,normal
2.4,3.3025242870668894,10.0,-1.0,1.0,3.0,1.0341056196254428,-0.05962123612364856,4.08248290463863,250.0,16.666666666666668,2.8,0.42857142857142855,8.0,-1.0,11.0,1.1369165918330009,10.906666666666666,1.3760517862778707,7.6,-0.5928571428571429,2.449489742783178,1.458029608799511,0.06666666666666667,-8.066666666666666,7.945369021567776,3.0,-25.0,-8.0,13.5,-0.4861427202916252,-0.7905498754480815,11.322543883774529,1923.0,128.2,8.466666666666667,0.14285714285714285,-17.0,3.0,28.0,1.459481873869085,63.12888888888889,0.984963101847245,0.0,1.7321428571428572,2.2079843767111016,1.337308332729275,0.06666666666666667,57.2,4.721581655900207,65.0,49.0,57.0,5.0,-0.23165540363776488,-0.8307759666674293,57.394540971536074,49412.0,3294.133333333333,57.2,0.0,50.0,63.0,16.0,1.5124035237566442,22.293333333333333,0.0825451338444092,63.0,0.2535714285714304,1.1325118887567327,1.0034010659359454,0.26666666666666666,2.8666666666666667,10.288288919392228,22.0,-11.0,1.0,16.5,0.3865996926159588,-1.1530937867735052,10.680199748444158,1711.0,114.06666666666666,8.866666666666667,0.21428571428571427,16.0,-11.0,33.0,1.4897503188505912,105.8488888888889,3.5889379951368237,17.2,-2.2607142857142852,2.0598865674965356,1.2045338062155064,0.06666666666666667,-0.13333333333333333,4.063933507767512,9.0,-6.0,-1.0,5.5,0.793753751738,-0.1345703738292845,4.066120181860509,248.0,16.533333333333335,3.3333333333333335,0.2857142857142857,-1.0,-3.0,15.0,1.3217558399823195,16.515555555555554,30.479501308256342,5.399999999999999,-0.5821428571428571,2.2134121957708413,1.2198360545581526,0.06666666666666667,-0.8,0.9092121131323904,1.0,-2.0,-1.0,1.5,0.12772490663150143,-0.96618106139438,1.2110601416389966,22.0,1.4666666666666666,0.9333333333333333,0.5,-2.0,-1.0,3.0,1.0851886129676505,0.8266666666666665,1.136515141415488,0.0,0.04285714285714284,1.6514456476895412,1.2975644374703534,0.06666666666666667,collision
35.8,58.398858436331324,191.0,0.0,7.0,20.5,1.77748309762004,1.620183054507942,68.49866178741499,70381.0,4692.066666666667,35.8,0.21428571428571427,0.0,191.0,191.0,0.9495936677167383,3410.4266666666663,1.6312530289478024,128.79999999999998,9.832142857142857,2.788375641450732,1.9133704409892456,0.06666666666666667,8.733333333333333,21.393041443942053,88.0,-2.0,3.0,5.0,3.3599630400142986,9.57773127987451,23.1069974971508,8009.0,533.9333333333333,9.0,0.21428571428571427,-2.0,88.0,90.0,1.2351446515326658,457.6622222222222,2.449584898161304,8.6,2.2535714285714286,3.8083701705879704,2.567444166350089,0.4,-449.6,756.1465290096447,6.0,-2460.0,-63.0,299.5,-1.7624135294057057,1.5936678436547513,879.7145749237836,11608466.0,773897.7333333333,450.4,0.14285714285714285,-2.0,-2460.0,2466.0,0.9495936677167383,571757.5733333335,1.681820571640669,-2.0,-133.44285714285712,2.796361536027897,1.9531851130634628,0.06666666666666667,89.93333333333334,176.40350210683334,531.0,-18.0,3.0,67.0,1.6440148488452464,1.0809546118670852,198.00555547761783,588093.0,39206.2,99.0,0.14285714285714285,3.0,462.0,549.0,0.9495936677167383,31118.195555555558,1.9614918692383247,390.3999999999999,30.18571428571428,2.681742937561281,2.0000561159355335,0.06666666666666667,-38.666666666666664,71.78362549278832,6.0,-244.0,-12.0,28.5,-1.9293928337199229,2.3785470992755906,81.53526844255803,99720.0,6648.0,42.13333333333333,0.21428571428571427,2.0,-244.0,250.0,1.0805738483648542,5152.88888888889,1.856473073089353,5.199999999999999,-11.814285714285713,2.9925700210565824,1.935172510503751,0.13333333333333333,14.133333333333333,24.891408602612714,71.0,-4.0,2.0,14.0,1.4503372007544342,0.4619006054868646,28.623999254704668,12290.0,819.3333333333334,15.733333333333333,0.2857142857142857,2.0,71.0,75.0,0.8571740436420787,619.5822222222222,1.7611845709395788,58.99999999999999,4.367857142857142,2.480436062348289,1.8193219865278392,0.06666666666666667,obstruction
-0.6,0.879393730551528,2.0,-2.0,-1.0,1.0,1.482212381755994,2.6058263971462523,1.0645812948447542,17.0,1.1333333333333333,0.8666666666666667,0.5714285714285714,0.0,-1.0,4.0,1.020036958401841,0.7733333333333334,1.46565621758588,0.0,-0.017857142857142877,1.8786728732554485,1.2283630325131778,0.13333333333333333,-0.26666666666666666,1.730767331432956,3.0,-3.0,0.0,3.0,0.2601431583227865,-1.0361674400584668,1.7511900715418263,46.0,3.066666666666667,1.4666666666666666,0.7142857142857143,-2.0,1.0,6.0,1.5472867333409472,2.9955555555555553,6.490377492873585,2.0,0.07857142857142854,1.7131207221604823,1.1939932305966998,0.4,60.6,4.841487374764082,73.0,56.0,59.0,7.0,1.1155007079038013,0.3977157567356606,60.7930917127925,55437.0,3695.8,60.6,0.0,65.0,57.0,17.0,1.286872630398016,23.440000000000005,0.07989253093670103,66.2,0.15714285714285742,1.200794332765261,1.0031863318942658,0.3333333333333333,-7.0,2.756809750418044,-2.0,-12.0,-8.0,4.0,0.17182332239447645,-0.9432132963988917,7.523297149521611,849.0,56.6,7.0,0.0,-4.0,-9.0,10.0,1.5124035237566442,7.6,0.3938299643454349,-3.4000000000000004,-0.13571428571428587,1.5950453320540519,1.0747567356459444,0.4,-2.8,2.039607805437114,3.0,-5.0,-3.0,2.0,1.3313268404572873,1.7477810650887555,3.4641016151377544,180.0,12.0,3.2,0.14285714285714285,-2.0,-4.0,8.0,1.171059869990371,4.16,0.7284313590846836,-1.0,-0.13214285714285715,1.4433756729740645,1.0825317547305482,0.4,-0.13333333333333333,0.6182412330330469,1.0,-1.0,0.0,0.5,0.09278633973319096,-0.46322336398053077,0.6324555320336759,6.0,0.4,0.4,0.35714285714285715,0.0,-1.0,2.0,0.5799151714181009,0.38222222222222224,4.636809247747852,0.5999999999999996,-0.04999999999999999,1.5811388300841895,1.5811388300841895,0.13333333333333333,normal
0.3333333333333333,8.331999893316263,15.0,-21.0,1.0,5.0,-0.6761901453026584,1.0668460770442678,8.338664961091393,1043.0,69.53333333333333,5.666666666666667,0.5714285714285714,-21.0,-1.0,36.0,1.4878167164014493,69.42222222222223,24.995999679948792,9.399999999999997,0.2535714285714286,2.518388746638341,1.471529110780834,0.2,-0.4666666666666667,4.745055906473132,7.0,-15.0,-1.0,3.0,-1.4792854184354811,3.5234242386600325,4.76794854558366,341.0,22.733333333333334,3.0,0.5714285714285714,-1.0,2.0,22.0,1.4897503188505912,22.515555555555554,10.167976942442426,4.399999999999999,0.2857142857142857,3.146007104857253,1.5893161818612198,0.26666666666666666,2.8,5.588082557252234,16.0,-5.0,2.0,8.5,0.5761926552443324,-0.12748196706487125,6.250333324444918,586.0,39.06666666666667,4.8,0.7142857142857143,7.0,2.0,21.0,1.4897503188505912,31.226666666666667,1.9957437704472265,8.0,-0.39999999999999974,2.5598634775883626,1.3021527759260247,0.3333333333333333,5.8,7.502888332724494,28.0,-6.0,4.0,6.5,1.378872107622829,2.7018220859763016,9.483318687744989,1349.0,89.93333333333334,7.0,0.2857142857142857,11.0,2.0,34.0,1.459481873869085,56.29333333333334,1.2936014366766369,11.0,-0.7964285714285712,2.9525528901800557,1.3547598125349984,0.26666666666666666,1.4666666666666666,11.546235557771872,23.0,-28.0,2.0,7.0,-0.6168265945445895,1.0936865236296507,11.63901484949077,2032.0,135.46666666666667,8.266666666666667,0.35714285714285715,-28.0,2.0,51.0,1.767009191074569,133.31555555555556,7.872433334844459,13.999999999999996,0.43214285714285716,2.4057018881821475,1.407945344696464,0.2,-3.2,0.541602560309064,-3.0,-5.0,-3.0,0.0,-2.6184917171967137,5.466942148760328,3.245509718570156,158.0,10.533333333333333,3.2,0.0,-5.0,-3.0,2.0,0.24493002679463532,0.2933333333333333,0.16925080009658247,-3.0,0.04642857142857135,1.540590056283302,1.0142217870531738,0.13333333333333333,collision
11.666666666666666,17.483960903893855,48.0,-4.0,-1.0,26.0,0.8532252606793361,-0.7876279063317719,21.019038988498025,6627.0,441.8,13.4,0.21428571428571427,25.0,-1.0,52.0,1.2048762065511598,305.68888888888887,1.4986252203337591,38.0,-3.2892857142857137,2.2836438919146786,1.5685849991416436,0.06666666666666667,-3.4,11.614932917011043,7.0,-32.0,1.0,1.5,-1.6115876042647517,1.0015109511676084,12.102341371266416,2197.0,146.46666666666667,6.866666666666666,0.35714285714285715,-28.0,1.0,39.0,1.7716239556773667,134.90666666666664,3.4161567402973656,4.199999999999999,1.2785714285714287,2.644116457991752,1.762476898728119,0.26666666666666666,14.266666666666667,14.621749401338937,48.0,-14.0,11.0,20.0,0.32821174457179736,0.12115485396143688,20.428737928059416,6260.0,417.3333333333333,16.533333333333335,0.07142857142857142,48.0,-3.0,62.0,1.4897503188505912,213.79555555555555,1.0248889767293647,27.0,-3.1107142857142844,2.349631199393415,1.2356091488745613,0.06666666666666667,-0.5333333333333333,38.39768511541057,59.0,-129.0,1.0,3.5,-2.1768439307750826,5.797625759887865,38.40138886377245,22120.0,1474.6666666666667,18.4,0.6428571428571429,-129.0,1.0,188.0,1.9867316488081919,1474.382222222222,71.99565959139481,31.0,1.7428571428571433,3.3592535014195155,2.0870320034658945,0.13333333333333333,22.466666666666665,36.689447468659914,106.0,-7.0,-2.0,50.5,1.0637716094853407,-0.2964841279239363,43.02169995091624,27763.0,1850.8666666666666,26.866666666666667,0.07142857142857142,86.0,-4.0,113.0,1.2048762065511598,1346.1155555555554,1.6330614600293731,75.99999999999999,-7.285714285714283,2.4638728855655665,1.6013039683963861,0.06666666666666667,-1.6,6.354001363970057,22.0,-5.0,-3.0,1.0,3.386272557501883,9.699246486775118,6.552353266829661,644.0,42.93333333333333,4.533333333333333,0.07142857142857142,22.0,-4.0,27.0,1.3378606778364337,40.37333333333334,3.9712508524812855,-2.0,-0.6464285714285716,3.357572326170479,1.4453720441536018,0.4,collision
-5.2,14.19483474131817,10.0,-45.0,-1.0,4.5,-1.953767297951736,2.529465783767775,15.11731898629295,3428.0,228.53333333333333,7.733333333333333,0.5,-35.0,-2.0,55.0,1.7094727765842133,201.49333333333328,2.729775911791956,3.5999999999999996,1.432142857142857,2.9767182951422817,1.9548257309861574,0.06666666666666667,3.2666666666666666,12.5775814668622,31.0,-24.0,4.0,6.0,-0.3033137842295993,0.9346584130999691,12.99487078299229,2533.0,168.86666666666667,9.666666666666666,0.2857142857142857,17.0,4.0,55.0,1.4141754640569786,158.1955555555555,3.850280040876184,13.399999999999997,0.18571428571428544,2.3855566182753316,1.3442969775509266,0.2,-113.46666666666667,436.1311525472838,62.0,-1395.0,58.0,5.5,-2.257175724995354,3.28455752656855,450.6496051997235,3046276.0,203085.06666666668,209.73333333333332,0.07142857142857142,-1029.0,59.0,1457.0,1.297295830625843,190210.38222222216,3.8436940588773543,61.2,59.05714285714285,3.0955313926919996,2.1486789821983003,0.06666666666666667,-34.6,64.2648685778889,20.0,-232.0,-16.0,6.0,-2.2392416270319093,3.713269638051761,72.98721349204484,79907.0,5327.133333333333,38.86666666666667,0.14285714285714285,-232.0,-16.0,252.0,1.806507165261669,4129.973333333333,1.8573661438696214,5.199999999999994,7.02142857142857,3.1786389546887768,1.87788713958949,0.13333333333333333,-0.9333333333333333,9.66413760019773,27.0,-9.0,-6.0,8.0,1.6838115518225079,2.058878797566414,9.709102258533827,1414.0,94.26666666666667,7.733333333333333,0.2857142857142857,27.0,-6.0,36.0,1.0805738483648535,93.39555555555553,10.354433143068997,10.799999999999999,-1.4964285714285714,2.7808956256762376,1.2554873610173052,0.13333333333333333,-1.5333333333333334,2.6297443897754693,1.0,-11.0,-1.0,0.0,-3.019702388745684,8.26945863429398,3.0441200151549,139.0,9.266666666666667,1.6666666666666667,0.35714285714285715,1.0,-1.0,12.0,0.6277052571971504,6.915555555555556,1.7150506889840016,0.0,0.15714285714285703,3.613523758996823,1.8264720090929398,0.4,obstruction
0.13333333333333333,0.9568466729604882,2.0,-1.0,0.0,1.0,0.644647148174672,-0.4540013196342727,0.9660917830792959,14.0,0.9333333333333333,0.6666666666666666,0.6428571428571429,-1.0,-1.0,3.0,1.0606018056124555,0.9155555555555555,7.176350047203662,1.5999999999999996,0.06071428571428571,2.0701966780270626,1.449137674618944,0.06666666666666667,0.3333333333333333,0.699205898780101,2.0,0.0,0.0,0.0,1.7769075526849687,1.400826446280993,0.7745966692414834,9.0,0.6,0.3333333333333333,0.2857142857142857,2.0,1.0,2.0,0.5004024235381879,0.4888888888888888,2.0976176963403033,1.5999999999999996,-0.06071428571428572,2.581988897471611,2.32379000772445,0.06666666666666667,15.2,6.930127463955238,27.0,-1.0,16.0,7.5,-0.4525541053840093,0.12406165246588641,16.705288583758936,4186.0,279.06666666666666,15.333333333333334,0.14285714285714285,18.0,13.0,28.0,1.415369135079188,48.026666666666664,0.4559294384181078,23.799999999999997,-0.11071428571428515,1.6162546288634423,1.089475342419061,0.13333333333333333,0.5333333333333333,1.892675942210452,3.0,-4.0,1.0,2.5,-0.730079097153663,-0.05182286695934435,1.96638416050035,58.0,3.8666666666666667,1.6,0.7142857142857143,-2.0,-4.0,7.0,1.3624474851916286,3.582222222222222,3.5487673916445974,2.5999999999999996,-0.06071428571428571,2.034190510862431,1.2289901003127186,0.06666666666666667,-5.266666666666667,2.0154955277107964,-2.0,-9.0,-5.0,2.5,-0.2684525510876046,-1.009253096734961,5.639148871948674,477.0,31.8,5.266666666666667,0.0,-6.0,-9.0,7.0,1.5292482930376914,4.062222222222222,0.3826890242488854,-3.0,0.05714285714285693,1.5959855297967944,1.0707244693573432,0.06666666666666667,-0.4666666666666667,0.618241233033047,0.0,-2.0,0.0,1.0,-0.9730026977426529,-0.0981611681990282,0.7745966692414834,9.0,0.6,0.4666666666666667,0.5714285714285714,0.0,0.0,2.0,0.24493002679463532,0.3822222222222223,1.324802642213672,0.0,0.010714285714285704,2.581988897471611,1.6598500055174643,0.4,normal
-1.1333333333333333,2.0933757957476775,5.0,-5.0,-1.0,1.0,1.2668829980642826,2.8181292661150623,2.3804761428476167,85.0,5.666666666666667,1.9333333333333333,0.21428571428571427,-2.0,-2.0,10.0,1.6350915928128098,4.3822222222222225,1.8470962903655979,0.5999999999999996,-0.032142857142857174,2.100420126042015,1.2312807635418708,0.13333333333333333,1.3333333333333333,2.0548046676563256,6.0,-2.0,1.0,2.5,0.6540084662429693,-0.19861495844875465,2.449489742783178,90.0,6.0,1.7333333333333334,0.5714285714285714,1.0,3.0,8.0,1.2868726303980162,4.222222222222223,1.5411035007422442,4.0,0.19642857142857145,2.4494897427831783,1.413167159297987,0.13333333333333333,12.066666666666666,10.969452533690498,27.0,-3.0,15.0,18.0,-0.0457591362357857,-1.4960585236256747,16.30746250442825,3989.0,265.93333333333334,13.133333333333333,0.42857142857142855,27.0,4.0,30.0,1.4897503188505914,120.32888888888891,0.909070651963301,27.0,-2.0964285714285706,1.6556837087724847,1.2416849622661106,0.06666666666666667,3.6,3.0066592756745814,9.0,-2.0,4.0,4.5,-0.11361211531936602,-0.9007361578823709,4.69041575982343,330.0,22.0,3.8666666666666667,0.35714285714285715,3.0,1.0,11.0,1.5867847075280475,9.04,0.8351831321318282,7.0,-0.11785714285714285,1.9188064472004938,1.213038558575025,0.13333333333333333,-0.9333333333333333,2.792052212182923,6.0,-6.0,-1.0,3.5,0.7400329253546292,0.6349240504518758,2.943920288775949,130.0,8.666666666666666,2.4,0.42857142857142855,-3.0,-1.0,12.0,1.2746426257197663,7.795555555555555,2.991484513053132,2.1999999999999993,0.06785714285714278,2.0380986614602725,1.2266334536566454,0.13333333333333333,-2.8,0.541602560309064,-2.0,-4.0,-3.0,0.5,0.1007112198921805,-0.11157024793388315,2.851899951494325,122.0,8.133333333333333,2.8,0.0,-2.0,-4.0,2.0,0.24493002679463532,0.2933333333333333,0.1934294858246657,-2.0,-0.09285714285714293,1.4025737466365533,1.018535696962259,0.2,collision
-2.1333333333333333,15.226584938484692,35.0,-21.0,2.0,21.0,0.7776773678790501,-0.016489370975727446,15.375304875026057,3546.0,236.4,12.8,0.42857142857142855,-17.0,-14.0,56.0,1.0832550105185086,231.84888888888884,7.1374616899147,13.599999999999996,-0.28928571428571453,2.2763776253211163,1.2011956933614105,0.06666666666666667,-12.733333333333333,25.988373468833238,6.0,-93.0,-2.0,24.5,-1.9548327470494111,3.2742023091544876,28.940168163528927,12563.0,837.5333333333333,15.933333333333334,0.5714285714285714,-30.0,6.0,99.0,0.8571740436420789,675.3955555555553,2.040971738390045,6.0,4.242857142857142,3.213526593021003,1.8163285458281753,0.06666666666666667,-109.4,307.16050093287276,24.0,-1175.0,7.0,9.5,-2.812264300563556,6.755730159890835,326.0612416913935,1594739.0,106315.93333333333,126.46666666666667,0.07142857142857142,-163.0,7.0,1199.0,1.430280301911093,94347.57333333332,2.8076828238836633,16.0,34.41785714285714,3.60361751033292,2.578238600617239,0.06666666666666667,-28.666666666666668,66.16813600383664,49.0,-231.0,-4.0,12.0,-1.9467430282758864,3.224928710654451,72.11102550927978,78000.0,5200.0,37.46666666666667,0.5,-115.0,-12.0,280.0,1.6216679171123505,4378.222222222223,2.3081907908315107,10.199999999999994,7.2035714285714265,3.2033936332006983,1.9246714993580012,0.06666666666666667,25.0,69.85222497052855,258.0,-25.0,6.0,40.5,2.435607262198027,5.40037979000093,74.19119444606167,82565.0,5504.333333333333,38.733333333333334,0.35714285714285715,33.0,-25.0,283.0,1.0805738483648537,4879.333333333333,2.794088998821142,77.99999999999999,-9.999999999999996,3.477501635151199,1.9154353127210415,0.06666666666666667,-0.3333333333333333,3.7357135269658395,10.0,-3.0,-2.0,0.0,1.873237015428529,1.981388697310238,3.750555514409388,211.0,14.066666666666666,3.0,0.07142857142857142,3.0,-2.0,13.0,0.72012488127181,13.955555555555552,11.20714058089752,5.399999999999999,-0.5178571428571427,2.6662716927080954,1.250185171469796,0.06666666666666667,collision
-8.533333333333333,17.906671630676897,8.0,-63.0,-2.0,8.0,-1.9517629457345889,3.062411273346929,19.835994219263792,5902.0,393.46666666666664,10.933333333333334,0.21428571428571427,-32.0,0.0,71.0,1.5821699429252507,320.6488888888888,2.098438081719949,3.799999999999999,2.149999999999999,3.176044482752336,1.8142677639570541,0.06666666666666667,12.4,38.07676456843465,108.0,-23.0,-1.0,18.0,1.8306554107876367,1.8736977094746878,40.044974715936576,24054.0,1603.6,21.733333333333334,0.35714285714285715,108.0,-10.0,131.0,1.2868726303980165,1449.84,3.0707068200350522,70.19999999999997,-5.796428571428571,2.6969676161892937,1.8425601863161,0.06666666666666667,86.06666666666666,13.786305604556363,131.0,71.0,84.0,9.5,2.141185511673062,4.758864077678148,87.16383041912128,113963.0,7597.533333333334,86.06666666666666,0.0,98.0,86.0,60.0,1.432213904360235,190.06222222222218,0.16018170725665798,94.39999999999999,-1.3500000000000008,1.5029169710658137,1.0127478360083806,0.06666666666666667,-44.333333333333336,100.08107824270394,26.0,-358.0,-8.0,31.0,-2.306167325019311,4.0378284339266015,109.46079968037263,179725.0,11981.666666666666,51.4,0.5,-358.0,11.0,384.0,1.430280301911093,10016.222222222226,2.257467930286555,11.0,14.446428571428568,3.2705772390240706,2.129587542419701,0.06666666666666667,-29.466666666666665,38.15384063964669,1.0,-159.0,-20.0,14.0,-2.598887329605958,5.999764163946811,48.2078831727758,34860.0,2324.0,29.6,0.14285714285714285,-70.0,-10.0,160.0,1.5292482930376907,1455.7155555555553,1.2948135963681005,-5.8000000000000025,4.407142857142857,3.2982157592389636,1.6286447017829662,0.06666666666666667,-6.133333333333334,4.19311605160437,3.0,-12.0,-7.0,4.5,0.5602213506470631,-0.25895415802339494,7.429670248402684,828.0,55.2,6.666666666666667,0.21428571428571427,3.0,-5.0,15.0,1.4897503188505912,17.582222222222224,0.6836602258050604,-0.6000000000000014,-0.10000000000000017,1.6151457061744965,1.1144505372604026,0.13333333333333333,collision
24.2,67.16765094398741,184.0,-46.0,9.0,90.0,1.0117391964515678,-0.028749080054332854,71.39421078304132,76457.0,5097.133333333333,51.13333333333333,0.14285714285714285,184.0,9.0,230.0,1.3624474851916286,4511.493333333334,2.7755227662804716,117.99999999999999,-10.099999999999998,2.5772397787147554,1.3962361952354887,0.06666666666666667,-1.0666666666666667,9.942948366667817,18.0,-16.0,-2.0,14.5,0.4444700787778619,-0.7010293965142003,10.0,1500.0,100.0,8.4,0.5714285714285714,-9.0,-2.0,34.0,1.5641315026219946,98.86222222222223,9.321514093751079,12.999999999999996,-0.2928571428571427,1.8,1.1904761904761905,0.13333333333333333,86.46666666666667,14.486161979243807,118.0,63.0,82.0,17.0,0.5545491043396877,-0.38602098493741854,87.67173622857787,115295.0,7686.333333333333,86.46666666666667,0.0,91.0,82.0,55.0,1.4897503188505912,209.84888888888887,0.16753464124029074,106.4,-2.0535714285714266,1.3459297725363877,1.0139368106620417,0.06666666666666667,-15.533333333333333,20.822637254253415,20.0,-44.0,-17.0,31.0,0.29659431036131967,-1.1962149740594985,25.978195985608135,10123.0,674.8666666666667,22.066666666666666,0.42857142857142855,-34.0,-17.0,64.0,1.5867847075280477,433.5822222222222,1.3405131279562283,14.799999999999997,0.42142857142857165,1.6937280796701937,1.1772596368100363,0.26666666666666666,22.8,106.34986287406925,280.0,-85.0,-3.0,142.0,1.0608604163666184,0.09192724939866803,108.76641638545114,177452.0,11830.133333333333,79.06666666666666,0.21428571428571427,280.0,-3.0,365.0,1.3624474851916286,11310.293333333331,4.664467669915318,169.79999999999998,-16.26071428571428,2.5743240359020736,1.3756292122949132,0.06666666666666667,-8.533333333333333,4.951318567367237,0.0,-17.0,-8.0,8.5,-0.012824890985411185,-1.1505239422162221,9.865765724632494,1460.0,97.33333333333333,8.533333333333333,0.07142857142857142,0.0,-6.0,17.0,1.5867847075280477,24.515555555555554,0.5802326446133481,-2.4000000000000004,-0.5071428571428573,1.7231303149186892,1.1561444208553704,0.4666666666666667,collision
-0.9333333333333333,0.7717224601860151,0.0,-2.0,-1.0,1.5,-0.11475267145782239,-1.3135442192024953,1.2110601416389966,22.0,1.4666666666666666,0.9333333333333333,0.6428571428571429,-1.0,0.0,2.0,0.5799151714181009,0.5955555555555556,0.8268454930564447,0.0,0.07857142857142853,1.6514456476895412,1.2975644374703534,0.4,-0.13333333333333333,1.3097921802925665,2.0,-3.0,0.0,1.5,-0.2869313053018162,-0.14380251818840684,1.3165611772087666,26.0,1.7333333333333334,0.9333333333333333,0.7857142857142857,1.0,2.0,5.0,1.4019454593787286,1.7155555555555553,9.82344135219425,1.5999999999999996,-0.010714285714285713,2.27866357593825,1.410601261295107,0.2,58.13333333333333,3.7570674142947653,64.0,50.0,57.0,5.0,-0.12662393944068528,-0.43331678394000317,58.254613551202965,50904.0,3393.6,58.13333333333333,0.0,58.0,63.0,14.0,1.3378606778364333,14.115555555555554,0.06462845322754757,63.0,-0.196428571428571,1.098625432365921,1.0020862422798675,0.26666666666666666,-8.733333333333333,1.6110727964792764,-6.0,-12.0,-9.0,2.5,-0.24601435318728074,-0.7064411709513978,8.880690663831652,1183.0,78.86666666666666,8.733333333333333,0.0,-8.0,-12.0,6.0,1.5867847075280475,2.595555555555556,0.18447398432968815,-7.0,-0.0035714285714287665,1.3512462548518152,1.0168729767746167,0.26666666666666666,-3.7333333333333334,1.4360439485692011,-1.0,-6.0,-4.0,2.0,0.06683431352493055,-0.8749628418549342,4.0,240.0,16.0,3.7333333333333334,0.0,-4.0,-2.0,5.0,1.5867847075280475,2.062222222222222,0.38465462908103604,-2.0,0.1642857142857142,1.5,1.0714285714285714,0.06666666666666667,0.5333333333333333,0.7180219742846006,2.0,-1.0,1.0,1.0,-0.11685999730107544,-0.24791914387633796,0.8944271909999159,12.0,0.8,0.6666666666666666,0.7857142857142857,1.0,1.0,3.0,0.8823109245150755,0.5155555555555557,1.3462912017836262,1.0,-0.035714285714285685,2.23606797749979,1.3416407864998738,0.4,normal
0.13333333333333333,10.651238842918175,29.0,-15.0,-3.0,3.0,1.5461733851514965,1.7190242303885048,10.65207335060488,1702.0,113.46666666666667,7.466666666666667,0.14285714285714285,-15.0,-6.0,44.0,1.876273584430276,113.4488888888889,79.88429132188632,15.199999999999996,-1.1392857142857136,2.722474681265054,1.4266169665988677,0.06666666666666667,2.8,8.742234649485603,22.0,-14.0,2.0,1.5,0.3335589081236143,0.794466637026058,9.179687721631202,1264.0,84.26666666666667,6.266666666666667,0.14285714285714285,22.0,5.0,36.0,1.8762735844302754,76.42666666666666,3.122226660530573,13.399999999999995,-0.25714285714285684,2.396595686818273,1.4648437853666811,0.2,23.933333333333334,27.867464103422748,123.0,3.0,19.0,8.0,2.9134084042203114,7.714279091129892,36.734180268518315,20241.0,1349.4,23.933333333333334,0.0,123.0,3.0,120.0,1.6397063574156066,776.5955555555554,1.1643787229842373,31.999999999999993,-3.7321428571428568,3.3483801489756573,1.5348543287681746,0.4,-4.2,26.138604910489516,23.0,-98.0,1.0,5.0,-2.9681990766139252,8.15948534320975,26.473886504755335,10513.0,700.8666666666667,11.133333333333333,0.42857142857142855,-98.0,-7.0,121.0,1.6151195500604119,683.2266666666667,6.223477359640361,11.199999999999996,1.396428571428572,3.701760978026286,2.377893997433114,0.4666666666666667,10.8,16.35929908848991,59.0,1.0,5.0,4.0,2.1904932505305488,3.192286654055761,19.60272089957582,5764.0,384.26666666666665,10.8,0.0,1.0,1.0,58.0,1.274642625719766,267.6266666666667,1.5147499156009174,29.599999999999987,-2.028571428571428,3.009786258869639,1.815066749960724,0.06666666666666667,-2.7333333333333334,6.1042790092051185,17.0,-15.0,-3.0,1.5,1.698934420340697,5.373823299377957,6.688298238964328,671.0,44.733333333333334,5.0,0.14285714285714285,-15.0,-3.0,32.0,1.22933621590766,37.26222222222222,2.233272808245775,-2.0,-0.14285714285714277,2.5417526839581277,1.3376596477928655,0.4,collision
9.533333333333333,4.616877251514876,19.0,4.0,8.0,7.0,0.6043689962080843,-0.862769641924289,10.59245014149229,1683.0,112.2,9.533333333333333,0.0,4.0,19.0,15.0,1.4897503188505912,21.315555555555555,0.4842878235854765,15.799999999999999,1.0142857142857142,1.7937304161172323,1.1110961686880023,0.06666666666666667,9.666666666666666,2.844097201026872,15.0,6.0,8.0,4.0,0.7038548123843077,-1.001147204443907,10.076375009562383,1523.0,101.53333333333333,9.666666666666666,0.0,6.0,14.0,9.0,1.3605138827424867,8.088888888888889,0.2942169518303661,14.0,0.5392857142857143,1.4886305825026505,1.0423836216788673,0.06666666666666667,28.2,14.501494175888682,50.0,2.0,32.0,20.5,-0.5201996593740907,-0.9380779519257718,31.710145589910706,15083.0,1005.5333333333333,28.2,0.0,50.0,2.0,48.0,1.4594818738690851,210.29333333333335,0.5142373821237122,42.8,-3.1999999999999984,1.576782416789301,1.124473247869174,0.06666666666666667,-34.06666666666667,6.402777175222917,-25.0,-46.0,-33.0,10.5,-0.20979169777630985,-1.1742489519779093,34.66314084634186,18023.0,1201.5333333333333,34.06666666666667,0.0,-25.0,-42.0,21.0,1.5472867333409477,40.995555555555555,0.1879484493705357,-26.0,-1.421428571428572,1.3270580471606215,1.0175090268006417,0.06666666666666667,4.333333333333333,3.841296077570116,14.0,-1.0,4.0,4.5,1.0151777719881108,0.440539265495719,5.790797296861058,503.0,33.53333333333333,4.466666666666667,0.14285714285714285,1.0,10.0,15.0,1.4368286689630319,14.755555555555556,0.8864529409777191,9.2,0.6285714285714286,2.4176290901407995,1.2964471560136697,0.06666666666666667,-3.466666666666667,2.1561282171728307,0.0,-7.0,-2.0,3.0,-0.2650337660061399,-1.214629892991237,4.08248290463863,250.0,16.666666666666668,3.466666666666667,0.07142857142857142,0.0,-7.0,7.0,1.4594818738690851,4.648888888888889,0.6219600626460088,-1.4000000000000004,-0.4785714285714284,1.7146428199482247,1.1776392994149896,0.06666666666666667,collision
-4.066666666666666,5.615059117132151,9.0,-15.0,-4.0,6.5,0.2657044591216351,0.23360898781667272,6.933012813104175,721.0,48.06666666666667,5.533333333333333,0.21428571428571427,1.0,-2.0,24.0,1.4502523446634912,31.528888888888886,1.380752241917742,1.0,-0.0714285714285714,2.163561557487433,1.2529541228501522,0.13333333333333333,-2.2666666666666666,10.611105293773857,18.0,-20.0,-2.0,13.0,0.024631440260048803,-0.6641288739899225,10.850499220466002,1766.0,117.73333333333333,8.8,0.6428571428571429,18.0,-4.0,38.0,1.5867847075280475,112.59555555555556,4.68136998254729,10.199999999999998,-0.5035714285714286,1.8432331631595702,1.2330112750529547,0.4666666666666667,81.4,2.2449944320643653,87.0,77.0,81.0,1.0,0.41432562899650177,1.0641219450743167,81.43095234614415,99465.0,6631.0,81.4,0.0,82.0,81.0,10.0,1.771623955677366,5.040000000000003,0.027579784177694903,83.6,-0.10714285714285708,1.0683898136200485,1.0003802499526309,0.13333333333333333,-15.666666666666666,20.253943374617748,17.0,-55.0,-16.0,19.5,-0.23820158863225963,-0.4627839878675344,25.60598888281151,9835.0,655.6666666666666,21.133333333333333,0.42857142857142855,-51.0,-12.0,72.0,1.39539709232679,410.22222222222223,1.2928048962521967,12.2,0.546428571428571,2.147935010505287,1.2116398524989673,0.4666666666666667,-20.8,11.759818592705132,14.0,-39.0,-21.0,10.0,1.273080154413895,2.827165501946932,23.894211293393496,8564.0,570.9333333333333,22.666666666666668,0.14285714285714285,-14.0,-21.0,53.0,1.4897503188505914,138.29333333333332,0.5653758938800544,-14.4,-0.7107142857142854,1.6321944893315268,1.0541563805908896,0.13333333333333333,-8.6,9.534498763263157,24.0,-19.0,-11.0,5.5,2.5378128256220274,6.244159013107074,12.840041536796782,2473.0,164.86666666666667,11.8,0.14285714285714285,-14.0,-11.0,43.0,1.3953970923267898,90.90666666666668,1.1086626468910648,-4.0,-0.6142857142857143,1.8691528318830737,1.0881391132878628,0.3333333333333333,collision
-15.533333333333333,37.92600983787013,27.0,-92.0,4.0,58.0,-0.8680760509785427,-0.8583102271302181,40.98373661181551,25195.0,1679.6666666666667,28.733333333333334,0.14285714285714285,3.0,10.0,119.0,1.3217558399823197,1438.382222222222,2.441588616171897,12.2,4.189285714285713,2.2447928765352407,1.426348141942535,0.06666666666666667,-78.06666666666666,46.835124520907264,-10.0,-195.0,-58.0,46.5,-1.1135742731675493,0.5948441444590267,91.03808726754606,124319.0,8287.933333333332,78.06666666666666,0.0,-10.0,-57.0,185.0,1.2680942586678274,2193.528888888889,0.5999375472362161,-40.400000000000006,3.0178571428571375,2.141960643647168,1.1661582485168156,0.06666666666666667,-662.1333333333333,256.57094318899186,-7.0,-1274.0,-614.0,70.5,0.0020479280647803235,2.285280506451455,710.105062649183,7563738.0,504249.2,662.1333333333333,0.0,-7.0,-599.0,1267.0,1.6216679171123503,65828.6488888889,0.38749135600431717,-596.2,-0.4500000000000042,1.7941007141212302,1.0724502557126203,0.06666666666666667,-423.4,127.07205305127744,-44.0,-672.0,-427.0,43.0,1.2497446088848474,3.3501797187792057,442.05753773311756,2931223.0,195414.86666666667,423.4,0.0,-44.0,-426.0,628.0,1.7140875411870102,16147.306666666667,0.3001229406029226,-338.8,-8.925000000000008,1.5201641022705625,1.0440659842539386,0.06666666666666667,-151.33333333333334,139.10651394604864,1.0,-468.0,-70.0,181.5,-1.0629383405544768,-0.2452959477578136,205.5538858791047,633786.0,42252.4,151.46666666666667,0.07142857142857142,1.0,-67.0,469.0,1.2048762065511598,19350.62222222222,0.9192060392910703,-48.00000000000001,12.06071428571428,2.2767752504336083,1.357089915575075,0.06666666666666667,32.2,41.31214510689724,123.0,2.0,5.0,58.0,1.0639057535670269,-0.4610448618888263,52.3787488714014,41153.0,2743.5333333333333,32.2,0.0,5.0,4.0,121.0,0.9881542242901942,1706.6933333333334,1.2829858728850074,95.6,-4.328571428571427,2.3482806033031753,1.626669219608739,0.06666666666666667,obstruction
-3.2,7.129282338823922,7.0,-20.0,-2.0,10.5,-0.6813599636300172,-0.1911085443989231,7.814516406449389,916.0,61.06666666666667,6.133333333333334,0.2857142857142857,-6.0,-8.0,27.0,1.415369135079188,50.82666666666668,2.2279007308824754,3.5999999999999996,0.06428571428571424,2.5593394344266556,1.2741059358341393,0.13333333333333333,-2.8666666666666667,6.90764471839393,10.0,-15.0,-2.0,9.0,0.1221009820366397,-0.7018452687005396,7.478859093025709,839.0,55.93333333333333,6.2,0.5,3.0,-2.0,25.0,1.5641315026219946,47.715555555555554,2.409643506416487,5.999999999999998,-0.042857142857142934,2.005653511240506,1.2062675956493079,0.3333333333333333,84.2,4.036500134192161,97.0,80.0,84.0,4.5,1.940395300779021,3.9518577845875225,84.29669823506336,106589.0,7105.933333333333,84.2,0.0,85.0,84.0,17.0,1.0832550105185081,16.29333333333333,0.047939431522472216,86.6,-0.4678571428571428,1.1506975009805624,1.0011484350957642,0.26666666666666666,-14.933333333333334,15.25982379394409,8.0,-46.0,-13.0,22.0,-0.6877021970862027,-0.5120926998187416,21.35103432311106,6838.0,455.8666666666667,16.0,0.14285714285714285,-28.0,-13.0,54.0,1.5246335284348942,232.8622222222222,1.0218632004873274,-2.0,0.2178571428571428,2.1544623695446963,1.3344396451944414,0.3333333333333333,-20.2,11.7824728587282,-2.0,-46.0,-19.0,16.5,-0.45025759616599226,-0.5729398641509573,23.385180492497096,8203.0,546.8666666666667,20.2,0.0,-27.0,-33.0,44.0,1.5065950881316381,138.82666666666668,0.583290735580604,-8.0,-6.606140275495599e-16,1.967057727639034,1.1576822025988662,0.13333333333333333,-8.8,3.5251477510406097,-2.0,-15.0,-9.0,4.0,0.4459679750523275,-0.278537088544641,9.4798030921885,1348.0,89.86666666666666,8.8,0.0,-10.0,-10.0,13.0,1.5472867333409475,12.426666666666668,0.4005849717091602,-3.6000000000000014,0.06071428571428547,1.5823113469899204,1.0772503513850569,0.13333333333333333,collision
-9.133333333333333,10.831230565155352,0.0,-31.0,-2.0,16.5,-0.906295955063742,-0.8099278865512978,14.168039149202452,3011.0,200.73333333333332,9.133333333333333,0.2857142857142857,-19.0,-2.0,31.0,1.2048762065511596,117.31555555555552,1.1859011567688342,-0.40000000000000036,1.9821428571428568,2.1880233159678313,1.5512451623214363,0.06666666666666667,11.933333333333334,18.020235539217815,55.0,-1.0,1.0,19.5,1.2569493718574094,0.031087374036988358,21.6132675302309,7007.0,467.1333333333333,12.2,0.5,4.0,0.0,56.0,0.8571740436420789,324.72888888888883,1.5100756038450682,38.8,-2.5892857142857126,2.544733225694376,1.7715793057566311,0.06666666666666667,23.6,14.727751582188867,50.0,-5.0,21.0,17.0,0.2772073350346028,-0.5144948556236764,27.818459099430125,11608.0,773.8666666666667,24.266666666666666,0.14285714285714285,47.0,10.0,55.0,1.4897503188505912,216.90666666666667,0.6240572704317316,46.2,-2.9428571428571417,1.7973677054249304,1.146365072778714,0.06666666666666667,-56.666666666666664,89.49239570426579,6.0,-266.0,-7.0,93.0,-1.2731514906031318,0.05045606959094728,105.92450141492289,168300.0,11220.0,59.06666666666667,0.07142857142857142,-47.0,4.0,272.0,0.8571740436420789,8008.888888888889,1.5792775712517493,3.5999999999999996,13.407142857142855,2.5112225825641254,1.793304200026911,0.06666666666666667,-23.733333333333334,36.034181303620905,9.0,-91.0,0.0,58.0,-0.7609845149798606,-1.107860903707719,43.147807978312564,27926.0,1861.7333333333333,28.0,0.42857142857142855,-57.0,1.0,100.0,1.0775733728921972,1298.4622222222222,1.5182941560514425,6.799999999999999,6.560714285714284,2.109029502628255,1.5409931420825915,0.06666666666666667,-11.866666666666667,19.02583039507664,15.0,-49.0,-2.0,24.5,-0.7021712273636413,-0.8348220279497109,22.423202269078338,7542.0,502.8,15.066666666666666,0.2857142857142857,-30.0,-3.0,64.0,1.2868726303980162,361.98222222222216,1.6033003141918516,4.599999999999996,3.0428571428571423,2.1852364979809837,1.4882656373282084,0.06666666666666667,collision
-0.8666666666666667,0.9568466729604882,1.0,-3.0,-1.0,1.0,-0.2685466084211381,0.05500047129795682,1.2909944487358056,25.0,1.6666666666666667,1.0,0.5714285714285714,-1.0,-1.0,4.0,1.171059869990371,0.9155555555555555,1.1040538534159479,0.0,-0.003571428571428597,2.32379000772445,1.2909944487358056,0.4666666666666667,-0.7333333333333333,2.542090128658349,4.0,-7.0,-1.0,2.5,-0.5187671557317912,0.5838156468235436,2.6457513110645907,105.0,7.0,1.9333333333333333,0.5714285714285714,-1.0,0.0,11.0,1.3605138827424867,6.462222222222221,3.466486539079567,2.0,0.08571428571428572,2.6457513110645903,1.3684920574472021,0.2,62.53333333333333,4.814792022738077,70.0,52.0,63.0,5.0,-0.35039217305868103,-0.2995640478565247,62.71841834740414,59004.0,3933.6,62.53333333333333,0.0,63.0,64.0,18.0,1.3605138827424874,23.18222222222222,0.07699560803952149,69.2,0.21428571428571697,1.116099574008107,1.0029597816749063,0.4666666666666667,-3.2666666666666666,3.549021774454977,6.0,-8.0,-5.0,3.5,0.9894152110433704,0.7621952707545079,4.823553323709262,349.0,23.266666666666666,4.2,0.42857142857142855,-3.0,-5.0,14.0,1.3605138827424867,12.595555555555553,1.0864352370780541,0.5999999999999996,-0.18214285714285713,1.6585283634530414,1.1484650770736338,0.4666666666666667,-0.9333333333333333,1.6918103387266028,2.0,-4.0,-1.0,2.5,-0.18711503278564937,-0.9698121214459317,1.9321835661585918,56.0,3.7333333333333334,1.4666666666666666,0.7142857142857143,0.0,0.0,6.0,1.5292482930376914,2.8622222222222224,1.8126539343499315,1.0,-0.0964285714285714,2.0701966780270626,1.3173978860172217,0.4,-0.2,0.4,0.0,-1.0,0.0,0.0,-1.5,0.25,0.4472135954999579,3.0,0.2,0.2,0.07142857142857142,0.0,-1.0,1.0,0.0,0.16000000000000003,2.0,0.0,-0.06428571428571428,2.23606797749979,2.2360679774997894,0.06666666666666667,normal
-6.866666666666666,4.1771867194188115,-2.0,-13.0,-4.0,8.0,-0.2585992503921003,-1.6544941582288126,8.037412518964047,969.0,64.6,6.866666666666666,0.0,-13.0,-2.0,11.0,0.970115783986938,17.44888888888889,0.6083281630221571,-2.4000000000000004,0.8249999999999998,1.6174359558286786,1.170496968781172,0.06666666666666667,1.4,3.808761828556187,9.0,-7.0,1.0,3.0,0.13262763112048376,0.35762462153979246,4.0579140782755205,247.0,16.466666666666665,2.8666666666666667,0.7142857142857143,-7.0,-1.0,16.0,1.4878167164014493,14.506666666666668,2.720544163254419,6.799999999999999,-0.1928571428571427,2.217888261405649,1.4155514226542514,0.13333333333333333,18.6,4.223742416388575,24.0,10.0,18.0,6.0,-0.45822538833309356,-0.8860322950391111,19.07354188398159,5457.0,363.8,18.6,0.0,18.0,22.0,14.0,1.4019454593787288,17.84,0.22708292561228896,23.6,0.4142857142857146,1.2582875349520566,1.0254592410742789,0.3333333333333333,-0.06666666666666667,6.845598748263167,19.0,-11.0,-1.0,4.5,0.9192833598814466,1.9445915346284979,6.845923361144695,703.0,46.86666666666667,4.733333333333333,0.7142857142857143,19.0,2.0,30.0,1.4878167164014493,46.862222222222236,102.6839812239475,4.399999999999999,0.053571428571428416,2.7753743355992,1.4463218368615551,0.13333333333333333,-10.6,5.997777366102658,0.0,-19.0,-9.0,8.0,0.266814924638925,-1.1702342728682975,12.179217270963408,2225.0,148.33333333333334,10.6,0.14285714285714285,-15.0,-2.0,19.0,1.3229495110045286,35.973333333333336,0.5658280534059111,-2.0,1.0428571428571427,1.560034571786324,1.1489827614116424,0.06666666666666667,-1.5333333333333334,0.7180219742846006,0.0,-2.0,-2.0,1.0,1.1974147668658175,-0.04726516052318708,1.6931233465600393,43.0,2.8666666666666667,1.5333333333333334,0.21428571428571427,0.0,-2.0,2.0,0.6365141682948128,0.5155555555555557,0.46827520062039163,-0.40000000000000036,-0.07500000000000001,1.1812488464372366,1.1042108781913298,0.3333333333333333,collision
-1.2666666666666666,0.771722460186015,0.0,-3.0,-1.0,1.0,-0.3726238432731543,-0.1106036979282683,1.4832396974191326,33.0,2.2,1.2666666666666666,0.21428571428571427,0.0,-3.0,3.0,0.8033149761408755,0.5955555555555555,0.6092545738310645,-0.40000000000000036,-0.08928571428571427,2.0225995873897262,1.170978708488789,0.4,1.0666666666666667,1.0624918300339485,3.0,-1.0,1.0,2.0,-0.1329020563639089,-0.8454646909293837,1.505545305418162,34.0,2.2666666666666666,1.2,0.42857142857142855,2.0,2.0,4.0,1.2519894208137132,1.128888888888889,0.9960860906568267,2.0,-0.028571428571428567,1.9926334924652145,1.2546210878484685,0.2,58.53333333333333,4.1931160516043695,67.0,50.0,59.0,4.5,0.1824374649645821,-0.14853837101953582,58.683330966581416,51656.0,3443.733333333333,58.53333333333333,0.0,67.0,50.0,17.0,1.4502523446634912,17.58222222222222,0.07163637901374208,64.2,-0.707142857142857,1.1417211480063172,1.0025626019347622,0.06666666666666667,-9.666666666666666,2.2410315085295482,-5.0,-13.0,-10.0,3.0,0.11320113736404966,-0.5548202678361669,9.923037169469168,1477.0,98.46666666666667,9.666666666666666,0.0,-11.0,-13.0,8.0,1.4897503188505912,5.022222222222223,0.23183084570995327,-7.4,-0.1035714285714286,1.3100827678039861,1.0265210864968106,0.3333333333333333,-4.266666666666667,1.1234866364235145,-3.0,-6.0,-4.0,2.0,-0.3088139596497387,-1.2911128744296774,4.412104562073146,292.0,19.466666666666665,4.266666666666667,0.0,-3.0,-6.0,3.0,0.9502705392332347,1.2622222222222226,0.2633171804117612,-3.0,-0.032142857142857195,1.3598952417348737,1.0340870067358936,0.26666666666666666,-0.3333333333333333,0.5962847939999439,1.0,-1.0,0.0,1.0,0.27950849718747345,-0.6562499999999996,0.6831300510639732,7.0,0.4666666666666667,0.4666666666666667,0.5,0.0,-1.0,2.0,0.6730116670092565,0.35555555555555557,1.788854381999832,0.0,0.003571428571428552,1.4638501094227998,1.4638501094227996,0.4,normal
2.066666666666667,6.329472507422891,8.0,-9.0,6.0,10.5,-0.633924915539892,-1.2781959271599261,6.658328118479393,665.0,44.333333333333336,6.333333333333333,0.21428571428571427,7.0,-9.0,17.0,1.1124565824765005,40.062222222222225,3.062647987462689,7.6,-1.0107142857142852,1.3516906706687488,1.0513149660756937,0.2,-7.133333333333334,3.18049611783375,0.0,-10.0,-8.0,3.5,1.277963422367549,0.5786374825874661,7.810249675906654,915.0,61.0,7.133333333333334,0.21428571428571427,-10.0,0.0,10.0,1.2454410537617744,10.115555555555554,0.44586394175239485,-2.400000000000002,0.4071428571428569,1.2803687993289599,1.0948948143794375,0.2,-165.93333333333334,22.14036033030076,-133.0,-201.0,-170.0,29.5,0.2573666192396831,-0.9011596995038262,167.4039027820638,420361.0,28024.066666666666,165.93333333333334,0.0,-179.0,-201.0,68.0,1.3397942802855756,490.1955555555555,0.13342925068481776,-133.4,1.2321428571428568,1.200688852885787,1.008862411302112,0.2,-29.533333333333335,21.944981709316192,-11.0,-70.0,-13.0,34.0,-0.7664279085478553,-1.0387418617805153,36.7940212534591,20307.0,1353.8,29.533333333333335,0.0,-11.0,-70.0,59.0,1.1124565824765005,481.58222222222224,0.7430580714215415,-12.4,-3.3821428571428576,1.9024830017300467,1.2458472207717528,0.2,8.066666666666666,13.193264274705566,21.0,-10.0,18.0,25.0,-0.4105234281010063,-1.782479328641678,15.463936540652686,3587.0,239.13333333333333,14.466666666666667,0.21428571428571427,18.0,-6.0,31.0,0.6730116670092565,174.0622222222222,1.6355286290957314,20.2,-2.0428571428571414,1.3579983301660428,1.0689357055750703,0.2,-6.6,12.779149684805585,6.0,-25.0,1.0,24.5,-0.4381729304232555,-1.6906719544395152,14.382860169892032,3103.0,206.86666666666667,11.0,0.21428571428571427,4.0,-25.0,31.0,0.9276173343271816,163.30666666666667,1.936234800728119,5.199999999999999,-1.846428571428571,1.7381800076408354,1.3075327427174575,0.2,collision
-12.866666666666667,25.614752693624734,23.0,-90.0,-7.0,7.0,-1.7511780920350635,2.979645397057901,28.664728616658255,12325.0,821.6666666666666,17.0,0.21428571428571427,-45.0,0.0,113.0,1.63509159281281,656.1155555555556,1.9907838881055493,4.799999999999997,3.1357142857142835,3.1397471507090176,1.6861605068622503,0.13333333333333333,-5.866666666666666,12.929896450560701,25.0,-23.0,-5.0,18.5,0.575883585517136,-0.012659928370617024,14.198591479439079,3024.0,201.6,11.066666666666666,0.42857142857142855,-23.0,-2.0,48.0,1.415369135079188,167.18222222222224,2.203959622254665,7.799999999999997,1.110714285714285,1.7607380306844094,1.2830052541661818,0.2,70.0,13.50061726983869,113.0,53.0,68.0,5.5,1.8432059762275959,4.263636431744393,71.29001800158747,76234.0,5082.266666666666,70.0,0.0,113.0,68.0,60.0,1.4594818738690847,182.26666666666668,0.19286596099769557,76.8,-0.8428571428571416,1.5850746453379174,1.0184288285941068,0.2,2.0,22.72736969676283,57.0,-38.0,-4.0,18.5,0.7259969024198245,0.3920729355706296,22.8151996119546,7808.0,520.5333333333333,16.666666666666668,0.6428571428571429,57.0,-4.0,95.0,1.6151195500604119,516.5333333333333,11.363684848381414,30.4,-2.2,2.4983344861963603,1.368911976717276,0.3333333333333333,-38.13333333333333,51.12972607875863,15.0,-206.0,-21.0,11.0,-2.3519341657498956,4.966210610076615,63.78401053555664,61026.0,4068.4,40.13333333333333,0.14285714285714285,-97.0,-14.0,221.0,1.5802363404761073,2614.24888888889,1.3408144950723417,-9.800000000000002,6.210714285714284,3.2296495355237114,1.5893025880952651,0.13333333333333333,-5.133333333333334,17.884319637293697,49.0,-45.0,-7.0,5.5,1.1172545497215733,4.2552869946014305,18.606450494385005,5193.0,346.2,12.466666666666667,0.14285714285714285,-45.0,-8.0,94.0,1.5821699429252507,319.8488888888889,3.483958370901369,2.399999999999997,-0.5249999999999992,2.6334953039424183,1.492496028961364,0.4666666666666667,collision
6.6,19.071095056830547,69.0,-12.0,1.0,13.5,2.236660303514094,4.8155474390624375,20.180849007578118,6109.0,407.26666666666665,11.533333333333333,0.5,24.0,-3.0,81.0,1.4019454593787286,363.7066666666666,2.8895598570955374,20.4,-2.4678571428571416,3.419083110630766,1.749784596032785,0.06666666666666667,3.066666666666667,15.545488806152806,53.0,-20.0,2.0,6.0,1.8992267060136694,4.551311962245859,15.845083359410472,3766.0,251.06666666666666,9.066666666666666,0.21428571428571427,53.0,-2.0,73.0,1.8018924006588724,241.6622222222222,5.069181132441132,10.799999999999997,-1.0000000000000002,3.344886157921223,1.7476194881702727,0.13333333333333333,62.0,7.26636084983398,79.0,48.0,62.0,6.5,0.34822149389413304,0.3350550964187331,62.42435422172984,58452.0,3896.8,62.0,0.0,79.0,64.0,31.0,1.617053152509554,52.8,0.11719936854570935,69.8,0.15000000000000063,1.2655317141030222,1.0068444229311264,0.3333333333333333,-17.533333333333335,50.69236190547404,24.0,-200.0,-6.0,6.5,-3.039900095108737,8.246381293512966,53.638916220719196,43157.0,2877.133333333333,24.066666666666666,0.14285714285714285,-200.0,-3.0,224.0,1.5292482930376918,2569.7155555555555,2.8911993482209524,13.799999999999995,4.632142857142856,3.7286361114571824,2.228763831885839,0.13333333333333333,13.2,36.92912130013385,109.0,-18.0,1.0,17.0,1.913535179549854,2.1344725134041465,39.21734310225516,23070.0,1538.0,20.666666666666668,0.5,109.0,-5.0,127.0,1.2680942586678274,1363.7599999999998,2.797660704555595,65.19999999999996,-5.246428571428571,2.779382573566848,1.897613375915572,0.06666666666666667,0.4,0.9521904571390467,2.0,-1.0,0.0,1.0,0.5189273252574392,-0.7448096885813142,1.0327955589886444,16.0,1.0666666666666667,0.6666666666666666,0.42857142857142855,2.0,-1.0,3.0,0.9701157839869381,0.9066666666666667,2.3804761428476167,2.0,-0.16428571428571426,1.9364916731037087,1.5491933384829666,0.06666666666666667,collision
-2.1333333333333333,1.0241527663824812,0.0,-5.0,-2.0,0.0,-0.8484345130868945,2.5158718758977283,2.3664319132398464,84.0,5.6,2.1333333333333333,0.14285714285714285,-2.0,-5.0,5.0,0.9881542242901942,1.048888888888889,0.48007160924178804,-1.4000000000000004,-0.08571428571428576,2.1128856368212916,1.109264959331178,0.4,1.5333333333333334,1.2036980056845192,4.0,0.0,1.0,1.0,0.7244206071322016,-0.10167864804847682,1.9493588689617927,57.0,3.8,1.5333333333333334,0.42857142857142855,2.0,4.0,4.0,1.3229495110045286,1.448888888888889,0.7850204384899038,3.1999999999999993,0.05357142857142863,2.0519567041703084,1.2713210014968213,0.4,20.333333333333332,7.105553383719588,38.0,4.0,20.0,3.0,0.1956992746516488,1.6475967379984136,21.539111711798455,6959.0,463.93333333333334,20.333333333333332,0.0,20.0,38.0,34.0,1.7075391741350714,50.48888888888889,0.3494534451009634,26.799999999999997,0.08214285714285759,1.7642324580722974,1.059300575990088,0.26666666666666666,3.8666666666666667,2.0286832072937253,6.0,-1.0,5.0,1.0,-1.6869653192960714,1.5449925129099835,4.366539438350084,286.0,19.066666666666666,4.133333333333334,0.21428571428571427,4.0,-1.0,7.0,1.1369165918330009,4.115555555555556,0.5246594501621703,5.0,-0.22857142857142831,1.3740858372430336,1.056420831858891,0.4666666666666667,-6.8,2.9709706606876254,-1.0,-16.0,-7.0,1.0,-1.4301529982810066,4.156328438039084,7.420691791650336,826.0,55.06666666666667,6.8,0.0,-7.0,-16.0,15.0,1.5426719687381505,8.826666666666664,0.43690745010112136,-4.800000000000001,-0.2214285714285714,2.1561332082277,1.0912782046544611,0.06666666666666667,-0.4666666666666667,0.4988876515698588,0.0,-1.0,0.0,1.0,-0.13363062095621217,-1.9821428571428565,0.6831300510639732,7.0,0.4666666666666667,0.4666666666666667,0.5714285714285714,-1.0,-1.0,1.0,0.0,0.24888888888888885,1.0690449676496974,0.0,-0.0071428571428571504,1.4638501094227998,1.4638501094227996,0.2,normal
-25.733333333333334,35.60611682780861,0.0,-116.0,-4.0,48.5,-1.287389126633718,0.4179733567920536,43.93176527297759,28950.0,1930.0,25.733333333333334,0.14285714285714285,-116.0,-2.0,116.0,0.9532710147058912,1267.7955555555557,1.3836573896816817,-1.4000000000000004,6.757142857142856,2.640458430914715,1.7071929510224453,0.06666666666666667,7.6,16.032467059064867,44.0,-7.0,0.0,6.0,1.4521070852353708,0.42208105706576937,17.7426040929735,4722.0,314.8,9.333333333333334,0.8571428571428571,41.0,-1.0,51.0,1.2048762065511598,257.04,2.1095351393506405,37.0,-2.0714285714285707,2.4799065441259023,1.900993295675732,0.06666666666666667,0.3333333333333333,15.576335327098677,18.0,-50.0,4.0,14.0,-2.088589869871664,4.468103077912883,15.579901582915513,3641.0,242.73333333333332,10.733333333333333,0.6428571428571429,-50.0,4.0,68.0,1.235144651532666,242.62222222222226,46.729005981296034,12.6,1.4464285714285714,3.20926289128993,1.4515436257374703,0.4666666666666667,-6.533333333333333,20.723148623915453,24.0,-65.0,-1.0,6.0,-1.519952021995823,2.1243839457154383,21.728629347782924,7082.0,472.1333333333333,12.0,0.7142857142857143,14.0,1.0,89.0,1.7716239556773663,429.44888888888886,3.1719105036605284,8.799999999999995,0.6464285714285714,2.991445017521653,1.8107191123152437,0.13333333333333333,-31.933333333333334,60.45766195354307,7.0,-206.0,1.0,58.0,-1.7705348508818484,2.1517100152725153,68.3729966190357,70123.0,4674.866666666667,36.46666666666667,0.35714285714285715,-206.0,5.0,213.0,0.953271014705891,3655.128888888889,1.8932461989627265,6.0,10.732142857142858,3.0128853522071255,1.874945062679224,0.06666666666666667,-4.8,6.4415319088966205,1.0,-24.0,-3.0,2.0,-2.1157687280809276,3.1906237402607687,8.033264176742437,968.0,64.53333333333333,4.933333333333334,0.14285714285714285,-24.0,-5.0,25.0,1.5519014979437444,41.49333333333334,1.3419858143534626,-1.0,0.6392857142857141,2.987577586391815,1.6283643601504938,0.06666666666666667,collision
-136.4,204.6179529432026,23.0,-492.0,-11.0,338.0,-0.84582096664412,-1.1229593702502867,245.91353493995948,907102.0,60473.46666666667,148.66666666666666,0.14285714285714285,-13.0,-272.0,515.0,0.953271014705891,41868.50666666667,1.5001316198182009,21.4,-34.26428571428571,2.000703215136667,1.654126916636499,0.06666666666666667,-112.53333333333333,139.84032163705703,-12.0,-364.0,-25.0,198.0,-0.9557738666620954,-0.8529993130853426,179.49670377660607,483286.0,32219.066666666666,112.53333333333333,0.0,-13.0,-227.0,352.0,0.9532710147058909,19555.315555555557,1.2426568865852226,-13.0,-23.760714285714283,2.027892392124475,1.5950536473039638,0.06666666666666667,-813.1333333333333,1226.979155849393,-28.0,-3161.0,-87.0,1104.0,-1.1539159750859773,-0.5461651597053931,1471.959125338291,32499955.0,2166663.6666666665,813.1333333333333,0.0,-29.0,-302.0,3133.0,0.7298712099831164,1505477.848888889,1.5089519830893576,-29.4,-177.75,2.1474781096747693,1.8102309486000134,0.06666666666666667,54.4,58.4588744332287,185.0,-45.0,45.0,42.0,0.8051479271764095,0.5556484065833276,79.8548683550352,95652.0,6376.8,63.333333333333336,0.14285714285714285,29.0,173.0,230.0,1.2454410537617742,3417.44,1.0746116623755275,134.59999999999997,2.260714285714286,2.3167028361688478,1.260866342447924,0.26666666666666666,108.8,160.84990933579454,355.0,-413.0,147.0,124.5,-2.015885019807994,4.7809238083420205,194.1909712971572,565652.0,37710.13333333333,163.86666666666667,0.07142857142857142,27.0,-413.0,768.0,1.4019454593787288,25872.693333333325,1.4783999019834058,199.79999999999998,-2.821428571428569,2.1267724098666476,1.1850547475416429,0.26666666666666666,-49.86666666666667,61.9170053826536,-8.0,-199.0,-16.0,29.5,-1.499059178848204,0.543304541435158,79.50094339062902,94806.0,6320.4,49.86666666666667,0.0,-13.0,-49.0,191.0,1.0805738483648537,3833.715555555555,1.241651177459631,-11.4,-7.4642857142857135,2.5031149507523534,1.5942702551596728,0.06666666666666667,obstruction
-2.6666666666666665,1.4452988925785866,-1.0,-5.0,-2.0,3.0,-0.063792051619019,-1.6588954277953827,3.03315017762062,138.0,9.2,2.6666666666666665,0.0,-5.0,-1.0,4.0,0.8823109245150755,2.088888888888889,0.54198708471697,-1.0,0.25,1.6484511834894677,1.1374313166077326,0.06666666666666667,1.0,3.596294389136314,14.0,-2.0,0.0,1.5,3.0701705474266596,8.436124986714848,3.7327380477785117,209.0,13.933333333333334,1.6666666666666667,0.7142857142857143,14.0,1.0,16.0,1.251989420813713,12.933333333333334,3.596294389136314,1.0,-0.2857142857142857,3.750598038437739,2.239642828667107,0.13333333333333333,2.8,13.347658970770865,12.0,-43.0,6.0,11.0,-2.5830307499123215,6.322352082223944,13.638181696985855,2790.0,186.0,9.333333333333334,0.5,-43.0,2.0,55.0,0.8823109245150758,178.15999999999994,4.767021060989595,12.0,1.1607142857142856,3.1529129729590957,1.4612337532484845,0.3333333333333333,-8.466666666666667,24.743663610890138,0.0,-101.0,-2.0,1.0,-3.4680205709738905,10.044264057307839,26.152119098331845,10259.0,683.9333333333333,8.466666666666667,0.14285714285714285,-101.0,-2.0,101.0,1.2105578441774711,612.2488888888888,2.9224799540421422,-1.0,2.4214285714285717,3.86201973232993,3.088832964369903,0.4666666666666667,-3.2666666666666666,12.309707100044623,2.0,-49.0,1.0,3.0,-3.3905029501516633,9.711756895192037,12.735776379946374,2433.0,162.2,4.6,0.35714285714285715,-49.0,2.0,51.0,0.8823109245150755,151.52888888888899,3.7682776836871295,1.5999999999999996,1.4107142857142856,3.8474293626225182,2.768647039118777,0.4666666666666667,-2.0,5.0990195135927845,17.0,-4.0,-3.0,1.0,3.4244894366436753,9.86094674556213,5.477225575051661,450.0,30.0,4.266666666666667,0.07142857142857142,17.0,-3.0,21.0,0.8532361505557784,26.0,2.5495097567963922,-3.0,-0.4607142857142858,3.1037611591959413,1.283724744152733,0.4,collision
7.866666666666666,11.200396818367144,36.0,-5.0,3.0,11.0,1.2563355392554856,0.3980117706397803,13.686976778431873,2810.0,187.33333333333334,8.533333333333333,0.2857142857142857,36.0,2.0,41.0,1.2048762065511598,125.44888888888885,1.4237792565720946,23.799999999999997,-1.9999999999999996,2.6302375303748082,1.6039425912224852,0.06666666666666667,-2.2,7.756287771866128,11.0,-23.0,-1.0,3.5,-1.1163214791622766,1.4810257752376623,8.06225774829855,975.0,65.0,5.0,0.5,-4.0,-1.0,34.0,1.8018924006588724,60.16000000000002,3.5255853508482398,4.399999999999999,0.582142857142857,2.852798895551795,1.6124515496597098,0.2,8.466666666666667,7.163487667020552,25.0,-3.0,7.0,9.0,0.6728084054174169,-0.149583141912502,11.090536506409418,1845.0,123.0,8.866666666666667,0.14285714285714285,19.0,3.0,28.0,1.39539709232679,51.31555555555555,0.8460812205142384,17.4,-1.1928571428571426,2.2541740866685807,1.2508123879409117,0.06666666666666667,4.333333333333333,10.517709932405545,32.0,-12.0,1.0,5.5,1.2325598500701487,1.205713254026838,11.3754120804479,1941.0,129.4,7.0,0.5714285714285714,8.0,1.0,44.0,1.7075391741350714,110.62222222222223,2.4271638305551257,18.4,-1.0285714285714285,2.813084903974751,1.6250588686354142,0.06666666666666667,14.066666666666666,15.489638113554781,53.0,0.0,5.0,15.5,1.2981555951089159,0.3646707893581249,20.923670806051216,6567.0,437.8,14.066666666666666,0.14285714285714285,53.0,5.0,53.0,1.0805738483648535,239.9288888888889,1.101159107598681,36.2,-2.8892857142857142,2.533016337872806,1.4874647492453472,0.06666666666666667,-3.0,0.6324555320336759,-2.0,-4.0,-3.0,0.0,0.0,-0.5000000000000004,3.0659419433511785,141.0,9.4,3.0,0.0,-2.0,-4.0,2.0,0.5004024235381879,0.4,0.21081851067789195,-2.0,-0.09285714285714297,1.3046561461068844,1.021980647783726,0.4,collision
1.2666666666666666,2.2939534045447005,4.0,-3.0,2.0,3.5,-0.4607687235006282,-1.1143341398831261,2.6204325342711394,103.0,6.866666666666666,2.3333333333333335,0.21428571428571427,-1.0,-2.0,7.0,1.459481873869085,5.262222222222222,1.8110158456931846,4.0,-0.21428571428571422,1.5264655539443532,1.123042514687631,0.06666666666666667,2.933333333333333,1.569146972791976,6.0,0.0,3.0,1.5,-0.4073741049409758,-0.16599330109867294,3.32665998663324,166.0,11.066666666666666,2.933333333333333,0.14285714285714285,3.0,1.0,6.0,1.415369135079188,2.4622222222222225,0.5349364679972646,4.0,0.04642857142857147,1.8036108361264551,1.1340886318067864,0.13333333333333333,31.266666666666666,8.298326471176114,46.0,19.0,29.0,13.0,0.15392296826046067,-1.1292039845568538,32.34913703125118,15697.0,1046.4666666666667,31.266666666666666,0.0,43.0,19.0,27.0,1.5472867333409475,68.86222222222223,0.26540489779880966,41.8,-1.7857142857142851,1.4219853826567699,1.0346205873534493,0.06666666666666667,-30.466666666666665,7.383465010112498,-21.0,-43.0,-32.0,14.0,-0.09053917800881651,-1.4868415724923971,31.348577851847335,14741.0,982.7333333333333,30.466666666666665,0.0,-21.0,-32.0,22.0,1.5472867333409472,54.51555555555555,0.24234567866890036,-21.4,-1.2928571428571431,1.3716730692925536,1.0289467566251862,0.06666666666666667,-12.133333333333333,8.492087820763253,-2.0,-26.0,-9.0,14.0,-0.48673918920159054,-1.2613218861055848,14.809906594348709,3290.0,219.33333333333334,12.133333333333333,0.0,-8.0,-26.0,24.0,1.459481873869085,72.11555555555556,0.6998973478651033,-3.4000000000000004,-1.75,1.7555816327647402,1.2205966973364322,0.06666666666666667,0.06666666666666667,1.2892719737209144,3.0,-2.0,0.0,2.0,0.6224408503629882,-0.22524235751665733,1.2909944487358056,25.0,1.6666666666666667,1.0,0.5,0.0,3.0,5.0,1.4897503188505912,1.662222222222222,19.339079605813716,1.5999999999999996,0.2107142857142857,2.32379000772445,1.2909944487358056,0.06666666666666667,collision
-0.6666666666666666,1.1352924243950933,2.0,-2.0,-1.0,0.5,0.9618262216189107,0.04102259215219961,1.3165611772087666,26.0,1.7333333333333334,1.2,0.42857142857142855,2.0,0.0,4.0,1.1595697967390537,1.2888888888888888,1.70293863659264,1.0,-0.03214285714285716,1.5191090506254998,1.097134314340639,0.4,0.13333333333333333,1.2578641509408803,3.0,-3.0,0.0,1.0,-0.252196124821738,1.513255902032573,1.2649110640673518,24.0,1.6,0.8,0.6428571428571429,0.0,-3.0,6.0,1.3378606778364337,1.582222222222222,9.433981132056603,1.0,-0.14642857142857135,2.3717082451262845,1.5811388300841895,0.13333333333333333,59.13333333333333,4.364503280888775,69.0,50.0,60.0,4.0,0.03982980159432369,0.37779809857442137,59.29418183936768,52737.0,3515.8,59.13333333333333,0.0,69.0,57.0,19.0,1.586784707528047,19.048888888888886,0.07380783451333893,63.0,-0.2142857142857121,1.1636892163707748,1.0027200987491716,0.3333333333333333,-9.533333333333333,2.305548862105411,-5.0,-13.0,-10.0,3.0,0.43436480216159973,-0.9400733772552887,9.808159868191384,1443.0,96.2,9.533333333333333,0.0,-10.0,-5.0,8.0,1.3095258353040693,5.315555555555556,0.24184078973133682,-6.4,0.13571428571428537,1.3254270092150515,1.0288279582018933,0.2,-2.8666666666666667,2.445858177045886,2.0,-6.0,-3.0,4.0,0.5288579900359413,-0.8865329886141105,3.7682887362833544,213.0,14.2,3.2666666666666666,0.2857142857142857,2.0,1.0,8.0,1.3229495110045286,5.982222222222223,0.8532063408299602,0.5999999999999996,-0.042857142857142906,1.5922346773028258,1.1535577764132718,0.2,0.0,1.0327955589886444,3.0,-1.0,0.0,1.0,1.4523687548277815,2.15625,1.0327955589886444,16.0,1.0666666666666667,0.6666666666666666,0.5,1.0,0.0,4.0,1.1710598699903711,1.0666666666666667,0.0,1.0,0.04285714285714284,2.904737509655563,1.5491933384829666,0.06666666666666667,normal
11.533333333333333,22.820653413568646,71.0,-8.0,1.0,11.5,1.8305662190038436,1.8774524425916717,25.569513096654774,9807.0,653.8,13.4,0.42857142857142855,71.0,1.0,79.0,1.3624474851916286,520.7822222222223,1.9786693711186687,46.19999999999999,-3.617857142857141,2.7767443099762756,1.9081726191533412,0.06666666666666667,3.1333333333333333,17.3199948678463,51.0,-17.0,0.0,10.0,1.703977169157793,2.0562061393505546,17.60113632695344,4647.0,309.8,10.466666666666667,0.2857142857142857,51.0,-2.0,68.0,1.5821699429252507,299.98222222222216,5.527657936546692,24.599999999999987,-1.378571428571428,2.897540195850953,1.6816372286898191,0.13333333333333333,58.8,25.35928495311596,115.0,5.0,62.0,13.5,-0.47665878645202203,1.232594345305258,64.03540687255241,61508.0,4100.533333333334,58.8,0.0,5.0,65.0,110.0,1.4502523446634912,643.0933333333336,0.43128035634550954,73.6,1.3035714285714302,1.7958814602190434,1.0890375318461296,0.4666666666666667,35.666666666666664,175.39542626749292,686.0,-85.0,-8.0,15.0,3.3621941452503803,9.619445657342807,178.98510180086686,480535.0,32035.666666666668,61.8,0.21428571428571427,686.0,-5.0,771.0,1.5065950881316383,30763.55555555555,4.9176287738549425,18.599999999999994,-16.103571428571428,3.8327212326488596,2.896199058266454,0.4,45.666666666666664,126.99011335095692,494.0,-15.0,0.0,17.5,2.9353099944668255,7.417752103786189,134.95159626078282,273179.0,18211.933333333334,52.6,0.42857142857142855,494.0,0.0,509.0,1.4302803019110932,16126.488888888887,2.780805401845772,117.39999999999996,-16.87142857142857,3.660571743407805,2.565619700775339,0.06666666666666667,-10.266666666666667,33.973453688954784,1.0,-137.0,0.0,1.5,-3.43934661402789,9.91598417222471,35.49084388965695,18894.0,1259.6,10.533333333333333,0.5714285714285714,-137.0,0.0,138.0,1.3792922544726778,1154.1955555555555,3.30910263204105,0.5999999999999996,3.685714285714285,3.860150534203717,3.369383913575027,0.06666666666666667,collision
-3.4,6.509480265991543,2.0,-22.0,-1.0,3.5,-1.7804114467707168,2.0713960951649577,7.343931735339956,809.0,53.93333333333333,4.066666666666666,0.5,-14.0,1.0,24.0,1.2746426257197663,42.373333333333335,1.9145530194092775,1.0,0.9714285714285713,2.9956705471720464,1.8058848529524483,0.26666666666666666,1.0666666666666667,5.881798666696739,9.0,-14.0,2.0,4.0,-1.230822211279927,1.1018128603856052,5.977736472389306,536.0,35.733333333333334,4.4,0.42857142857142855,-10.0,0.0,23.0,1.656551126696654,34.595555555555535,5.514186250028192,7.199999999999999,0.24285714285714277,2.34202361791372,1.3585764709975694,0.06666666666666667,59.2,5.706137047074843,68.0,47.0,59.0,6.5,-0.2785052612789713,-0.5190583704097227,59.47436422526936,53058.0,3537.2,59.2,0.0,52.0,65.0,21.0,1.4897503188505914,32.56000000000001,0.09638745011950747,66.6,0.7250000000000006,1.143349758938798,1.0046345308322526,0.26666666666666666,-8.666666666666666,9.148163142887695,15.0,-23.0,-9.0,5.0,1.1695505027854929,1.2559168330894233,12.601587201618692,2382.0,158.8,11.733333333333333,0.07142857142857142,15.0,-9.0,38.0,1.6216679171123503,83.68888888888885,1.055557285717811,2.7999999999999954,-0.45000000000000007,1.8251669120732361,1.0739989092288658,0.13333333333333333,-10.466666666666667,19.46232828369263,2.0,-77.0,-3.0,5.0,-2.6747847039776103,6.223410600940076,22.098265391956296,7325.0,488.3333333333333,10.866666666666667,0.14285714285714285,-77.0,-2.0,79.0,1.5821699429252498,378.78222222222223,1.8594581162763661,0.1999999999999993,2.4142857142857137,3.4844363860354295,2.0335827047812542,0.06666666666666667,-0.4666666666666667,0.8844332774281067,2.0,-2.0,-1.0,1.0,1.055289706022172,1.7285640495867733,1.0,15.0,1.0,0.7333333333333333,0.5714285714285714,0.0,-1.0,4.0,1.0832550105185086,0.7822222222222224,1.8952141659173716,0.0,-0.075,2.0,1.3636363636363638,0.3333333333333333,collision
-2.8666666666666667,1.8208667044996885,1.0,-6.0,-3.0,2.5,0.2658094485577318,-0.5508305241897813,3.3960761671866746,173.0,11.533333333333333,3.0,0.14285714285714285,-5.0,-5.0,7.0,1.5124035237566442,3.315555555555556,0.6351860597091936,-1.0,0.03928571428571428,1.7667448268601196,1.132025389062225,0.06666666666666667,-2.6666666666666665,3.823901439919997,4.0,-8.0,-2.0,6.0,0.15155566908340407,-1.1400532145859714,4.661902329879224,326.0,21.733333333333334,3.8666666666666667,0.42857142857142855,4.0,0.0,12.0,1.5641315026219944,14.622222222222227,1.433963039969999,2.5999999999999996,-0.16428571428571437,1.716037667440205,1.2056643956584199,0.3333333333333333,79.06666666666666,2.7194770739161522,84.0,74.0,79.0,4.5,-0.010577778322503076,-0.9219111154770712,79.11342069038182,93884.0,6258.933333333333,79.06666666666666,0.0,77.0,78.0,10.0,1.5292482930376914,7.395555555555557,0.03439473533620766,82.0,-0.12499999999999983,1.0617667554629233,1.0005913240773416,0.3333333333333333,-10.4,8.244594188517306,0.0,-24.0,-8.0,16.0,-0.13912607799865018,-1.5175865703840656,13.271523399117877,2642.0,176.13333333333333,10.4,0.2857142857142857,-20.0,-18.0,24.0,1.5124035237566442,67.97333333333333,0.792749441203587,-0.40000000000000036,-0.1107142857142858,1.8083832035134126,1.2761080191459497,0.4666666666666667,-21.066666666666666,4.2812251621339525,-10.0,-28.0,-22.0,3.5,0.9022469339552294,0.905139276041171,21.497286650489947,6932.0,462.1333333333333,21.066666666666666,0.0,-22.0,-25.0,18.0,1.6565511266966537,18.32888888888889,0.20322271339243445,-16.200000000000003,-0.09999999999999999,1.3024899586274925,1.0204408220169279,0.3333333333333333,-8.2,3.1240998703626617,-3.0,-14.0,-9.0,2.5,0.08081016192486007,-0.5327196990056438,8.774964387392123,1155.0,77.0,8.2,0.0,-6.0,-9.0,11.0,1.5867847075280475,9.76,0.3809877890686173,-3.4000000000000004,-0.38214285714285706,1.5954480704349312,1.0701176082185517,0.3333333333333333,normal
0.0,1.2110601416389966,2.0,-2.0,0.0,1.5,0.45039426755169304,-0.8305785123966936,1.2110601416389966,22.0,1.4666666666666666,0.9333333333333333,0.6428571428571429,0.0,1.0,4.0,1.2654130965141723,1.4666666666666666,0.0,2.0,0.02142857142857142,1.6514456476895412,1.2975644374703534,0.13333333333333333,0.7333333333333333,0.7717224601860151,2.0,0.0,1.0,1.0,0.49769136160358945,-1.163176654043218,1.0645812948447542,17.0,1.1333333333333333,0.7333333333333333,0.35714285714285715,1.0,0.0,2.0,0.6909233093138181,0.5955555555555556,1.052348809344566,2.0,-0.0714285714285714,1.8786728732554485,1.451701765697392,0.13333333333333333,16.066666666666666,8.713718430663736,32.0,-1.0,17.0,10.0,-0.10446948147156254,-0.5402154632410889,18.277490710342782,5011.0,334.06666666666666,16.2,0.14285714285714285,15.0,25.0,33.0,1.4943650834533881,75.92888888888889,0.5423476201657927,26.799999999999997,-0.33214285714285674,1.7507873759657822,1.1282401673051101,0.2,1.6,1.8903262505010432,5.0,-2.0,2.0,2.5,-0.303193339354144,-0.7914346179550007,2.4765567494675613,92.0,6.133333333333334,2.1333333333333333,0.5,3.0,0.0,7.0,1.4019454593787288,3.573333333333333,1.181453906563152,3.0,-0.14642857142857144,2.0189321327181204,1.1608859763129193,0.4666666666666667,-5.2,1.7204650534085253,-3.0,-8.0,-5.0,2.5,-0.2387789336359528,-1.2976625273922573,5.477225575051661,450.0,30.0,5.2,0.0,-3.0,-3.0,5.0,1.3953970923267898,2.96,0.3308586641170241,-3.0,-0.01071428571428576,1.4605934866804429,1.053312610586858,0.13333333333333333,-0.26666666666666666,0.6798692684790381,1.0,-2.0,0.0,0.5,-0.8844083401904647,0.9064349112426031,0.7302967433402214,8.0,0.5333333333333333,0.4,0.6428571428571429,0.0,-2.0,3.0,0.7298712099831165,0.46222222222222226,2.5495097567963927,0.0,-0.06428571428571428,2.7386127875258306,1.8257418583505536,0.3333333333333333,normal
-0.8666666666666667,1.1469767022723503,1.0,-3.0,-1.0,2.0,0.0031418280741573952,-0.9255843681519353,1.4375905768565218,31.0,2.066666666666667,1.1333333333333333,0.6428571428571429,0.0,-1.0,4.0,1.2519894208137132,1.3155555555555556,1.3234346564680963,0.5999999999999996,0.05714285714285711,2.0868250309207568,1.268462273696931,0.4666666666666667,0.2,2.9933259094191533,4.0,-5.0,1.0,4.0,-0.4915697842317807,-1.0294961734693877,3.0,135.0,9.0,2.6,0.42857142857142855,-1.0,-2.0,9.0,1.5292482930376914,8.96,14.966629547095765,3.5999999999999996,-0.125,1.6666666666666667,1.1538461538461537,0.13333333333333333,61.4,5.148462553682086,69.0,52.0,60.0,8.0,0.027317643221177274,-0.973209478197151,61.61547424686973,56947.0,3796.4666666666667,61.4,0.0,69.0,54.0,17.0,1.2700278611169695,26.506666666666668,0.08385118165606004,68.6,-0.6999999999999987,1.1198485582297604,1.0035093525548817,0.13333333333333333,-6.2,4.019950248448357,0.0,-12.0,-6.0,6.0,0.2879204146919499,-1.2565924909322623,7.389181280764467,819.0,54.6,6.2,0.2857142857142857,-4.0,-3.0,12.0,1.5867847075280475,16.160000000000004,0.6483790723303801,0.0,0.18928571428571425,1.6239958858823003,1.1918034323813655,0.13333333333333333,-1.5333333333333334,2.8487814158961995,4.0,-5.0,-2.0,5.0,0.3721222411940193,-1.1290924926430808,3.235222815613581,157.0,10.466666666666667,2.8666666666666667,0.35714285714285715,2.0,-3.0,9.0,1.4897503188505912,8.115555555555556,1.8579009234105648,2.0,0.09999999999999992,1.5454886061848316,1.1285660984698538,0.13333333333333333,-0.2,0.5416025603090641,1.0,-1.0,0.0,0.5,-0.10071121989218156,-0.11157024793388448,0.5773502691896257,5.0,0.3333333333333333,0.3333333333333333,0.5714285714285714,-1.0,-1.0,2.0,0.5799151714181009,0.29333333333333333,2.70801280154532,0.0,-0.03214285714285713,1.7320508075688774,1.7320508075688772,0.3333333333333333,normal
-3.2,1.8690461025168248,1.0,-6.0,-3.0,2.5,0.35287625267493267,-0.33380921857700585,3.7058512292499457,206.0,13.733333333333333,3.3333333333333335,0.14285714285714285,-4.0,-3.0,7.0,1.4019454593787288,3.493333333333333,0.5840769070365077,-1.4000000000000004,0.1392857142857141,1.6190612166625975,1.1117553687749837,0.13333333333333333,-3.0,4.33589667773576,3.0,-11.0,-2.0,6.5,-0.29933193452001056,-1.0160706201901315,5.272570530585627,417.0,27.8,4.2,0.42857142857142855,-2.0,1.0,14.0,1.5292482930376914,18.8,1.4452988925785866,2.5999999999999996,-0.3499999999999999,2.0862689149799243,1.2553739358537206,0.4666666666666667,79.2,2.8565713714171403,84.0,74.0,79.0,4.5,-0.11600359519644098,-1.0836216839677049,79.25149840854746,94212.0,6280.8,79.2,0.0,81.0,84.0,10.0,1.5292482930376914,8.160000000000002,0.03606782034617601,82.6,0.025000000000000005,1.0599168682839744,1.0006502324311548,0.3333333333333333,-16.666666666666668,9.235198367598223,-1.0,-29.0,-17.0,15.5,0.35117623724649777,-1.1606597962667822,19.054308349207187,5446.0,363.06666666666666,16.666666666666668,0.0,-11.0,-17.0,28.0,1.5472867333409477,85.28888888888888,0.5541119020558933,-2.8000000000000007,0.7678571428571429,1.5219655034713782,1.1432585009524312,0.4666666666666667,-23.666666666666668,2.8440972010268726,-19.0,-29.0,-24.0,3.0,-0.3213390223053685,-0.44686632049269503,23.836946113124476,8523.0,568.2,23.666666666666668,0.0,-24.0,-24.0,10.0,1.4897503188505912,8.08888888888889,0.12017312117014954,-20.0,0.09999999999999908,1.2165987984523225,1.007194906188358,0.13333333333333333,-9.666666666666666,5.521674464226308,2.0,-20.0,-10.0,6.5,0.24596065618140384,-0.26255641781910555,11.132534901509779,1859.0,123.93333333333334,9.933333333333334,0.14285714285714285,-10.0,-11.0,22.0,1.5246335284348944,30.488888888888887,0.571207703195825,-2.8000000000000007,0.11785714285714242,1.79653602498813,1.120724990084877,0.13333333333333333,normal
-0.8666666666666667,0.8055363982396381,0.0,-3.0,-1.0,1.0,-1.0112663734702905,0.987708763370239,1.1832159566199232,21.0,1.4,0.8666666666666667,0.6428571428571429,-3.0,0.0,3.0,0.48509409130221154,0.6488888888888888,0.92946507489189,0.0,0.06428571428571431,2.53546276418555,1.365249180715296,0.4666666666666667,-1.0,0.8944271909999159,1.0,-2.0,-1.0,1.5,0.5590169943749473,-0.5000000000000004,1.3416407864998738,27.0,1.8,1.1333333333333333,0.5,1.0,-2.0,3.0,1.0851886129676505,0.8,0.8944271909999159,0.0,-0.046428571428571416,1.4907119849998598,1.183800693970477,0.4666666666666667,58.8,5.243408560596183,70.0,50.0,57.0,5.0,0.5015580759030859,-0.33665722448895075,59.033323922453604,52274.0,3484.9333333333334,58.8,0.0,53.0,61.0,20.0,1.4897503188505912,27.493333333333336,0.08917361497612557,66.2,0.1678571428571436,1.1857709400194416,1.003968093919279,0.4,-7.133333333333334,1.9955506062794353,-3.0,-10.0,-7.0,2.5,0.23430101062746644,-0.44181481186224447,7.407203700902701,823.0,54.86666666666667,7.133333333333334,0.0,-10.0,-6.0,7.0,1.1369165918330006,3.9822222222222217,0.2797500849924442,-4.800000000000001,-0.010714285714285732,1.3500371265314763,1.0383930421826215,0.4666666666666667,-3.466666666666667,1.8926759422104518,0.0,-7.0,-4.0,3.0,0.27287285302451086,-0.7459038600077572,3.9496835316262997,234.0,15.6,3.466666666666667,0.14285714285714285,-4.0,-1.0,7.0,1.251989420813713,3.5822222222222218,0.5459642140991687,-1.0,-0.07500000000000002,1.7722938923964167,1.139331787969125,0.4666666666666667,-0.06666666666666667,0.44221663871405326,1.0,-1.0,0.0,0.0,-0.3152164056949349,1.9028925619834745,0.4472135954999579,3.0,0.2,0.2,0.35714285714285715,0.0,0.0,2.0,0.39267446722755217,0.1955555555555555,6.633249580710799,0.0,-0.017857142857142846,2.23606797749979,2.2360679774997894,0.4666666666666667,normal
-4.0,1.0954451150103321,-1.0,-6.0,-4.0,0.5,0.9128709291752769,1.7222222222222223,4.147288270665544,258.0,17.2,4.0,0.0,-4.0,-4.0,5.0,1.2868726303980165,1.2,0.27386127875258304,-3.0,0.02857142857142848,1.4467284665112365,1.036822067666386,0.26666666666666666,0.4,0.8,2.0,-1.0,0.0,1.0,-0.06249999999999977,-0.53125,0.8944271909999159,12.0,0.8,0.6666666666666666,0.7142857142857143,0.0,1.0,3.0,0.990835386443849,0.64,2.0,1.0,0.025000000000000012,2.23606797749979,1.3416407864998738,0.13333333333333333,8.666666666666666,5.641118880348314,22.0,-6.0,8.0,2.5,-0.18981402867811598,2.26979104896851,10.340857475728662,1604.0,106.93333333333334,9.466666666666667,0.07142857142857142,8.0,-6.0,28.0,1.771623955677366,31.82222222222222,0.6508983323478824,14.2,0.18571428571428572,2.127483146502779,1.0923440995488023,0.4,5.533333333333333,1.4996295838935991,8.0,2.0,5.0,1.5,-0.24213269617616773,0.23408426939961435,5.732945723331651,493.0,32.86666666666667,5.533333333333333,0.0,5.0,2.0,6.0,1.3378606778364335,2.248888888888889,0.2710173946795661,7.6,0.035714285714285796,1.3954431780928966,1.036074528312949,0.3333333333333333,-1.0,2.422120283277993,7.0,-4.0,-2.0,1.0,2.2519713377584654,5.166322314049587,2.6204325342711394,103.0,6.866666666666666,2.066666666666667,0.42857142857142855,-1.0,-2.0,11.0,1.6216679171123505,5.866666666666666,2.422120283277993,0.5999999999999996,0.1142857142857143,2.671314719402618,1.2679512262602286,0.4,1.4666666666666666,0.8055363982396383,3.0,0.0,2.0,1.0,-0.27435702060516803,-0.5322762244323531,1.6733200530681511,42.0,2.8,1.4666666666666666,0.2857142857142857,2.0,1.0,3.0,0.9701157839869381,0.6488888888888891,0.5492293624361171,2.0,-0.14642857142857144,1.7928429140015905,1.1409000361828303,0.06666666666666667,normal
-2.2666666666666666,0.9285592184789413,-1.0,-5.0,-2.0,0.0,-1.9458886587691067,3.051174407482196,2.449489742783178,90.0,6.0,2.2666666666666666,0.0,-2.0,-1.0,4.0,0.48509409130221154,0.8622222222222223,0.40965847874070943,-2.0,-0.03214285714285714,2.041241452319315,1.0806572394631668,0.3333333333333333,0.9333333333333333,0.9977753031397177,4.0,0.0,1.0,1.0,1.7443568556962692,3.2912946428571423,1.3662601021279464,28.0,1.8666666666666667,0.9333333333333333,0.5714285714285714,1.0,1.0,4.0,1.0625354080615974,0.9955555555555555,1.0690449676496976,1.5999999999999996,0.01785714285714287,2.9277002188455996,1.4638501094227996,0.4,18.733333333333334,3.2754982657435328,26.0,11.0,19.0,2.0,-0.25224737716773155,1.0792769188845224,19.017535767461215,5425.0,361.6666666666667,18.733333333333334,0.0,19.0,17.0,15.0,1.709472776584213,10.728888888888891,0.17484866187243056,21.6,-0.11785714285714248,1.3671592533290091,1.01517094844099,0.4666666666666667,2.0,1.7511900715418263,4.0,-3.0,3.0,1.5,-1.5641537028421795,1.8345935727788278,2.6583202716502514,106.0,7.066666666666666,2.4,0.35714285714285715,3.0,0.0,7.0,1.2048762065511593,3.066666666666667,0.8755950357709131,3.0,-0.17142857142857132,1.5047095877265575,1.107633446520938,0.4,-5.8,2.039607805437114,-4.0,-12.0,-5.0,1.0,-1.968704279656386,3.2270710059171606,6.148170459575759,567.0,37.8,5.8,0.0,-6.0,-6.0,8.0,1.020036958401841,4.16,0.35165651817881277,-4.0,-0.10000000000000005,1.9518001458970664,1.0600293895820274,0.4,0.3333333333333333,0.5962847939999439,1.0,-1.0,0.0,1.0,-0.27950849718747345,-0.6562499999999996,0.6831300510639732,7.0,0.4666666666666667,0.4666666666666667,0.5714285714285714,0.0,1.0,2.0,0.24493002679463532,0.35555555555555557,1.788854381999832,1.0,-0.02142857142857141,1.4638501094227998,1.4638501094227996,0.4666666666666667,normal
1.8,8.63481325796916,20.0,-21.0,1.0,5.5,-0.40299983592218275,1.851556024240642,8.820430828479978,1167.0,77.8,5.666666666666667,0.42857142857142855,-1.0,-1.0,41.0,1.6216679171123507,74.55999999999997,4.797118476649533,11.599999999999998,-0.3642857142857141,2.3808360848082204,1.5565466167905844,0.26666666666666666,0.7333333333333333,10.877908295664609,29.0,-25.0,0.0,5.0,0.33065961931846555,2.282227205806934,10.902599078507228,1783.0,118.86666666666666,6.6,0.5714285714285714,-1.0,2.0,54.0,1.748970750771313,118.3288888888889,14.833511312269922,9.399999999999997,-0.06428571428571428,2.6599162081607655,1.651908951288974,0.4666666666666667,-104.73333333333333,401.94766934128245,67.0,-1326.0,58.0,17.0,-2.308177999616376,3.6596241603820987,415.36851108383263,2587965.0,172531.0,196.86666666666667,0.14285714285714285,61.0,61.0,1393.0,0.9495936677167411,161561.92888888894,3.837819885499196,62.2,30.528571428571418,3.192345988240734,2.109897618102773,0.06666666666666667,-36.4,65.43882639534422,26.0,-220.0,-8.0,29.0,-1.8754561449406828,2.2424699268068355,74.88123930598371,84108.0,5607.2,39.86666666666667,0.14285714285714285,-5.0,-9.0,246.0,1.080573848364853,4282.24,1.79776995591605,-4.4,5.792857142857142,2.9379855627258555,1.8782919558357118,0.06666666666666667,-36.06666666666667,78.70660003385288,10.0,-275.0,-4.0,15.0,-2.2395232869188026,3.5259975636995193,86.57674822568318,112433.0,7495.533333333334,37.93333333333333,0.14285714285714285,-1.0,-4.0,285.0,1.4548671092662881,6194.72888888889,2.1822532356890814,2.1999999999999993,6.14642857142857,3.1763724745487805,2.2823395841568503,0.06666666666666667,-2.0,3.3862466931200785,0.0,-14.0,-1.0,1.0,-2.9153496239105054,7.558409951325039,3.9327683210007,232.0,15.466666666666667,2.0,0.42857142857142855,-1.0,-1.0,14.0,0.9495936677167384,11.466666666666667,1.6931233465600393,0.0,0.25714285714285706,3.559833394009255,1.96638416050035,0.06666666666666667,obstruction
6.333333333333333,1.6193277068654826,9.0,4.0,6.0,2.0,0.11164569079221989,-0.9725653547831086,6.5370737592085755,641.0,42.733333333333334,6.333333333333333,0.0,4.0,9.0,5.0,1.4897503188505912,2.6222222222222222,0.2556833221366552,8.6,0.3357142857142858,1.3767628042014939,1.0321695409276699,0.06666666666666667,9.666666666666666,1.5776212754932308,12.0,7.0,10.0,3.0,-0.052822140920531085,-1.3450255102040816,9.794556311203348,1439.0,95.93333333333334,9.666666666666666,0.0,8.0,12.0,5.0,1.4368286689630319,2.4888888888888885,0.16320220091309284,11.6,0.23214285714285732,1.2251703516446162,1.0132299632279325,0.3333333333333333,22.333333333333332,11.80771875606047,41.0,2.0,24.0,17.5,-0.1474409653091854,-1.1383078395601,25.262620608321697,9573.0,638.2,22.333333333333332,0.0,41.0,2.0,39.0,1.5867847075280475,139.42222222222225,0.5287038248982301,37.0,-2.6,1.6229511829225782,1.131162116790524,0.06666666666666667,-29.8,2.612789058968724,-24.0,-34.0,-31.0,4.0,0.5660258890488963,-0.43473815917968883,29.91432209940026,13423.0,894.8666666666667,29.8,0.0,-28.0,-32.0,10.0,1.3378606778364337,6.826666666666669,0.08767748520029275,-26.8,-0.3607142857142856,1.1365793243458342,1.0038363120604115,0.3333333333333333,17.133333333333333,3.9474323581566564,24.0,10.0,17.0,5.5,0.21944602404538796,-0.8470904250524485,17.582187956376004,4637.0,309.1333333333333,17.133333333333333,0.0,10.0,23.0,14.0,1.265413096514172,15.58222222222222,0.2303948847173146,22.6,0.85,1.3650178271070434,1.0261977406445137,0.06666666666666667,0.3333333333333333,0.47140452079103173,1.0,0.0,0.0,1.0,0.7071067811865476,-1.5000000000000002,0.5773502691896257,5.0,0.3333333333333333,0.3333333333333333,0.2857142857142857,0.0,0.0,1.0,0.0,0.2222222222222223,1.4142135623730954,1.0,0.06071428571428571,1.7320508075688774,1.7320508075688772,0.06666666666666667,collision
-0.4,0.9521904571390466,1.0,-2.0,0.0,1.0,-0.05559935627758306,-0.9394463667820063,1.0327955589886444,16.0,1.0666666666666667,0.8,0.6428571428571429,0.0,-1.0,3.0,0.9701157839869381,0.9066666666666666,2.380476142847616,1.0,-0.017857142857142867,1.9364916731037087,1.2909944487358054,0.3333333333333333,0.13333333333333333,1.9955506062794353,5.0,-3.0,1.0,2.0,0.4200565222356826,0.34180185746173564,2.0,60.0,4.0,1.6,0.6428571428571429,-1.0,1.0,8.0,1.4019454593787288,3.982222222222221,14.966629547095765,1.5999999999999996,0.12142857142857141,2.5,1.25,0.06666666666666667,62.2,3.8331884030573464,70.0,56.0,63.0,4.5,0.07414467968469679,-0.5698054354234663,62.31800167955752,58253.0,3883.5333333333333,62.2,0.0,59.0,63.0,14.0,1.4594818738690856,14.69333333333333,0.06162682320027888,66.6,0.4392857142857139,1.1232709347764989,1.0018971331118571,0.06666666666666667,-6.2,3.52514775104061,-1.0,-15.0,-6.0,4.0,-0.5555424160971247,0.44260347400025557,7.132087118555596,763.0,50.86666666666667,6.2,0.0,-2.0,-8.0,14.0,1.235144651532666,12.426666666666671,0.5685722179097759,-1.4000000000000004,-0.3642857142857144,2.1031711686435246,1.150336632025096,0.06666666666666667,-1.0666666666666667,2.669997919266771,4.0,-6.0,-1.0,3.0,-0.05466985994605695,-0.6650285135042675,2.8751811537130436,124.0,8.266666666666667,2.2666666666666666,0.6428571428571429,-1.0,-2.0,10.0,1.5641315026219946,7.128888888888887,2.503123049312598,2.0,-0.18928571428571425,2.0868250309207568,1.268462273696931,0.3333333333333333,-0.3333333333333333,0.5962847939999438,1.0,-1.0,0.0,1.0,0.2795084971874736,-0.6562499999999991,0.6831300510639732,7.0,0.4666666666666667,0.4666666666666667,0.5,-1.0,0.0,2.0,0.6730116670092565,0.3555555555555555,1.7888543819998315,0.0,1.6513120064413549e-18,1.4638501094227998,1.4638501094227996,0.13333333333333333,normal
8.933333333333334,18.042419152898784,66.0,-5.0,2.0,17.5,2.029486190543683,3.8399766259763233,20.132891827388665,6080.0,405.3333333333333,12.0,0.14285714285714285,25.0,3.0,71.0,1.0775733728921972,325.52888888888884,2.0196737857722518,23.799999999999997,-0.7714285714285704,3.2782175837359837,1.6777409856157222,0.06666666666666667,3.933333333333333,12.315121689298174,45.0,-14.0,2.0,4.0,2.262771566243554,5.572868278763671,12.928005775576267,2507.0,167.13333333333333,6.733333333333333,0.6428571428571429,12.0,-14.0,59.0,1.6792043316027072,151.66222222222228,3.1309631413469936,11.2,-1.4785714285714286,3.4808152766310254,1.9200008577588514,0.2,-33.06666666666667,96.04892271939106,98.0,-240.0,5.0,52.5,-1.131249617687122,0.0030091863828731746,101.58149437766703,154782.0,10318.8,64.66666666666667,0.21428571428571427,40.0,-210.0,338.0,1.6170531525095537,9225.395555555555,2.9047053241751324,33.99999999999999,-18.257142857142853,2.3626350593712537,1.5708478512010364,0.06666666666666667,-5.2,32.360881735000156,36.0,-107.0,0.0,19.0,-1.8019515091769516,3.9024571673502413,32.776007485150885,16114.0,1074.2666666666667,19.866666666666667,0.5,-29.0,26.0,143.0,1.4019454593787286,1047.226666666667,6.22324648750003,29.599999999999998,5.428571428571427,3.264583096293109,1.6497990344874607,0.13333333333333333,15.933333333333334,45.80315370025179,158.0,-30.0,-4.0,51.0,1.9056152228463974,3.3795761469907886,48.4953606028453,35277.0,2351.8,30.333333333333332,0.14285714285714285,61.0,11.0,188.0,1.020036958401841,2097.928888888889,2.8746749184258444,53.39999999999999,-2.442857142857142,3.2580436156346444,1.598748151742153,0.06666666666666667,-5.533333333333333,18.180086786249277,22.0,-68.0,-3.0,6.5,-2.453393872220796,6.651233912118052,19.003508448003313,5417.0,361.1333333333333,9.266666666666667,0.42857142857142855,-5.0,-68.0,90.0,1.5426719687381505,330.5155555555556,3.2855578529366163,2.5999999999999996,-1.4785714285714284,3.578286619339742,2.050738321726976,0.13333333333333333,collision
-4.933333333333334,4.296768811819205,1.0,-15.0,-5.0,3.5,-0.8726573313351482,0.3927599411116862,6.54217089351845,642.0,42.8,5.2,0.14285714285714285,-3.0,-6.0,16.0,1.3095258353040693,18.462222222222223,0.8709666510444334,0.1999999999999993,-0.010714285714285817,2.2928169019340365,1.2581097872150864,0.13333333333333333,-1.2,14.670605531697277,34.0,-21.0,-2.0,15.5,0.8543909036104256,0.17454689586554206,14.719601443879744,3250.0,216.66666666666666,11.733333333333333,0.5,-10.0,1.0,55.0,1.3397942802855758,215.22666666666672,12.22550460974773,16.999999999999993,-0.2857142857142857,2.3098451496549752,1.2545114866942966,0.13333333333333333,83.46666666666667,7.7705998624444845,102.0,73.0,82.0,10.5,0.6688530565923364,-0.08310475780298088,83.82760086431358,105406.0,7027.066666666667,83.46666666666667,0.0,90.0,82.0,29.0,1.4322139043602349,60.38222222222224,0.09309824116347226,91.8,-0.07142857142857052,1.216783004026334,1.0043242915053543,0.3333333333333333,-12.933333333333334,35.46729322754824,25.0,-123.0,-5.0,28.0,-1.9322218186290014,3.5303032211387526,37.75182114812476,21378.0,1425.2,23.733333333333334,0.5,5.0,-11.0,148.0,1.3624474851916286,1257.928888888889,2.742316486666101,15.999999999999998,1.003571428571428,3.2581209663340904,1.5906666214097511,0.13333333333333333,-22.333333333333332,11.608426058495422,-4.0,-46.0,-21.0,10.0,-0.38965721324457775,-0.43879380713027594,25.170088067651516,9503.0,633.5333333333333,22.333333333333332,0.0,-16.0,-21.0,42.0,1.67458956699991,134.75555555555556,0.5197802712759144,-7.000000000000002,0.46785714285714236,1.8275661124570712,1.1270188687008142,0.2,-7.666666666666667,6.659996663329163,-1.0,-29.0,-6.0,6.5,-2.0461854861563786,4.201748185750251,10.155458302476227,1547.0,103.13333333333334,7.666666666666667,0.0,-9.0,-4.0,28.0,1.0832550105185084,44.355555555555576,0.8686952169559777,-2.4000000000000004,0.3857142857142855,2.8556072149820033,1.32462499597516,0.06666666666666667,collision
-5.666666666666667,15.408511356462123,27.0,-36.0,1.0,18.0,-0.24927430521700567,0.03745310818628056,16.41747036949765,4043.0,269.53333333333336,11.133333333333333,0.21428571428571427,-13.0,1.0,63.0,1.4897503188505912,237.4222222222222,2.7191490629050805,2.5999999999999996,1.9321428571428563,2.192786049846335,1.4746230870806274,0.06666666666666667,-73.2,51.964346751723276,-12.0,-192.0,-48.0,25.0,-1.3127804747107792,0.3089164664110644,89.76933403636976,120878.0,8058.533333333334,73.2,0.0,-12.0,-45.0,180.0,1.2868726303980162,2700.293333333333,0.7098954474279136,-39.0,5.124999999999997,2.1388150203076233,1.226357022354778,0.06666666666666667,-704.4,224.57034532635868,-558.0,-1286.0,-590.0,85.5,-1.6971097951020224,1.3288231009107117,739.3315900189846,8199168.0,546611.2,704.4,0.0,-558.0,-581.0,728.0,0.9495936677167377,50431.83999999999,0.3188108252787602,-581.0,24.34642857142854,1.7394089706987605,1.0495905593682349,0.06666666666666667,-410.6666666666667,53.39246721734776,-331.0,-560.0,-393.0,32.0,-1.472332430512466,1.874849265937919,414.1230091007582,2572468.0,171497.86666666667,410.6666666666667,0.0,-450.0,-383.0,229.0,1.5065950881316388,2850.755555555555,0.1300141247175676,-379.2,5.574999999999993,1.3522552181198635,1.0084164182648332,0.26666666666666666,-94.13333333333334,58.53302961196829,-39.0,-232.0,-64.0,60.5,-1.2981554113704152,0.2969842673122356,110.84764318649269,184308.0,12287.2,94.13333333333334,0.0,-108.0,-59.0,193.0,1.0805738483648535,3426.1155555555565,0.6218098046597197,-53.6,8.371428571428567,2.092962857222663,1.1775599488650073,0.06666666666666667,18.2,16.158382757359515,55.0,2.0,10.0,14.0,1.2863081468717925,0.32684147085902104,24.33789911502908,8885.0,592.3333333333334,18.2,0.0,21.0,8.0,53.0,1.1369165918330009,261.0933333333333,0.887823228426347,45.599999999999994,-2.321428571428571,2.259849945964996,1.337247204122477,0.06666666666666667,obstruction
64.06666666666666,38.2351786825809,148.0,21.0,52.0,54.5,0.7858094773548062,-0.5416394041320882,74.60875730547096,83497.0,5566.466666666666,64.06666666666666,0.0,21.0,148.0,127.0,1.39539709232679,1461.9288888888889,0.5968029971266531,118.6,8.475000000000001,1.9836813444572325,1.1645487612716592,0.06666666666666667,33.86666666666667,16.041058430027476,69.0,15.0,31.0,22.5,0.7675125061273593,-0.4916865291934278,37.4735462248593,21064.0,1404.2666666666667,33.86666666666667,0.0,15.0,69.0,54.0,1.4502523446634912,257.3155555555556,0.4736533000992365,56.8,3.557142857142857,1.841298914865618,1.1065023491592312,0.06666666666666667,-147.73333333333332,121.42018869291147,-14.0,-411.0,-110.0,172.5,-0.7971225615389864,-0.5747583835542165,191.22761306882435,548520.0,36568.0,147.73333333333332,0.0,-14.0,-411.0,397.0,1.3953970923267898,14742.862222222224,0.8218875588419098,-26.4,-26.825,2.1492711926079306,1.2944107382817533,0.06666666666666667,-65.8,14.227672566750568,-46.0,-95.0,-65.0,19.5,-0.43529088124366677,-0.6893906041205815,67.32062586359893,67981.0,4532.066666666667,65.8,0.0,-46.0,-95.0,49.0,1.5472867333409472,202.4266666666667,0.21622602685031259,-47.8,-3.2214285714285715,1.4111574095060164,1.0231098155562148,0.06666666666666667,71.26666666666667,52.80715439744463,191.0,14.0,51.0,73.5,0.8703415010506008,-0.3885511444828338,88.69911686895949,118013.0,7867.533333333334,71.26666666666667,0.0,16.0,191.0,177.0,1.39539709232679,2788.5955555555556,0.7409797155862202,146.0,11.575,2.153347256908721,1.2446087493305822,0.06666666666666667,-5.4,5.4626001134990645,8.0,-10.0,-8.0,6.0,1.2482639428761733,0.2834671420049033,7.681145747868608,885.0,59.0,7.133333333333334,0.07142857142857142,-7.0,8.0,18.0,1.0805738483648535,29.839999999999996,1.0115926136109379,2.799999999999999,1.021428571428571,1.3018891098082388,1.0767961328787767,0.06666666666666667,obstruction
-2.1333333333333333,1.024152766382481,0.0,-5.0,-2.0,0.0,-0.8484345130868948,2.515871875897732,2.3664319132398464,84.0,5.6,2.1333333333333333,0.14285714285714285,-2.0,-2.0,5.0,0.9881542242901942,1.0488888888888888,0.480071609241788,-1.4000000000000004,-0.05,2.1128856368212916,1.109264959331178,0.3333333333333333,1.2,0.9092121131323903,4.0,0.0,1.0,0.0,1.7242862395252672,3.4823100936524467,1.505545305418162,34.0,2.2666666666666666,1.2,0.2857142857142857,1.0,1.0,4.0,0.9881542242901943,0.8266666666666664,0.7576767609436585,2.0,0.01785714285714288,2.6568446566202857,1.2546210878484685,0.26666666666666666,19.733333333333334,6.115190557583268,33.0,3.0,19.0,3.5,-0.6119060653849726,2.3284462452897348,20.659138413786767,6402.0,426.8,19.733333333333334,0.0,19.0,16.0,30.0,1.7140875411870102,37.39555555555556,0.309891413391044,25.2,0.23571428571428574,1.5973560629216572,1.046915797995951,0.4666666666666667,3.3333333333333335,2.118699810942761,6.0,-2.0,4.0,1.0,-1.324057572273316,1.207675718066855,3.9496835316262997,234.0,15.6,3.7333333333333334,0.2857142857142857,4.0,5.0,8.0,1.4019454593787286,4.48888888888889,0.6356099432828283,5.6,0.05357142857142863,1.5191090506255,1.0579509459713303,0.26666666666666666,-5.6,1.4047538337136984,-3.0,-9.0,-5.0,1.0,-0.7330321548277753,0.7658875091307538,5.773502691896258,500.0,33.333333333333336,5.6,0.0,-6.0,-9.0,6.0,1.3624474851916286,1.9733333333333332,0.25084889887744616,-4.4,-0.10714285714285726,1.5588457268119895,1.0309826235529034,0.13333333333333333,0.26666666666666666,0.573488351136175,2.0,0.0,0.0,0.0,2.039046420128074,2.9572680788897,0.6324555320336759,6.0,0.4,0.26666666666666666,0.2857142857142857,0.0,0.0,2.0,0.5004024235381879,0.32888888888888884,2.1505813167606562,1.0,0.021428571428571436,3.162277660168379,2.3717082451262845,0.06666666666666667,normal
-87.06666666666666,110.55042087461972,-2.0,-261.0,-12.0,211.0,-0.7378656153800761,-1.4093637984573182,140.71957930579526,297030.0,19802.0,87.06666666666666,0.0,-4.0,-261.0,259.0,0.8033149761408755,12221.395555555555,1.2697215261250352,-2.8000000000000007,-21.657142857142855,1.854752560287474,1.6162279399593638,0.06666666666666667,-23.2,31.776721039150658,1.0,-76.0,-1.0,60.5,-0.746160098859233,-1.3835107459262883,39.344631145812,23220.0,1548.0,23.333333333333332,0.35714285714285715,0.0,-65.0,77.0,0.8033149761408755,1009.76,1.3696862516875283,0.0,-6.057142857142855,1.9316485575463258,1.6861984776776573,0.06666666666666667,-436.8,615.7512701299663,0.0,-1615.0,-35.0,860.5,-0.9765892805478893,-0.7865284617117565,754.9462674036257,8549158.0,569943.8666666667,436.8,0.14285714285714285,-2.0,-1615.0,1615.0,0.9532710147058912,379149.6266666667,1.4096869737407653,-2.4000000000000004,-119.92142857142855,2.139225094196742,1.728356839294015,0.06666666666666667,44.266666666666666,72.62365699657073,174.0,-12.0,0.0,129.5,0.8185337198646155,-1.1726891941476563,85.05135703404933,108506.0,7233.733333333334,52.266666666666666,0.14285714285714285,0.0,106.0,186.0,0.8608513906312317,5274.195555555557,1.6405946610671098,157.2,12.764285714285712,2.045822736612434,1.627258106518801,0.06666666666666667,-14.266666666666667,68.39538645909451,58.0,-188.0,8.0,14.0,-1.74282880399154,1.7560760266735107,69.8674936337827,73222.0,4881.466666666666,39.86666666666667,0.21428571428571427,-3.0,58.0,246.0,1.7140875411870102,4677.928888888888,4.794069144329054,35.59999999999999,-3.15,2.690807845282391,1.7525291045263218,0.13333333333333333,-4.8,13.5213411563597,6.0,-36.0,3.0,19.5,-1.106729643541405,-0.2735227786408587,14.348054455802245,3088.0,205.86666666666667,10.133333333333333,0.07142857142857142,1.0,-36.0,42.0,0.9532710147058909,182.82666666666665,2.816946074241604,5.0,-2.4357142857142855,2.5090509734887347,1.4159264265594322,0.06666666666666667,obstruction
-1.5333333333333334,1.7074997966487595,1.0,-6.0,-2.0,2.0,-0.98763239511415,0.9120408239143374,2.2949219304078006,79.0,5.266666666666667,1.6666666666666667,0.2857142857142857,-1.0,1.0,7.0,1.3624474851916286,2.9155555555555552,1.1135868239013649,0.0,0.11428571428571423,2.6144680219835705,1.3769531582446803,0.13333333333333333,1.2666666666666666,1.1234866364235145,5.0,0.0,1.0,0.0,2.283301049426484,5.370511803213651,1.6931233465600393,43.0,2.8666666666666667,1.2666666666666666,0.21428571428571427,1.0,0.0,5.0,0.9881542242901943,1.2622222222222221,0.8869631340185642,2.0,-0.03214285714285709,2.9531221160930916,1.33667632623161,0.13333333333333333,17.333333333333332,7.786027371016765,36.0,2.0,19.0,6.0,0.08744390846172005,0.8553106268435937,19.001754304975808,5416.0,361.06666666666666,17.333333333333332,0.0,19.0,24.0,34.0,1.414175464056979,60.62222222222223,0.4491938867894288,22.799999999999997,-0.14285714285714274,1.8945619137161995,1.0962550560562967,0.13333333333333333,4.066666666666666,3.08688984074406,11.0,-4.0,4.0,1.5,-0.3617046108415981,2.0497553046335497,5.105552532945545,391.0,26.066666666666666,4.6,0.14285714285714285,4.0,11.0,15.0,1.3792922544726758,9.528888888888888,0.7590712723141131,6.799999999999999,0.17500000000000002,2.154517053544795,1.1099027245533795,0.26666666666666666,-5.333333333333333,2.4404006956964173,-1.0,-12.0,-6.0,2.0,-0.711489064489349,1.722376921363331,5.865151319446072,516.0,34.4,5.333333333333333,0.0,-6.0,-2.0,11.0,1.2048762065511598,5.955555555555557,0.45757513044307824,-2.4000000000000004,0.23571428571428563,2.0459830184114205,1.0997158723961387,0.13333333333333333,0.06666666666666667,0.4422166387140533,1.0,-1.0,0.0,0.0,0.3152164056949346,1.9028925619834718,0.4472135954999579,3.0,0.2,0.2,0.35714285714285715,0.0,0.0,2.0,0.24493002679463532,0.19555555555555557,6.6332495807108,0.5999999999999996,0.0035714285714285718,2.23606797749979,2.2360679774997894,0.3333333333333333,normal
10.933333333333334,23.834055933101737,37.0,-29.0,4.0,34.0,-0.40868315574320635,-1.2337342243993992,26.22212806009459,10314.0,687.6,21.866666666666667,0.14285714285714285,29.0,1.0,66.0,1.0437570363314084,568.0622222222222,2.17994414022272,36.0,-3.457142857142856,1.4110220160318496,1.1991826856750574,0.06666666666666667,-18.333333333333332,20.6322293727287,11.0,-45.0,-25.0,42.5,0.2626683392237669,-1.6660746588080038,27.60072462816873,11427.0,761.8,23.4,0.21428571428571427,-19.0,11.0,56.0,1.3624474851916288,425.68888888888887,1.1253943294215654,8.2,2.871428571428571,1.6303919772480875,1.1795181465029372,0.13333333333333333,-274.6666666666667,322.2546956816749,-81.0,-1387.0,-195.0,78.5,-2.7719647626380053,6.59039900140764,423.42634148889067,2689348.0,179289.86666666667,274.6666666666667,0.0,-178.0,-106.0,1306.0,1.4153691350791875,103848.08888888889,1.1732573871905638,-93.4,-13.853571428571424,3.275658276532591,1.5416007578479027,0.13333333333333333,37.06666666666667,84.87753269007975,229.0,-71.0,71.0,116.5,0.566272045239148,-0.5073069782445931,92.6182127517765,128672.0,8578.133333333333,77.06666666666666,0.07142857142857142,-71.0,87.0,300.0,1.0832550105185086,7204.195555555556,2.289861493437403,129.2,15.760714285714286,2.472515860500748,1.2017934180593837,0.06666666666666667,45.733333333333334,131.58240341660007,402.0,-74.0,34.0,168.5,1.3371376068086627,1.1720372601959133,139.30350557924473,291082.0,19405.466666666667,101.06666666666666,0.07142857142857142,-70.0,42.0,476.0,1.0832550105185086,17313.928888888888,2.877166255465016,194.59999999999997,18.585714285714282,2.8857852379839555,1.3783328388447698,0.06666666666666667,-8.133333333333333,13.169999578165859,7.0,-43.0,-4.0,19.0,-1.1110305976281898,0.7520360004042361,15.479018056711478,3594.0,239.6,10.666666666666666,0.14285714285714285,-8.0,-4.0,50.0,1.2105578441774711,173.44888888888892,1.619262243217114,4.999999999999998,-1.3428571428571427,2.77795399181383,1.4511579428167012,0.06666666666666667,collision
-1.9333333333333333,2.931817790306136,3.0,-7.0,-2.0,5.0,-0.065583381505641,-1.0833155988360472,3.5118845842842465,185.0,12.333333333333334,2.8666666666666667,0.35714285714285715,0.0,-7.0,10.0,1.5867847075280475,8.595555555555556,1.5164574777445532,1.5999999999999996,-0.2392857142857143,1.9932317910802477,1.2250760177735744,0.4666666666666667,-2.8666666666666667,5.987394165151388,5.0,-13.0,-3.0,10.5,-0.10160476837810459,-1.2672169515949152,6.638272867747052,661.0,44.06666666666667,5.666666666666667,0.35714285714285715,2.0,-13.0,18.0,1.5472867333409472,35.84888888888889,2.0886258715644375,5.0,-0.26071428571428573,1.9583407098497354,1.171459917837715,0.3333333333333333,78.6,6.343500610861483,90.0,71.0,77.0,10.0,0.661092104853546,-1.0980498717436906,78.85556416639221,93273.0,6218.2,78.6,0.0,74.0,88.0,19.0,1.3095258353040693,40.24,0.0807061146420036,88.6,0.3000000000000002,1.1413271967732301,1.0032514524986287,0.3333333333333333,-4.666666666666667,11.270413578135553,12.0,-23.0,-5.0,18.5,0.03637491582607805,-1.2423283861587497,12.198360545581526,2232.0,148.8,10.4,0.6428571428571429,-12.0,12.0,35.0,1.5867847075280475,127.02222222222223,2.4150886238861897,11.0,0.35714285714285704,1.8854992778788646,1.1729192832289927,0.3333333333333333,-14.8,7.485096303099024,-2.0,-30.0,-15.0,10.0,-0.15886876756118404,-0.5959387667213161,16.585133905599516,4126.0,275.06666666666666,14.8,0.0,-9.0,-30.0,28.0,1.5867847075280475,56.02666666666667,0.5057497502093935,-5.200000000000001,-0.6821428571428573,1.808848826349923,1.120617155783751,0.4666666666666667,-6.066666666666666,2.976948474902148,-1.0,-11.0,-6.0,5.5,-0.16275734411716333,-1.16288333405432,6.757711644237764,685.0,45.666666666666664,6.066666666666666,0.0,-5.0,-3.0,10.0,1.5867847075280475,8.862222222222224,0.49070579256628816,-3.0,0.09285714285714262,1.6277699581010674,1.1139085127864448,0.06666666666666667,normal
-2.2666666666666666,4.202644669993196,4.0,-8.0,-3.0,7.5,0.18163046380552955,-1.5030705372541047,4.774934554525329,342.0,22.8,4.133333333333334,0.21428571428571427,-4.0,4.0,12.0,1.436828668963032,17.662222222222223,1.8541079426440572,3.5999999999999996,0.7035714285714283,1.675415633166782,1.155226101901289,0.06666666666666667,31.533333333333335,17.685650178102648,57.0,7.0,35.0,34.5,-0.13595498334429199,-1.6114626207155243,36.15429896061232,19607.0,1307.1333333333334,31.533333333333335,0.0,7.0,44.0,50.0,1.450252344663491,312.78222222222223,0.5608557138933186,50.4,3.653571428571429,1.576575998945455,1.146542250336543,0.06666666666666667,-157.86666666666667,114.22893192571175,10.0,-301.0,-169.0,208.5,0.20599355874331643,-1.5649966966598783,194.85926545415626,569552.0,37970.13333333333,160.53333333333333,0.07142857142857142,10.0,-252.0,311.0,1.2454410537617744,13048.24888888889,0.7235785383807753,1.5999999999999925,-24.51428571428571,1.544704581013701,1.2138243279951595,0.06666666666666667,79.86666666666666,48.358200499559075,139.0,4.0,77.0,85.5,-0.17784918443184214,-1.474567784453568,93.36594668293147,130758.0,8717.2,79.86666666666666,0.0,5.0,123.0,135.0,1.459481873869085,2338.5155555555552,0.6054866506622589,136.6,10.528571428571427,1.4887654968255257,1.169022704711162,0.06666666666666667,49.666666666666664,40.93843616402019,102.0,0.0,43.0,87.0,0.04680968476630669,-1.8010667321441522,64.36406865117628,62141.0,4142.733333333334,49.666666666666664,0.07142857142857142,0.0,94.0,102.0,1.274642625719766,1675.9555555555557,0.8242638153829569,94.6,8.839285714285715,1.5847351191049341,1.295920845325697,0.06666666666666667,7.0,6.387487769068525,16.0,-1.0,6.0,13.0,0.12739366705898877,-1.6956939638600539,9.476286192385707,1347.0,89.8,7.133333333333334,0.2857142857142857,1.0,15.0,17.0,1.3624474851916286,40.8,0.9124982527240749,15.0,1.3428571428571427,1.688425156772509,1.3284513353811738,0.06666666666666667,obstruction
82.73333333333333,119.77449181227564,353.0,-9.0,9.0,112.0,1.3145790580230539,0.3236355772186861,145.5703724434795,317861.0,21190.733333333334,86.33333333333333,0.14285714285714285,353.0,9.0,362.0,0.9881542242901943,14345.928888888886,1.4477174675134041,289.4,-22.88928571428571,2.4249439915190094,1.6861433101561334,0.06666666666666667,-33.333333333333336,55.59216571504379,2.0,-170.0,-4.0,35.5,-1.8444711909791596,1.869050519313049,64.81975007665488,63024.0,4201.6,34.13333333333333,0.14285714285714285,-169.0,-4.0,172.0,0.7647544195674194,3090.48888888889,1.6677649714513136,1.0,9.439285714285713,2.622657443124364,1.8990161155269987,0.06666666666666667,-444.2,1176.8382613313238,90.0,-3617.0,6.0,15.0,-2.1677959635443567,2.7312897369775886,1257.8799359769332,23733929.0,1582261.9333333333,476.46666666666664,0.21428571428571427,-3617.0,8.0,3707.0,1.5292482930376883,1384948.2933333332,2.649343226770202,59.59999999999997,160.3892857142857,2.8754731644486045,2.640016655891143,0.06666666666666667,54.46666666666667,103.26655907031191,324.0,-5.0,4.0,49.0,1.9906156893489624,2.274549876755991,116.75016059946128,204459.0,13630.6,57.53333333333333,0.14285714285714285,324.0,4.0,329.0,0.9701157839869382,10663.98222222222,1.8959588568600718,201.19999999999993,-16.907142857142848,2.7751567821097716,2.0292611923428963,0.06666666666666667,31.866666666666667,170.03563025306065,476.0,-265.0,1.0,90.5,0.6782925571752069,1.3106320783498875,172.99595370990616,448914.0,29927.6,107.2,0.35714285714285715,-265.0,11.0,741.0,1.5226999259857525,28912.115555555556,5.335846137648346,201.0,-1.9357142857142844,2.751509441649693,1.613768224905841,0.26666666666666666,9.4,16.292329483533045,54.0,2.0,2.0,3.5,2.122677638389594,2.6636979472662787,18.80957203128237,5307.0,353.8,9.4,0.0,47.0,2.0,52.0,0.8571740436420789,265.4400000000001,1.7332265408013878,31.399999999999984,-2.3749999999999987,2.8708787159108193,2.001018301200252,0.06666666666666667,obstruction
6.466666666666667,36.55473825496346,79.0,-71.0,0.0,24.5,0.15287191745875497,0.1150564406226926,37.12232032977824,20671.0,1378.0666666666666,25.266666666666666,0.35714285714285715,79.0,-4.0,150.0,1.6151195500604119,1336.248888888889,5.652794575509813,59.599999999999994,-3.77142857142857,2.1280997334810707,1.4692211212313289,0.13333333333333333,6.933333333333334,47.18398975170379,168.0,-52.0,1.0,19.5,2.487764540507674,6.253751009634309,47.69066994706617,34116.0,2274.4,24.666666666666668,0.5,168.0,-1.0,220.0,1.679204331602707,2226.3288888888883,6.80538313726497,27.999999999999993,-4.2250000000000005,3.522701614099154,1.9334055383945743,0.3333333333333333,69.33333333333333,20.628997929021068,108.0,12.0,69.0,9.5,-0.7789300584311286,2.16417511878873,72.33717347717332,78490.0,5232.666666666667,69.33333333333333,0.0,12.0,66.0,96.0,1.7716239556773665,425.55555555555554,0.2975336239762654,93.6,0.4464285714285748,1.4930082944708978,1.0433246174592308,0.2,-25.0,76.95713092365125,50.0,-297.0,-13.0,26.0,-2.8502169955958023,7.4914968155208115,80.91600583320954,98211.0,6547.4,39.13333333333333,0.5714285714285714,-297.0,-14.0,347.0,1.5519014979437442,5922.4,3.07828523694605,19.799999999999997,7.296428571428571,3.670472818594134,2.0677003194176202,0.13333333333333333,-22.8,48.235809657694496,62.0,-129.0,-20.0,26.5,-0.5129417841861467,0.2049602437723821,53.35291307260864,42698.0,2846.5333333333333,39.733333333333334,0.2857142857142857,-129.0,-24.0,191.0,1.691434336280957,2326.6933333333336,2.1156056867409867,35.19999999999999,0.49642857142857233,2.4178623541031827,1.342774657867667,0.2,-16.666666666666668,21.749074054364296,-6.0,-97.0,-11.0,4.5,-3.326497543287917,9.42191400475499,27.400729917285048,11262.0,750.8,16.666666666666668,0.0,-97.0,-7.0,91.0,1.3624474851916286,473.0222222222222,1.3049444432618578,-7.4,1.942857142857143,3.5400516808426348,1.6440437950371027,0.4666666666666667,collision
-11.4,11.48216007552586,0.0,-38.0,-8.0,9.0,-1.2393434434133266,0.10962316782920212,16.180234856144704,3927.0,261.8,11.4,0.14285714285714285,-8.0,-3.0,38.0,1.3378606778364337,131.84,1.007207024168935,-3.0,0.814285714285714,2.348544402343387,1.4193188470302371,0.06666666666666667,29.933333333333334,41.755585122099404,139.0,3.0,17.0,14.5,2.0189514056668005,2.3514599370935816,51.376388870115555,39593.0,2639.5333333333333,29.933333333333334,0.0,20.0,3.0,136.0,1.1822230016451067,1743.528888888889,1.3949527323641226,90.39999999999996,-2.5535714285714266,2.7055229660341706,1.716360429959317,0.06666666666666667,-138.2,352.0740831131993,10.0,-1235.0,-4.0,25.5,-2.3812660677919757,4.062379647251569,378.226651625715,2145831.0,143055.4,143.8,0.21428571428571427,-5.0,10.0,1245.0,1.0805738483648515,123956.15999999999,2.547569342353107,10.0,11.224999999999994,3.265237906138168,2.630227062765751,0.06666666666666667,46.266666666666666,124.01906663448524,472.0,-26.0,12.0,27.5,2.747466139545792,6.408088626529043,132.36817341541482,262820.0,17521.333333333332,57.733333333333334,0.21428571428571427,-26.0,16.0,498.0,1.26347949406503,15380.72888888889,2.68052737682605,124.19999999999995,-0.12499999999999967,3.5658118399708436,2.292751271629587,0.13333333333333333,63.2,163.68595948746898,601.0,-10.0,4.0,18.0,2.5593938804462923,5.16095508096836,175.46319652090386,461810.0,30787.333333333332,68.26666666666667,0.21428571428571427,-10.0,4.0,611.0,1.2868726303980165,26793.093333333338,2.5899677134093193,197.7999999999999,-3.421428571428571,3.425219715112164,2.570261667786678,0.06666666666666667,3.8666666666666667,12.284769251213293,39.0,-4.0,-1.0,3.5,2.048495960957543,2.6723549275641236,12.878923350446135,2488.0,165.86666666666667,6.666666666666667,0.2857142857142857,-1.0,-3.0,43.0,1.430280301911093,150.9155555555556,3.177095496003438,20.599999999999994,-0.4499999999999999,3.028203440518886,1.93183850256692,0.06666666666666667,obstruction
-8.0,8.049844718999243,1.0,-33.0,-8.0,5.5,-1.7798058215970547,3.5626428898033833,11.349008767288886,1932.0,128.8,8.266666666666667,0.14285714285714285,0.0,-33.0,34.0,1.4019454593787286,64.8,1.0062305898749053,0.5999999999999996,-1.3,2.9077429295072457,1.3728639637849458,0.13333333333333333,-3.0,3.3466401061363023,1.0,-13.0,-2.0,3.0,-1.6434393378347916,2.650510204081633,4.494441010848846,303.0,20.2,3.1333333333333333,0.35714285714285715,0.0,-13.0,14.0,1.2351446515326658,11.2,1.1155467020454342,0.0,-0.532142857142857,2.892462036684901,1.434396067292185,0.26666666666666666,-86.2,145.0683517058999,19.0,-526.0,-15.0,132.5,-1.896694363185136,2.9130295396728405,168.74616045014673,427129.0,28475.266666666666,91.53333333333333,0.21428571428571427,19.0,-526.0,545.0,1.0805738483648537,21044.826666666668,1.6829275139895579,9.999999999999996,-26.53214285714285,3.117107960245401,1.8435487303366358,0.06666666666666667,-21.733333333333334,40.8712884825304,9.0,-114.0,2.0,53.0,-1.141198504329759,-0.21533702352848572,46.29038777111292,32142.0,2142.8,28.266666666666666,0.21428571428571427,2.0,-114.0,123.0,1.0805738483648533,1670.4622222222222,1.880580758398638,7.6,-7.614285714285713,2.462714301804588,1.6376316428459758,0.06666666666666667,-5.066666666666666,12.730366146432011,39.0,-19.0,-7.0,7.0,2.619512452074538,6.708883373836434,13.701581417242803,2816.0,187.73333333333332,10.266666666666667,0.07142857142857142,-5.0,39.0,58.0,1.459481873869085,162.0622222222222,2.5125722657431604,-1.0,0.9428571428571426,2.8463867645905685,1.3345696185626106,0.06666666666666667,-9.066666666666666,14.484321025010304,2.0,-47.0,-1.0,21.0,-1.2774042430889034,0.5548975535969389,17.08800749063506,4380.0,292.0,10.0,0.35714285714285715,2.0,-47.0,49.0,0.8033149761408754,209.79555555555558,1.597535407170254,2.0,-2.832142857142856,2.7504669591090685,1.708800749063506,0.06666666666666667,obstruction
6.8,28.29181271439967,112.0,-5.0,-1.0,3.5,3.401540765021793,9.753580200101528,29.097537123726926,12700.0,846.6666666666666,10.0,0.42857142857142855,112.0,-1.0,117.0,1.529248293037691,800.4266666666667,4.160560693294069,6.199999999999999,-2.8714285714285714,3.849123021091436,2.9097537123726926,0.06666666666666667,-7.066666666666666,16.98810041045071,5.0,-54.0,1.0,13.0,-1.6666660138849216,1.5946296307752403,18.399275348049265,5078.0,338.53333333333336,10.666666666666666,0.21428571428571427,-54.0,4.0,59.0,1.0805738483648533,288.59555555555556,2.403976473176987,4.0,2.946428571428571,2.9348981945490156,1.7249320638796186,0.06666666666666667,62.4,8.039900496896712,85.0,52.0,60.0,8.0,1.4130636434485795,1.7390543819233422,62.915816771301635,59376.0,3958.4,62.4,0.0,85.0,59.0,33.0,1.3624474851916286,64.64,0.1288445592451396,70.8,-0.899999999999997,1.3510116273142276,1.0082662944118852,0.4,5.6,39.482992118970245,123.0,-77.0,-2.0,6.0,1.2286528652082727,3.5972198241127193,39.87814773364814,23854.0,1590.2666666666667,19.733333333333334,0.42857142857142855,-77.0,-2.0,200.0,1.806507165261669,1558.9066666666665,7.050534306958973,34.399999999999984,-1.8857142857142835,3.0843960161222785,2.020852081097034,0.3333333333333333,10.733333333333333,78.88089474362948,284.0,-115.0,-1.0,7.0,2.495394221484031,7.03454409450079,79.60778856368263,95061.0,6337.4,31.666666666666668,0.5,284.0,-1.0,399.0,1.4302803019110932,6222.195555555553,7.349151684189083,16.79999999999999,-4.525000000000001,3.567490130350912,2.513930165168925,0.3333333333333333,-2.066666666666667,7.2798046371833065,1.0,-29.0,0.0,1.0,-3.345454437055956,9.50227787279854,7.567474259399015,859.0,57.266666666666666,2.6,0.5714285714285714,-3.0,1.0,30.0,0.9495936677167384,52.995555555555576,3.5224861147661155,1.0,0.7357142857142858,3.8321901080774987,2.910567022845775,0.06666666666666667,collision
-4.2,0.8326663997864531,-2.0,-6.0,-4.0,0.5,0.3880028342200197,1.8772189349112436,4.281744192888376,275.0,18.333333333333332,4.2,0.0,-4.0,-2.0,4.0,0.9532710147058912,0.6933333333333332,0.19825390471106025,-4.0,0.003571428571428605,1.4012980994907414,1.019462903068661,0.26666666666666666,0.7333333333333333,0.4422166387140533,1.0,0.0,1.0,0.5,-1.0552897060221718,-0.8863636363636371,0.8563488385776752,11.0,0.7333333333333333,0.7333333333333333,0.5,0.0,1.0,1.0,0.0,0.19555555555555557,0.6030226891555273,1.0,0.035714285714285754,1.1677484162422846,1.1677484162422844,0.4666666666666667,6.133333333333334,4.3797513881751575,16.0,-5.0,7.0,3.0,-0.47066233099305205,1.6914165537891206,7.536577472566709,852.0,56.8,6.8,0.14285714285714285,8.0,2.0,21.0,1.2972958306258189,19.182222222222222,0.7140899002459495,8.0,-0.36428571428571394,2.122979569737101,1.1083202165539279,0.4666666666666667,5.466666666666667,0.9568466729604883,7.0,3.0,6.0,1.0,-1.0464524010768281,0.8185031576962958,5.549774770204643,462.0,30.8,5.466666666666667,0.0,6.0,6.0,4.0,1.020036958401841,0.9155555555555556,0.17503292798057712,6.0,-0.09285714285714271,1.2613124477737825,1.0152027018667031,0.3333333333333333,-2.3333333333333335,1.8856180831641267,3.0,-6.0,-2.0,1.0,0.8441087200414417,2.507812500000001,3.0,135.0,9.0,2.7333333333333334,0.07142857142857142,-2.0,3.0,9.0,1.430280301911093,3.555555555555556,0.8081220356417685,-1.4000000000000004,0.07499999999999997,2.0,1.0975609756097562,0.3333333333333333,1.6666666666666667,0.5962847939999439,2.0,0.0,2.0,0.5,-1.6071738588279743,1.4531250000000009,1.7701224063135672,47.0,3.1333333333333333,1.6666666666666667,0.07142857142857142,2.0,0.0,2.0,0.24493002679463532,0.35555555555555557,0.35777087639996635,2.0,-0.09642857142857132,1.129865365732064,1.0620734437881403,0.06666666666666667,normal
5.0,24.61706725018234,68.0,-18.0,-5.0,8.0,1.5514739788365526,1.0063686566676475,25.11971337416094,9465.0,631.0,15.8,0.2857142857142857,-18.0,-1.0,86.0,1.709472776584213,606.0,4.923413450036469,45.199999999999996,-1.6357142857142852,2.707037257437312,1.589855276845629,0.13333333333333333,3.8666666666666667,15.392061445938795,47.0,-16.0,0.0,6.5,1.4441419749462907,1.7280018028993753,15.870307705481538,3778.0,251.86666666666667,9.866666666666667,0.42857142857142855,-9.0,0.0,63.0,1.8762735844302758,236.9155555555555,3.9807055463634815,23.0,-0.7821428571428573,2.9615052759037805,1.608477132312318,0.13333333333333333,-135.93333333333334,388.35661732771104,72.0,-1145.0,56.0,35.0,-1.6934749734454286,1.1735857558760063,411.45927299470765,2539481.0,169298.73333333334,220.33333333333334,0.21428571428571427,46.0,56.0,1217.0,0.9495936677167415,150820.8622222222,2.856963835171979,61.2,40.20714285714284,2.7827784550008854,1.8674399682059348,0.06666666666666667,-26.133333333333333,45.35323092741636,11.0,-131.0,-7.0,7.0,-1.4863102677297821,0.46124382051285284,52.34373569651546,41098.0,2739.866666666667,29.333333333333332,0.2857142857142857,-4.0,-10.0,142.0,1.9338099989206317,2056.915555555556,1.7354552650797077,6.799999999999999,3.824999999999999,2.5026872510499993,1.7844455351084816,0.06666666666666667,-117.46666666666667,209.84752136306545,-7.0,-633.0,-14.0,20.5,-1.6116307194719874,0.7884892669372849,240.48783753030006,867516.0,57834.4,117.46666666666667,0.0,-11.0,-8.0,626.0,0.9495936677167405,44035.982222222214,1.786443144407481,-8.0,22.43571428571428,2.6321497440395327,2.0472857905530653,0.06666666666666667,-4.733333333333333,8.850360946813911,2.0,-32.0,-1.0,3.0,-2.0841521236720295,3.3581863824533533,10.036599689801987,1511.0,100.73333333333333,5.0,0.5,-2.0,0.0,34.0,1.4548671092662884,78.32888888888884,1.869794566228291,0.0,0.8714285714285712,3.188330808143583,2.007319937960397,0.06666666666666667,obstruction
12.133333333333333,3.116978594016256,19.0,8.0,11.0,3.0,0.9723134099188114,-0.09940702248107991,12.527303514058136,2354.0,156.93333333333334,12.133333333333333,0.0,8.0,9.0,11.0,1.4368286689630319,9.715555555555557,0.25689384016617495,17.2,-0.39285714285714246,1.5166871289322723,1.0324700698399563,0.06666666666666667,14.533333333333333,4.129030017920539,19.0,4.0,16.0,1.5,-1.5128350990939121,0.9087950060945036,15.108496505829647,3424.0,228.26666666666668,14.533333333333333,0.0,4.0,16.0,15.0,1.6216679171123514,17.048888888888886,0.28410757004040404,17.0,0.5857142857142857,1.2575705327574327,1.039575447648829,0.13333333333333333,-94.13333333333334,16.796295887949686,-48.0,-124.0,-95.0,11.0,0.8878587113553722,1.810701697516241,95.62008157285791,137148.0,9143.2,94.13333333333334,0.0,-48.0,-88.0,76.0,1.586784707528047,282.1155555555555,0.17843090532524453,-80.80000000000001,-0.3642857142857126,1.296798726379646,1.0157940677003319,0.06666666666666667,-156.66666666666666,25.420901286583494,-86.0,-189.0,-161.0,12.0,1.5024804118896333,1.8077770093977783,158.71567870461527,377860.0,25190.666666666668,156.66666666666666,0.0,-86.0,-157.0,103.0,1.783853960355616,646.2222222222223,0.1622610720420223,-124.4,-2.2892857142857146,1.1908086305181398,1.0130788002422253,0.06666666666666667,-42.46666666666667,8.341595903795762,-23.0,-47.0,-47.0,2.0,1.5337853196225062,0.499242447287088,43.278170016764804,28095.0,1873.0,42.46666666666667,0.0,-23.0,-47.0,24.0,0.9495936677167387,69.58222222222223,0.19642690511293,-27.200000000000003,-1.4321428571428565,1.0859978594703394,1.019109184068245,0.06666666666666667,-14.533333333333333,3.4615346628659114,-5.0,-21.0,-14.0,2.0,0.8580666631453167,1.9289077565180692,14.939879517586478,3348.0,223.2,14.533333333333333,0.0,-5.0,-14.0,16.0,1.8018924006588724,11.982222222222218,0.23817899056416822,-11.8,-0.10714285714285715,1.405633825579373,1.0279733613018218,0.13333333333333333,obstruction
-4.133333333333334,0.6182412330330469,-3.0,-5.0,-4.0,0.5,0.09278633973319303,-0.4632233639805303,4.179314138308661,262.0,17.466666666666665,4.133333333333334,0.0,-4.0,-3.0,2.0,0.5799151714181009,0.38222222222222224,0.14957449186283392,-3.4000000000000004,0.05357142857142841,1.1963685510425557,1.0111243883004823,0.26666666666666666,1.2,0.6531972647421809,3.0,0.0,1.0,0.0,1.2056082327760955,1.9101562499999991,1.3662601021279464,28.0,1.8666666666666667,1.2,0.14285714285714285,1.0,3.0,3.0,0.7298712099831164,0.4266666666666667,0.5443310539518175,2.0,0.08928571428571429,2.1957751641342,1.138550085106622,0.2,6.4,4.144072071445348,18.0,0.0,7.0,2.5,0.8673618305664647,1.9709743065468146,7.624521842931092,872.0,58.13333333333333,6.4,0.14285714285714285,7.0,18.0,18.0,1.39539709232679,17.173333333333336,0.6475112611633356,8.0,-0.1285714285714284,2.3608037816415077,1.191331537957983,0.13333333333333333,4.533333333333333,1.0241527663824812,6.0,2.0,5.0,1.0,-0.834643314889773,0.43134156851479366,4.6475800154489,324.0,21.6,4.533333333333333,0.0,5.0,2.0,4.0,1.020036958401841,1.048888888888889,0.22591605140790028,5.6,-0.18571428571428558,1.2909944487358056,1.025201473996081,0.06666666666666667,-1.1333333333333333,1.2578641509408803,1.0,-3.0,-2.0,1.5,0.6541616130263969,-0.8728064638303237,1.6931233465600393,43.0,2.8666666666666667,1.5333333333333334,0.42857142857142855,-2.0,1.0,4.0,1.2105578441774711,1.582222222222222,1.1098801331831298,1.0,0.22499999999999992,1.771873269655855,1.1042108781913298,0.06666666666666667,1.8,0.6531972647421809,3.0,0.0,2.0,0.0,-1.2056082327760955,1.9101562499999991,1.9148542155126762,55.0,3.6666666666666665,1.8,0.07142857142857142,2.0,0.0,3.0,0.6277052571971504,0.4266666666666667,0.36288736930121157,2.0,-0.09285714285714278,1.5666989036012806,1.0638078975070424,0.3333333333333333,normal
-4.6,6.173059749157355,2.0,-20.0,-1.0,9.0,-0.9547569775659457,0.13211855197814248,7.698484699385111,889.0,59.266666666666666,5.266666666666667,0.35714285714285715,2.0,1.0,22.0,1.2293362159076602,38.10666666666667,1.3419695106863816,1.0,-0.26428571428571435,2.5979138468116236,1.4617376011490717,0.06666666666666667,9.066666666666666,7.6547733836839065,22.0,-1.0,4.0,13.5,0.23531518110682345,-1.5625807511973913,11.865917579353061,2112.0,140.8,9.2,0.21428571428571427,2.0,4.0,23.0,1.4897503188505912,58.595555555555556,0.8442764761416074,18.2,0.36785714285714305,1.8540496217739157,1.2897736499296806,0.06666666666666667,-19.6,24.82149606020287,26.0,-54.0,-9.0,45.0,-0.117742012312571,-1.2097106446983552,31.626992690843476,15004.0,1000.2666666666667,23.6,0.14285714285714285,26.0,3.0,80.0,1.3624474851916286,616.1066666666666,1.266402860214432,2.1999999999999993,-2.2571428571428567,1.7074022980260741,1.3401268089340455,0.06666666666666667,-7.466666666666667,6.581455428365032,2.0,-18.0,-7.0,11.5,-0.1519690988761506,-1.4515728647814556,9.953223933312596,1486.0,99.06666666666666,7.866666666666666,0.21428571428571427,2.0,-18.0,20.0,1.459481873869085,43.315555555555555,0.8814449234417454,0.1999999999999993,-0.9785714285714288,1.808459261099866,1.2652403305058386,0.13333333333333333,17.6,22.198498447717885,55.0,-15.0,10.0,28.0,0.2877631843553687,-1.053323890861545,28.329019279412645,12038.0,802.5333333333333,22.533333333333335,0.07142857142857142,1.0,-15.0,70.0,1.3624474851916286,492.77333333333337,1.2612783208930616,50.2,0.17857142857142821,1.941472080537916,1.25720499760707,0.06666666666666667,5.266666666666667,8.00388794413204,26.0,-4.0,2.0,13.0,0.9958089997028541,0.44704349172266955,9.581231653602787,1377.0,91.8,6.733333333333333,0.42857142857142855,-1.0,-2.0,30.0,1.171059869990371,64.06222222222223,1.5197255590124128,12.0,0.3714285714285714,2.7136385947023145,1.4229551960796218,0.06666666666666667,collision
0.2,1.1075498483890767,2.0,-1.0,0.0,2.0,0.48285195422444427,-1.1086956521739124,1.1254628677422756,19.0,1.2666666666666666,0.8666666666666667,0.7142857142857143,-1.0,1.0,3.0,1.0986122886681096,1.2266666666666666,5.537749241945383,2.0,-0.010714285714285699,1.777046633277277,1.2986110012410872,0.2,0.6,0.7999999999999999,2.0,0.0,0.0,1.0,0.8437499999999997,-0.9218749999999996,1.0,15.0,1.0,0.6,0.35714285714285715,2.0,0.0,2.0,0.6730116670092565,0.6399999999999999,1.3333333333333333,2.0,-0.08928571428571427,2.0,1.6666666666666667,0.4666666666666667,15.533333333333333,7.8133788394579256,28.0,-1.0,17.0,9.0,-0.47567609640765884,-0.4835546433638882,17.3877351409933,4535.0,302.3333333333333,15.666666666666666,0.14285714285714285,4.0,17.0,29.0,1.4594818738690851,61.04888888888888,0.50300722142433,24.6,0.23928571428571502,1.610330487148222,1.1098554345314873,0.2,1.4666666666666666,1.8208667044996885,5.0,-2.0,2.0,2.5,-0.1783514652988919,-0.565385361786543,2.3380903889000244,82.0,5.466666666666667,2.0,0.5,-1.0,2.0,7.0,1.4019454593787286,3.3155555555555556,1.2415000257952422,3.0,-0.042857142857142795,2.138497306920754,1.1690451944500122,0.4666666666666667,-5.2,1.6,-3.0,-8.0,-5.0,2.0,-0.3554687499999996,-1.0439453125000002,5.440588203494177,444.0,29.6,5.2,0.0,-7.0,-4.0,5.0,1.3378606778364337,2.56,0.3076923076923077,-3.4000000000000004,0.021428571428571186,1.4704292441876157,1.0462669622104186,0.13333333333333333,-0.26666666666666666,0.6798692684790381,1.0,-2.0,0.0,0.5,-0.8844083401904647,0.9064349112426027,0.7302967433402214,8.0,0.5333333333333333,0.4,0.7142857142857143,0.0,0.0,3.0,0.7298712099831165,0.46222222222222226,2.5495097567963927,0.0,-0.03571428571428572,2.7386127875258306,1.8257418583505536,0.3333333333333333,normal
47.6,17.063801842887575,74.0,19.0,45.0,27.5,0.15019993678155902,-1.1892904222981375,50.56612832057971,38354.0,2556.9333333333334,47.6,0.0,30.0,19.0,55.0,1.5641315026219946,291.17333333333335,0.35848323199343646,72.4,1.3535714285714289,1.463430214210864,1.0623136201802459,0.06666666666666667,31.066666666666666,22.33223877914816,61.0,-24.0,32.0,23.5,-0.8754815480806629,0.5116081549646485,38.26051053849996,21958.0,1463.8666666666666,35.06666666666667,0.07142857142857142,22.0,-6.0,85.0,1.415369135079188,498.72888888888883,0.7188488877408206,58.199999999999996,-0.1249999999999998,1.5943331424869054,1.0910791978659682,0.06666666666666667,-740.0,384.4923926425593,-325.0,-1437.0,-606.0,605.5,-0.6589581812045265,-0.9826082858460334,833.9270951348205,10431516.0,695434.4,740.0,0.0,-325.0,-380.0,1112.0,1.3953970923267898,147834.4,0.5195843143818369,-354.8,-44.67857142857143,1.7231722153933384,1.1269285069389468,0.06666666666666667,-59.0,39.67030795611919,32.0,-111.0,-62.0,38.5,0.9295074208461871,0.37601314554134824,71.09664783471393,75821.0,5054.733333333334,65.93333333333334,0.07142857142857142,-46.0,32.0,143.0,1.3397942802855756,1573.7333333333333,0.6723781009511727,-6.4000000000000234,0.703571428571429,1.5612550433890175,1.0783111400613843,0.06666666666666667,98.13333333333334,44.07095289290769,157.0,6.0,97.0,60.5,-0.46133485567468985,-0.5628799307917998,107.57509005341339,173586.0,11572.4,98.13333333333334,0.0,66.0,25.0,151.0,1.5065950881316383,1942.2488888888888,0.4490925906206626,154.0,1.1035714285714278,1.4594456757790866,1.0962135535334243,0.06666666666666667,4.733333333333333,2.3513589451397867,8.0,-2.0,6.0,2.0,-1.5864580221716025,2.196061351722996,5.285199460127624,419.0,27.933333333333334,5.0,0.14285714285714285,4.0,1.0,10.0,1.2634794940650302,5.52888888888889,0.49676597432530706,6.0,-0.10714285714285703,1.513660943234642,1.0570398920255248,0.06666666666666667,obstruction
-0.8666666666666667,0.9568466729604881,0.0,-3.0,-1.0,1.0,-1.181740365016948,0.5640022622301841,1.2909944487358056,25.0,1.6666666666666667,0.8666666666666667,0.42857142857142855,-1.0,-1.0,3.0,0.39267446722755217,0.9155555555555553,1.1040538534159479,0.0,-5.245372244649401e-18,2.32379000772445,1.489608979310545,0.2,-0.6666666666666666,2.1499353995462798,3.0,-4.0,-1.0,2.0,0.5709772036979187,-0.6936945266272176,2.250925735484551,76.0,5.066666666666666,2.0,0.42857142857142855,-1.0,-1.0,7.0,1.459481873869085,4.622222222222221,3.2249030993194197,3.0,0.049999999999999996,1.777046633277277,1.1254628677422756,0.2,62.13333333333333,4.333846123505335,70.0,53.0,63.0,7.0,-0.20862506273217973,-0.5047520935573604,62.284294435542364,58190.0,3879.3333333333335,62.13333333333333,0.0,63.0,59.0,17.0,1.4897503188505914,18.782222222222224,0.06975074233109445,66.6,0.10714285714285741,1.123878830680864,1.0024296314733214,0.3333333333333333,-3.533333333333333,3.4227993741315825,1.0,-10.0,-3.0,3.5,-0.6492953414719651,-0.5783663112132458,4.919349550499537,363.0,24.2,3.8,0.42857142857142855,-2.0,-3.0,11.0,1.4019454593787286,11.715555555555552,0.9687168039995045,0.5999999999999996,-0.15000000000000002,2.0327890704543545,1.2945656711840887,0.2,-1.3333333333333333,2.0548046676563256,4.0,-5.0,-1.0,2.5,0.6369325271765729,0.9980609418282556,2.449489742783178,90.0,6.0,1.8666666666666667,0.42857142857142855,-1.0,-4.0,9.0,1.1710598699903711,4.222222222222222,1.5411035007422442,0.0,-0.16785714285714284,2.041241452319315,1.3122266479195595,0.3333333333333333,-0.26666666666666666,0.44221663871405337,0.0,-1.0,0.0,0.5,-1.055289706022172,-0.8863636363636358,0.5163977794943222,4.0,0.26666666666666666,0.26666666666666666,0.2857142857142857,0.0,0.0,1.0,0.0,0.1955555555555556,1.6583123951777001,0.0,2.7995228210692113e-18,1.9364916731037087,1.9364916731037083,0.13333333333333333,normal
19.666666666666668,15.369522511198005,47.0,1.0,13.0,27.5,0.537848753199025,-1.242881264884258,24.95996794869737,9345.0,623.0,19.666666666666668,0.0,8.0,5.0,46.0,1.3953970923267898,236.22222222222223,0.7815011446371867,41.8,0.07500000000000034,1.8830152385052592,1.2691509126456288,0.06666666666666667,-90.06666666666666,127.4145290860592,9.0,-353.0,-12.0,153.5,-1.105166133025664,-0.36410848677946683,156.03354340226548,365197.0,24346.466666666667,94.46666666666667,0.07142857142857142,-12.0,8.0,362.0,1.0805738483648535,16234.462222222226,1.4146690868178298,8.6,0.00714285714285565,2.2623340616571213,1.6517312286760637,0.06666666666666667,-673.4666666666667,383.3283825767261,-323.0,-1407.0,-477.0,618.5,-0.700410956769966,-1.07029486311007,774.91806018443,9007470.0,600498.0,673.4666666666667,0.0,-396.0,-343.0,1084.0,1.2868726303980162,146940.64888888889,0.5691868678133924,-336.2,8.285714285714256,1.815675840185135,1.1506405565993318,0.06666666666666667,-251.06666666666666,110.29624754370485,-6.0,-396.0,-296.0,92.5,1.0150792013263439,0.03548328906025455,274.2256977989724,1127996.0,75199.73333333334,251.06666666666666,0.0,-261.0,-312.0,390.0,1.4897503188505912,12165.26222222222,0.43931059828878727,-72.00000000000003,0.9107142857142808,1.4440659762320929,1.0922425562890563,0.13333333333333333,-196.4,108.0375243453249,-46.0,-404.0,-154.0,148.0,-0.6850181875064455,-0.8193146221158147,224.15411365100277,753676.0,50245.066666666666,196.4,0.0,-115.0,-117.0,358.0,1.4897503188505914,11672.106666666668,0.5500892278275198,-101.80000000000001,0.48571428571427894,1.8023314112763,1.1413142242922747,0.06666666666666667,17.933333333333334,35.89701318432434,97.0,-18.0,1.0,40.0,1.1085619522801415,-0.19124693561978434,40.1272974420157,24153.0,1610.2,25.4,0.5714285714285714,1.0,-9.0,115.0,1.2048762065511598,1288.5955555555554,2.001692184999498,77.19999999999999,-0.1785714285714286,2.417307074820223,1.5798148599218782,0.06666666666666667,obstruction
-53.4,66.68213153961611,-3.0,-240.0,-27.0,68.0,-1.6016487551656895,1.6975978301515964,85.42872272641483,109471.0,7298.066666666667,53.4,0.0,-3.0,-80.0,237.0,1.0805738483648537,4446.506666666666,1.248729055048991,-4.800000000000001,-11.928571428571427,2.809359572992787,1.5997888151014015,0.06666666666666667,-11.866666666666667,17.850739169258198,13.0,-52.0,-4.0,30.0,-0.7969821356552372,-0.5436838649272757,21.435173586109972,6892.0,459.46666666666664,14.133333333333333,0.2857142857142857,-5.0,13.0,65.0,1.2654130965141723,318.6488888888889,1.5042757726902976,1.5999999999999996,-1.1035714285714286,2.4259192392869675,1.516639640526649,0.06666666666666667,-571.8,699.6493597986542,-14.0,-2233.0,-359.0,745.0,-1.204807676132121,0.13317819277668042,903.5842332990692,12246967.0,816464.4666666667,571.8,0.0,-14.0,-564.0,2219.0,1.2048762065511598,489509.2266666667,1.2235910454680907,-28.0,-127.55714285714284,2.471269326875162,1.5802452488616112,0.06666666666666667,-9.666666666666666,53.644094632017875,30.0,-153.0,19.0,40.5,-1.6584913460910142,1.4978943943367717,54.50810337310713,44567.0,2971.133333333333,37.4,0.21428571428571427,24.0,-48.0,183.0,1.1699929969668565,2877.688888888889,5.549389099863919,27.0,-8.553571428571429,2.806922100237415,1.4574359190670356,0.06666666666666667,97.73333333333333,100.60315877523705,285.0,-50.0,61.0,89.0,0.8530381376957545,-0.5501528064001682,140.25975901875776,295092.0,19672.8,104.4,0.14285714285714285,35.0,63.0,335.0,1.077573372892197,10120.995555555555,1.0293638346715932,273.2,14.417857142857141,2.031944172682382,1.3434842817888675,0.06666666666666667,-70.53333333333333,90.67294095937456,3.0,-248.0,-21.0,139.5,-0.9082383906420336,-0.8860231644077201,114.87616520990476,197948.0,13196.533333333333,71.46666666666667,0.21428571428571427,-4.0,-21.0,251.0,0.9881542242901941,8221.582222222223,1.2855331894051214,2.1999999999999993,-15.210714285714282,2.1588464373514547,1.6074090281236673,0.06666666666666667,obstruction
-0.2,10.833282051160673,11.0,-38.0,2.0,4.0,-2.717785399501032,6.993671497786565,10.83512805646523,1761.0,117.4,6.066666666666666,0.21428571428571427,-6.0,3.0,49.0,1.709472776584213,117.35999999999999,54.16641025580336,7.0,0.7821428571428567,3.507111295959785,1.7860101191975655,0.13333333333333333,-4.533333333333333,8.452744458984247,15.0,-17.0,-6.0,7.0,1.1920679979085655,0.8519479907612255,9.591663046625438,1380.0,92.0,8.4,0.07142857142857142,15.0,-3.0,32.0,1.270027861116969,71.44888888888889,1.8645759835994664,7.599999999999994,-1.046428571428571,1.7723725194851356,1.1418646484077901,0.06666666666666667,-78.33333333333333,362.27478827848654,73.0,-1357.0,57.0,10.5,-2.942213881489773,7.411331245519868,370.64691194360887,2060687.0,137379.13333333333,169.8,0.07142857142857142,-414.0,58.0,1430.0,1.5065950881316426,131243.02222222224,4.624784531214722,59.8,44.639285714285684,3.6611663453072483,2.182844004379322,0.06666666666666667,-17.266666666666666,49.20225830408826,13.0,-192.0,0.0,8.0,-2.9597814519731487,7.647014462088508,52.14403129793476,40785.0,2719.0,21.4,0.35714285714285715,-53.0,-5.0,205.0,1.430280301911093,2420.8622222222225,2.849551639232911,5.6,5.835714285714283,3.6821088669376514,2.4366369765390075,0.06666666666666667,5.866666666666666,19.707415412027583,71.0,-20.0,0.0,8.5,2.258531462037053,5.207931916205075,20.5621010599598,6342.0,422.8,10.8,0.42857142857142855,16.0,1.0,91.0,1.679204331602707,388.3822222222223,3.3592185361410656,19.599999999999998,-2.089285714285714,3.4529545299364854,1.903898246292574,0.4666666666666667,-1.1333333333333333,4.129030017920539,12.0,-9.0,-1.0,1.0,1.6292063822502458,4.754693747070993,4.281744192888376,275.0,18.333333333333332,2.7333333333333334,0.2857142857142857,-5.0,-2.0,21.0,1.5426719687381505,17.048888888888886,3.643261780518123,0.0,-0.028571428571428505,2.8025961989814827,1.5664917778859913,0.4,obstruction
-2.3333333333333335,6.659996663329161,17.0,-17.0,-2.0,2.5,0.819406991453863,3.4210284296046973,7.05691150575094,747.0,49.8,4.6,0.21428571428571427,17.0,-1.0,34.0,1.5292482930376914,44.35555555555556,2.854284284283926,-0.40000000000000036,-0.028571428571428765,2.408985855376827,1.5341111969023784,0.3333333333333333,0.06666666666666667,10.617386160863177,17.0,-36.0,1.0,3.5,-2.316410311381902,6.3222928256992645,10.617595459110944,1691.0,112.73333333333333,5.4,0.5714285714285714,-36.0,-1.0,53.0,1.362447485191628,112.7288888888889,159.26079241294767,6.0,0.36428571428571443,3.3905981951034354,1.9662213813168414,0.2,-0.2,10.640801974788682,22.0,-29.0,1.0,8.0,-0.6738386560802857,1.9648069757932367,10.6426813663976,1699.0,113.26666666666667,7.4,0.7142857142857143,-29.0,-6.0,51.0,1.5821699429252507,113.22666666666669,53.204009873943406,9.2,0.1107142857142859,2.724877218589144,1.4382001846483243,0.4666666666666667,-0.8,6.725077446889863,11.0,-21.0,-1.0,4.5,-1.3826732820691425,3.1684408652990372,6.772493386240157,688.0,45.86666666666667,4.266666666666667,0.7142857142857143,-4.0,3.0,32.0,1.5226999259857523,45.226666666666674,8.406346808612328,5.0,0.42142857142857143,3.100778221897746,1.5873031374000368,0.4,-3.8,9.181140088972247,22.0,-23.0,-4.0,4.0,0.8611039340213082,2.5574573197686403,9.936464830780277,1481.0,98.73333333333333,7.666666666666667,0.14285714285714285,22.0,4.0,45.0,1.7670091910745693,84.29333333333334,2.41608949709796,3.5999999999999996,0.19642857142857129,2.3147065270892613,1.2960606301017752,0.06666666666666667,-4.866666666666666,16.475706020953666,6.0,-66.0,-1.0,1.0,-3.3707058628636952,9.655134257218924,17.179445082229325,4427.0,295.1333333333333,6.066666666666666,0.21428571428571427,-66.0,-1.0,72.0,1.454867109266288,271.44888888888886,3.3854190454014383,1.799999999999999,1.3714285714285714,3.8418004588676378,2.831776661905933,0.4,collision
-1.7333333333333334,64.34953163949388,36.0,-238.0,12.0,16.0,-3.249975877199268,9.141966391989358,64.37287213311727,62158.0,4143.866666666667,30.266666666666666,0.42857142857142855,10.0,4.0,274.0,1.2351446515326658,4140.862222222223,37.1247297920157,36.0,2.4678571428571416,3.6972095871042936,2.126857008803434,0.26666666666666666,18.333333333333332,57.4580039874535,229.0,-13.0,7.0,18.5,3.2412732614845257,9.068365149280398,60.31196675066511,54563.0,3637.5333333333333,25.4,0.5,-13.0,7.0,242.0,1.1822230016451065,3301.4222222222224,3.134072944770191,24.599999999999994,-2.9964285714285714,3.7969247619913613,2.3744868799474452,0.06666666666666667,-938.9333333333333,531.2762579131711,-57.0,-1384.0,-1230.0,914.0,0.8488984627360036,-1.1131231185327064,1078.818922093354,17457754.0,1163850.2666666666,938.9333333333333,0.0,-57.0,-1230.0,1327.0,0.8033149761408755,282254.4622222223,0.5658295845425708,-95.4,-99.56785714285714,1.282884431906764,1.148983515435978,0.06666666666666667,-137.86666666666667,201.70568217633885,70.0,-824.0,-137.0,125.0,-2.4280832993773775,6.10698765506403,244.3202815977421,895386.0,59692.4,160.4,0.07142857142857142,70.0,-166.0,894.0,1.210557844177471,40685.182222222225,1.4630489519560361,40.599999999999994,-7.90714285714286,3.372622176969589,1.5231937755470206,0.13333333333333333,-168.06666666666666,176.4178625372789,41.0,-725.0,-190.0,124.0,-1.7535402903650328,4.005328395711983,243.65891460536932,890545.0,59369.666666666664,180.86666666666667,0.07142857142857142,11.0,-199.0,766.0,0.8033149761408755,31123.26222222223,1.0496897810627464,23.199999999999996,-11.299999999999999,2.975470859230462,1.347174242197029,0.13333333333333333,-50.2,42.774135487075206,17.0,-91.0,-59.0,88.0,0.5578992341817153,-1.4397994976333057,65.9520027494743,65245.0,4349.666666666667,56.6,0.07142857142857142,17.0,-91.0,108.0,1.2105578441774711,1829.6266666666666,0.8520744120931315,11.0,-8.24642857142857,1.379791305893669,1.165229730556083,0.06666666666666667,obstruction
-7.066666666666666,17.26447862584394,17.0,-46.0,-5.0,11.5,-0.8854551751318409,0.2792739200169203,18.65475810617763,5220.0,348.0,13.333333333333334,0.14285714285714285,-1.0,-6.0,63.0,1.5867847075280475,298.06222222222226,2.4430865979967837,13.199999999999998,1.1392857142857133,2.465858830126928,1.3991068579633223,0.13333333333333333,-2.8666666666666667,5.953896949804296,5.0,-13.0,-3.0,10.5,-0.17269383046878167,-1.1054596210899499,6.60807586719967,655.0,43.666666666666664,5.666666666666667,0.5714285714285714,-13.0,-7.0,18.0,1.5472867333409472,35.448888888888895,2.076940796443359,4.6,0.03571428571428577,1.9672897619907412,1.1661310353881769,0.26666666666666666,83.93333333333334,4.07376429798725,91.0,74.0,84.0,2.5,-0.5790468038514136,0.5877757596848183,84.03213670971363,105921.0,7061.4,83.93333333333334,0.0,89.0,85.0,17.0,1.5292482930376905,16.59555555555555,0.04853571443193705,89.0,0.15357142857142897,1.0829190303033307,1.0011771649290742,0.13333333333333333,-10.0,13.155480480266263,19.0,-28.0,-11.0,16.0,0.7096001536946714,-0.25867816078309414,16.52472894381831,4096.0,273.06666666666666,14.533333333333333,0.35714285714285715,13.0,-6.0,47.0,1.489750318850591,173.06666666666666,1.3155480480266264,8.599999999999996,0.035714285714285025,1.694430213965745,1.1370226337489664,0.3333333333333333,-29.933333333333334,34.537837544093904,10.0,-129.0,-22.0,25.0,-1.5350830787393894,2.110198049265697,45.704120893707895,31333.0,2088.866666666667,32.46666666666667,0.14285714285714285,-13.0,-29.0,139.0,1.4019454593787286,1192.8622222222223,1.1538253077091505,4.599999999999996,2.4821428571428545,2.822502598835885,1.4077244628452124,0.13333333333333333,-8.733333333333333,5.0526120857323775,1.0,-19.0,-9.0,4.5,-0.013764174117792079,0.1507138852895311,10.08959860450355,1527.0,101.8,8.866666666666667,0.2857142857142857,-8.0,-10.0,20.0,1.2700278611169693,25.528888888888886,0.5785433685953104,-2.400000000000002,-0.5285714285714287,1.8831274409191305,1.1379246546432575,0.3333333333333333,collision
1.0666666666666667,11.369354520913761,42.0,-6.0,-3.0,5.0,3.059150909140838,8.232297412503852,11.419281938896159,1956.0,130.4,5.866666666666666,0.42857142857142855,6.0,-4.0,48.0,1.2868726303980162,129.2622222222222,10.658769863356651,4.399999999999999,-1.1571428571428568,3.677989581546308,1.9464685123118455,0.26666666666666666,-2.1333333333333333,5.655282682786266,5.0,-17.0,-1.0,7.0,-1.0468272044770992,0.731105400721356,6.044281043543006,548.0,36.53333333333333,4.533333333333333,0.6428571428571429,-1.0,1.0,22.0,1.3605138827424865,31.982222222222227,2.6509137575560624,3.5999999999999996,0.2785714285714286,2.812576033035523,1.3332972890168397,0.3333333333333333,79.33333333333333,5.133766215514255,93.0,71.0,79.0,4.0,0.9692356271395403,1.1894118851468418,79.4992662439933,94802.0,6320.133333333333,79.33333333333333,0.0,79.0,80.0,22.0,1.586784707528047,26.355555555555558,0.06471133885102003,84.8,-0.017857142857140348,1.1698221177862351,1.0020915913108401,0.3333333333333333,0.5333333333333333,10.910952703081838,26.0,-15.0,-2.0,12.5,0.5951816976588614,-0.10092161087681717,10.923979738782625,1790.0,119.33333333333333,8.933333333333334,0.7142857142857143,-2.0,-3.0,41.0,1.415369135079188,119.04888888888885,20.458036318278445,12.799999999999997,-0.275,2.3800849710196785,1.2228335528488012,0.3333333333333333,-2.2666666666666666,15.342605891945329,53.0,-12.0,-6.0,5.0,3.063386370918063,8.256167767963378,15.509137091835036,3608.0,240.53333333333333,10.0,0.21428571428571427,4.0,-12.0,65.0,1.454867109266288,235.39555555555555,6.7687967170347045,2.799999999999999,-1.628571428571428,3.4173403514436957,1.5509137091835037,0.2,-0.26666666666666666,3.641733408999377,9.0,-4.0,-1.0,4.5,1.059311509909543,0.42858875575904465,3.6514837167011076,200.0,13.333333333333334,2.933333333333333,0.7142857142857143,-3.0,5.0,13.0,1.3378606778364337,13.262222222222222,13.656500283747663,4.199999999999999,0.28571428571428575,2.4647515087732472,1.244823994329923,0.2,normal
-1.8666666666666667,7.957107235393749,6.0,-25.0,0.0,2.5,-1.8467234160123756,2.5728542602400717,8.17312669668102,1002.0,66.8,4.666666666666667,0.5714285714285714,5.0,1.0,31.0,1.5821699429252505,63.31555555555554,4.262736018960937,5.0,0.8071428571428565,3.0588049014524774,1.7513842921459328,0.26666666666666666,-0.9333333333333333,7.343629136121247,23.0,-8.0,-3.0,3.0,2.310107585859056,4.760524223094297,7.402702209328699,822.0,54.8,5.333333333333333,0.21428571428571427,23.0,-3.0,31.0,1.5426719687381505,53.92888888888889,7.868174074415621,5.599999999999998,-0.921428571428571,3.1069735550102204,1.388006664249131,0.06666666666666667,66.8,26.018454988719064,157.0,50.0,58.0,8.0,2.781009674584205,6.732492099343734,71.68821381510352,77088.0,5139.2,66.8,0.0,157.0,51.0,107.0,1.4153691350791877,676.9599999999999,0.3894978291724411,82.19999999999999,-3.1464285714285696,2.1900392218577314,1.0731768535195139,0.13333333333333333,-16.866666666666667,46.91675843685519,19.0,-186.0,-4.0,2.5,-3.088334772087384,8.29864963632085,49.856460631162605,37285.0,2485.6666666666665,19.533333333333335,0.2857142857142857,-186.0,-2.0,205.0,1.8018924006588732,2201.1822222222227,2.7816259942799517,0.1999999999999993,5.214285714285714,3.730710075390738,2.5523785306055937,0.26666666666666666,7.266666666666667,48.40036730806446,179.0,-54.0,-4.0,8.0,2.8335608474887852,7.742600278595132,48.942823784493676,35931.0,2395.4,20.866666666666667,0.5,179.0,-3.0,233.0,1.430280301911093,2342.595555555555,6.660601005696944,16.199999999999992,-4.207142857142857,3.6573288208334174,2.3455027372760546,0.26666666666666666,-0.5333333333333333,1.5434449203720302,2.0,-5.0,0.0,1.0,-1.3517284487594896,2.342267208732455,1.632993161855452,40.0,2.6666666666666665,0.9333333333333333,0.7142857142857143,2.0,0.0,7.0,1.3217558399823195,2.382222222222223,2.893959225697557,0.5999999999999996,0.010714285714285666,3.0618621784789726,1.749635530559413,0.3333333333333333,collision
-87.53333333333333,76.09368494749673,-26.0,-260.0,-43.0,93.5,-1.1311929830577752,-0.1711295372793722,115.98419432549133,201785.0,13452.333333333334,87.53333333333333,0.0,-26.0,-260.0,234.0,1.2048762065511598,5790.248888888889,0.8693109476103967,-29.0,-15.549999999999999,2.2416847529272053,1.3250288765288423,0.06666666666666667,107.0,55.45087916345421,236.0,60.0,82.0,57.5,1.245904676967139,0.13012514019088384,120.51472939022848,217857.0,14523.8,107.0,0.0,87.0,236.0,176.0,1.0805738483648537,3074.8,0.518232515546301,198.0,9.52142857142857,1.9582668541355512,1.126305882151668,0.06666666666666667,-802.3333333333334,339.67526976347403,-454.0,-1501.0,-669.0,531.0,-0.7844431166414909,-0.7697226589445507,871.2738184214344,11386771.0,759118.0666666667,802.3333333333334,0.0,-454.0,-1501.0,1047.0,1.3953970923267898,115379.28888888887,0.4233592892772838,-475.4,-74.46785714285713,1.7227649543280177,1.0859249918007075,0.06666666666666667,224.33333333333334,103.24447792604805,336.0,51.0,273.0,181.5,-0.5539969602884703,-1.3263323689187407,246.95114226637355,914773.0,60984.86666666667,224.33333333333334,0.0,51.0,327.0,285.0,1.3378606778364337,10659.422222222222,0.4602279848115069,323.4,22.49642857142857,1.3605930181832242,1.100822328081903,0.06666666666666667,132.73333333333332,54.76308570155224,188.0,2.0,150.0,35.0,-1.3700592318569202,0.6565038410629733,143.5866753335188,309257.0,20617.133333333335,132.73333333333332,0.0,150.0,2.0,186.0,1.3624474851916286,2998.9955555555557,0.41257975164404004,182.8,-8.560714285714285,1.3093136919795605,1.0817680210963245,0.06666666666666667,-0.5333333333333333,20.959855809512515,19.0,-50.0,9.0,26.0,-1.1153222321889174,0.03175891169687883,20.966640169564602,6594.0,439.6,17.2,0.14285714285714285,18.0,-50.0,69.0,1.1124565824765003,439.3155555555556,39.29972964283596,18.0,-4.414285714285715,2.384740692625637,1.2189907075328257,0.06666666666666667,obstruction
9.666666666666666,11.864044654145378,27.0,-3.0,1.0,21.0,0.25753127895920874,-1.734127316862629,15.303594349041012,3513.0,234.2,11.0,0.35714285714285715,20.0,-1.0,30.0,1.009613758174038,140.75555555555553,1.2273149642219356,25.799999999999997,-2.4321428571428565,1.7642914065931141,1.3912358499128192,0.06666666666666667,-4.333333333333333,6.2574400161372346,3.0,-16.0,0.0,10.5,-0.5515643773701965,-1.2675211715095185,7.611394966320781,869.0,57.93333333333333,5.266666666666667,0.2857142857142857,-16.0,1.0,19.0,1.2868726303980165,39.15555555555556,1.4440246191085926,1.5999999999999996,1.1749999999999998,2.102111383103553,1.4452015758836927,0.06666666666666667,5.0,10.64581294844754,30.0,-8.0,2.0,13.0,0.8470604455001773,-0.12120415224913472,11.761519176251568,2075.0,138.33333333333334,8.6,0.5,9.0,-3.0,38.0,1.4368286689630319,113.33333333333333,2.129162589689508,19.4,-1.5392857142857137,2.5506909056931106,1.3676185088664614,0.06666666666666667,9.933333333333334,9.029334908446407,26.0,-1.0,4.0,16.0,0.40458974783980095,-1.466850488669416,13.423859355639868,2703.0,180.2,10.066666666666666,0.2857142857142857,26.0,4.0,27.0,1.1369165918330009,81.52888888888889,0.9089934471590342,21.2,-1.6964285714285712,1.936849851535164,1.3334959624807816,0.06666666666666667,16.866666666666667,16.45140993619966,40.0,-5.0,7.0,28.0,0.15661310510198684,-1.70585879651746,23.561267651239255,8327.0,555.1333333333333,17.8,0.14285714285714285,29.0,0.0,45.0,1.3792922544726758,270.64888888888885,0.9753800357430629,38.6,-3.385714285714285,1.6977015240475024,1.3236667219797333,0.06666666666666667,-3.2666666666666666,1.339983416149452,-1.0,-5.0,-4.0,2.0,0.3278204208340334,-1.1585628859915693,3.5308167138307627,187.0,12.466666666666667,3.2666666666666666,0.0,-1.0,-5.0,4.0,1.3229495110045284,1.7955555555555553,0.4101990049437098,-1.4000000000000004,-0.24285714285714288,1.4161029600925519,1.0808622593359478,0.06666666666666667,collision
-1.6,3.261901286060018,4.0,-8.0,-2.0,5.0,-0.17379964735776873,-0.7898411442139173,3.63318042491699,198.0,13.2,2.933333333333333,0.5,2.0,-4.0,12.0,1.5641315026219944,10.639999999999999,2.038688303787511,2.0,-0.2642857142857143,2.2019275302527213,1.2385842357671557,0.3333333333333333,-2.6,4.701772715334789,7.0,-9.0,-4.0,5.5,0.6446763842174682,-0.5310124104935543,5.37277085558901,433.0,28.866666666666667,4.6,0.7142857142857143,-1.0,-5.0,16.0,1.4897503188505912,22.10666666666667,1.808374121282611,4.399999999999999,-0.3178571428571429,1.6751133152529247,1.1679936642584805,0.3333333333333333,80.26666666666667,6.485539470408165,87.0,68.0,84.0,8.0,-0.8717206176301993,-0.8529438691550988,80.52825591058085,97272.0,6484.8,80.26666666666667,0.0,82.0,82.0,19.0,1.159569796739054,42.06222222222222,0.08079991034561668,86.6,-0.11071428571428422,1.08036612759384,1.0032590022082333,0.3333333333333333,2.7333333333333334,8.457475325940294,13.0,-17.0,6.0,10.0,-0.9822643976302691,-0.012100240464675505,8.888194417315589,1185.0,79.0,7.8,0.6428571428571429,-1.0,6.0,30.0,1.450252344663491,71.52888888888887,3.094198289978156,11.2,0.39285714285714296,1.9126494315742406,1.13951210478405,0.3333333333333333,-5.333333333333333,5.951657098844171,4.0,-18.0,-5.0,5.5,-0.5752468676979362,-0.1692742073868585,7.991662321861871,958.0,63.86666666666667,6.266666666666667,0.42857142857142855,-2.0,-8.0,22.0,1.4897503188505912,35.42222222222222,1.1159357060332822,1.799999999999999,-0.47857142857142854,2.252347418478815,1.2752652641268944,0.3333333333333333,1.1333333333333333,3.0739045022396003,6.0,-7.0,1.0,3.0,-0.8279775319713691,1.0465760565112863,3.2761766334148303,161.0,10.733333333333333,2.466666666666667,0.7142857142857143,6.0,-2.0,13.0,1.4897503188505914,9.448888888888886,2.7122686784467063,4.6,-0.07857142857142861,2.1366369348357592,1.3281797162492555,0.4666666666666667,normal
0.4,9.192750767135301,17.0,-11.0,-2.0,10.5,0.7375026587406905,-0.7481611015357528,9.201449161228174,1270.0,84.66666666666667,7.333333333333333,0.21428571428571427,15.0,-3.0,28.0,1.4019454593787288,84.50666666666666,22.981876917838253,16.2,-1.3607142857142853,1.847535067805657,1.2547430674402056,0.06666666666666667,-7.933333333333334,14.924104291008183,6.0,-48.0,-2.0,8.5,-1.74092317417237,1.8400096206239436,16.901676445449624,4285.0,285.6666666666667,9.533333333333333,0.35714285714285715,-48.0,0.0,54.0,1.4019454593787286,222.72888888888886,1.8811896165136364,3.599999999999998,1.8035714285714273,2.8399549686636476,1.772903123648562,0.2,80.33333333333333,7.947046970765654,87.0,52.0,82.0,3.0,-2.93695710372441,7.836258524861561,80.72546066762332,97749.0,6516.6,80.33333333333333,0.0,52.0,82.0,35.0,1.286872630398018,63.15555555555556,0.09892589590164715,85.6,0.6678571428571448,1.0777268940986449,1.004881253123942,0.13333333333333333,-2.933333333333333,37.133034110105015,112.0,-33.0,-19.0,19.5,2.156300955941783,3.6344753545290525,37.248713624320864,20812.0,1387.4666666666667,26.666666666666668,0.07142857142857142,112.0,-25.0,145.0,1.2868726303980162,1378.8622222222225,12.658988901172165,37.79999999999998,-5.053571428571428,3.006815245476602,1.3968267609120324,0.13333333333333333,-15.4,16.548111674750082,22.0,-34.0,-21.0,18.5,0.951260906991103,-0.30981979151704264,22.60530911091463,7665.0,511.0,20.733333333333334,0.07142857142857142,9.0,-21.0,56.0,1.3624474851916286,273.84,1.0745527061526028,9.0,-2.489285714285714,1.50407144769295,1.0902882207836637,0.06666666666666667,-10.466666666666667,5.76040122059412,6.0,-18.0,-12.0,5.5,1.3523393019830432,1.9244454492475906,11.947105646696748,2141.0,142.73333333333332,11.266666666666667,0.07142857142857142,6.0,-11.0,24.0,1.4897503188505912,33.18222222222222,0.5503568045153617,-5.0,-0.5928571428571427,1.5066410670752555,1.0603939923103622,0.3333333333333333,collision
-2.3333333333333335,2.913569784454954,2.0,-9.0,-2.0,4.0,-0.5744319145498272,-0.31360160083331,3.7327380477785117,209.0,13.933333333333334,2.8666666666666667,0.5714285714285714,-2.0,-1.0,11.0,1.4897503188505914,8.488888888888887,1.2486727647664089,1.0,-0.08928571428571436,2.411098738995689,1.3021179236436669,0.3333333333333333,-3.4,6.248199740725323,6.0,-14.0,-6.0,11.5,0.048013829974836185,-1.4617794275732328,7.113367697511496,759.0,50.6,6.2,0.7142857142857143,-10.0,-9.0,20.0,1.3624474851916286,39.04,1.8377058060956835,4.0,-0.12142857142857147,1.9681254499043663,1.1473173705663702,0.3333333333333333,80.93333333333334,5.68584988272544,92.0,73.0,81.0,8.5,0.18931528543087942,-1.002260963281111,81.13281292629594,98738.0,6582.533333333334,80.93333333333334,0.0,86.0,92.0,19.0,1.5292482930376914,32.3288888888889,0.07025349937469653,87.6,0.14285714285714393,1.1339431813312848,1.0024647396165067,0.3333333333333333,-1.3333333333333333,11.498792207106893,17.0,-18.0,3.0,20.0,-0.14080153722988029,-1.365955229150484,11.575836902790225,2010.0,134.0,10.266666666666667,0.7142857142857143,13.0,11.0,35.0,1.4897503188505914,132.22222222222223,8.624094155330171,12.2,0.1285714285714284,1.5549631660464482,1.1275165814406063,0.3333333333333333,-13.0,6.752777206453653,-2.0,-28.0,-12.0,10.0,-0.5001191182834441,-0.43074792243767357,14.649232061783989,3219.0,214.6,13.0,0.0,-7.0,-15.0,26.0,1.5292482930376912,45.6,0.5194444004964349,-6.4,-0.4785714285714287,1.9113629903539222,1.1268640047526146,0.3333333333333333,-5.866666666666666,4.364503280888775,0.0,-15.0,-5.0,6.5,-0.6818537008081891,-0.6628231473011454,7.31209044437134,802.0,53.46666666666667,5.866666666666666,0.14285714285714285,-5.0,-11.0,15.0,1.450252344663491,19.048888888888886,0.7439494228787685,-1.4000000000000004,-0.4535714285714286,2.051396945116648,1.2463790530178422,0.2,normal
-3.2666666666666666,4.697043987682276,2.0,-12.0,-1.0,7.5,-0.6002083330801403,-0.9324337486145202,5.721305212391079,491.0,32.733333333333334,4.2,0.35714285714285715,-12.0,1.0,14.0,1.4943650834533884,22.06222222222222,1.4378706084741661,1.5999999999999996,0.9535714285714281,2.097423499450905,1.3622155267597806,0.06666666666666667,3.3333333333333335,4.880801391392834,17.0,-3.0,2.0,2.0,1.614101624095821,2.020292659835156,5.910442735813733,524.0,34.93333333333333,3.8666666666666667,0.35714285714285715,17.0,2.0,20.0,1.615119550060412,23.82222222222222,1.46424041741785,9.599999999999998,-0.7178571428571427,2.8762650718177523,1.5285627765035517,0.06666666666666667,6.266666666666667,4.265624872812371,16.0,-1.0,6.0,6.0,0.4237722562417138,-0.22780283751955865,7.5806771905065755,862.0,57.46666666666667,6.4,0.14285714285714285,3.0,9.0,17.0,1.4502523446634912,18.19555555555555,0.6806848201296336,10.6,0.22500000000000026,2.1106293801874454,1.1844808110166523,0.2,-0.6666666666666666,6.749485577105529,10.0,-19.0,1.0,3.0,-1.4077796758491565,1.8407400356930381,6.782329983125268,690.0,46.0,4.133333333333334,0.35714285714285715,-19.0,0.0,29.0,1.5426719687381507,45.55555555555556,10.124228365658293,4.6,0.8321428571428571,2.8013971669430457,1.640886286239984,0.06666666666666667,-3.1333333333333333,6.270211763214665,4.0,-16.0,1.0,11.0,-0.5273665310736404,-1.0854119288578923,7.009517339541527,737.0,49.13333333333333,5.533333333333333,0.07142857142857142,-10.0,3.0,20.0,1.159569796739054,39.315555555555555,2.001131413791914,3.0,1.257142857142857,2.282610802564405,1.266780242085818,0.06666666666666667,-3.6666666666666665,0.596284793999944,-3.0,-5.0,-4.0,1.0,-0.27950849718747434,-0.6562500000000013,3.714835124201342,207.0,13.8,3.6666666666666665,0.0,-4.0,-4.0,2.0,0.24493002679463532,0.3555555555555557,0.1626231256363484,-3.0,0.017857142857142818,1.3459547551454139,1.0131368520549116,0.2,collision
-1.5333333333333334,5.9650835888713445,18.0,-9.0,-3.0,4.0,2.113300169182322,4.944403020492559,6.159004248523728,569.0,37.93333333333333,4.2,0.42857142857142855,0.0,-3.0,27.0,1.5065950881316383,35.582222222222235,3.890271905785659,1.1999999999999993,0.06071428571428577,2.9225503463996603,1.46642958298184,0.13333333333333333,-0.4,13.325664461231693,47.0,-16.0,-2.0,4.0,2.8626977335990706,7.814209005170479,13.331666562486976,2666.0,177.73333333333332,6.8,0.42857142857142855,-4.0,-1.0,63.0,1.5292482930376912,177.57333333333332,33.314161153079226,0.5999999999999996,0.20357142857142851,3.525440707634403,1.9605392003657318,0.3333333333333333,79.93333333333334,4.358389100981641,87.0,69.0,81.0,4.5,-0.9115501743121582,0.511805720849908,80.05206639015219,96125.0,6408.333333333333,79.93333333333334,0.0,80.0,83.0,18.0,1.0775733728921981,18.995555555555555,0.054525301513531785,83.6,-0.05000000000000017,1.086792682852001,1.0014854010444394,0.3333333333333333,-22.733333333333334,17.97949449295564,-1.0,-85.0,-22.0,10.5,-2.5978191290947885,6.766347821030418,28.983903578825725,12601.0,840.0666666666667,22.733333333333334,0.0,-22.0,-26.0,84.0,1.171059869990371,323.26222222222225,0.7908868545288406,-11.000000000000002,-0.20714285714285746,2.9326622540276803,1.2749517703295772,0.3333333333333333,-21.266666666666666,9.02194854538395,8.0,-32.0,-22.0,2.5,2.0988303359004585,4.677847138666746,23.101226518664905,8005.0,533.6666666666666,22.333333333333332,0.14285714285714285,-22.0,-24.0,40.0,1.8594288151492289,81.39555555555557,0.4242295554255776,-15.000000000000002,0.2285714285714286,1.3852078362222555,1.034383276955145,0.26666666666666666,-8.466666666666667,3.480740661921763,-1.0,-18.0,-8.0,2.5,-0.6972370764202952,2.2536701279868527,9.154233993076646,1257.0,83.8,8.466666666666667,0.0,-18.0,-9.0,17.0,1.6397063574156068,12.115555555555552,0.41111110180178306,-6.0,0.14999999999999997,1.9663032443362725,1.0812087393397614,0.2,normal
-2.933333333333333,12.052477845747,14.0,-35.0,0.0,9.0,-1.277944240583943,1.2397587466208675,12.404300329590004,2308.0,153.86666666666667,8.266666666666667,0.42857142857142855,-4.0,1.0,49.0,1.5292482930376914,145.26222222222222,4.108799265595568,7.799999999999999,1.439285714285714,2.8216021113668766,1.5005202011600811,0.06666666666666667,-2.6,6.280127387243033,12.0,-12.0,-3.0,7.5,0.5386126064582901,-0.15369945977971566,6.797058187186572,693.0,46.2,5.533333333333333,0.42857142857142855,-8.0,0.0,24.0,1.5065950881316383,39.440000000000005,2.4154336104780896,4.6,0.5392857142857139,1.765469659009499,1.228384009732513,0.13333333333333333,82.0,6.27162924074226,93.0,68.0,82.0,7.0,-0.37294663971090136,-0.1584889399597822,82.23948767674403,101450.0,6763.333333333333,82.0,0.0,88.0,84.0,25.0,1.459481873869085,39.333333333333336,0.0764832834236861,89.2,0.5464285714285733,1.1308436205919952,1.0029205814237077,0.3333333333333333,-0.6666666666666666,15.009626540620152,17.0,-39.0,0.0,15.5,-1.0976756773237404,0.734062461215343,15.024424559141469,3386.0,225.73333333333332,11.066666666666666,0.7857142857142857,16.0,-3.0,56.0,1.2746426257197663,225.2888888888889,22.51443981093023,15.2,0.17857142857142833,2.595773292113928,1.3576287252236268,0.3333333333333333,-0.9333333333333333,23.121322530416712,30.0,-74.0,4.0,15.5,-1.8704702481178712,3.9818288922439944,23.140152693244413,8032.0,535.4666666666667,15.2,0.35714285714285715,-4.0,7.0,104.0,1.617053152509554,534.5955555555555,24.77284556830362,19.0,2.5964285714285698,3.197904567915998,1.5223784666608167,0.06666666666666667,-5.4,12.44079311512467,6.0,-49.0,-3.0,5.5,-2.765307530249355,7.1426314393315025,13.562202377686795,2759.0,183.93333333333334,7.0,0.5,-10.0,4.0,55.0,1.4502523446634912,154.77333333333337,2.3038505768749387,2.799999999999999,1.253571428571428,3.612982510909675,1.937457482526685,0.13333333333333333,collision
-4.666666666666667,3.8758511609996353,1.0,-11.0,-3.0,5.0,-0.6994709683826719,-0.9252302090262945,6.06630035524124,552.0,36.8,4.8,0.07142857142857142,1.0,-11.0,12.0,1.3095258353040695,15.022222222222222,0.8305395344999218,-1.4000000000000004,-0.6892857142857143,1.8132963018384145,1.2638125740085917,0.13333333333333333,-1.1333333333333333,2.1561282171728307,2.0,-6.0,-1.0,2.0,-0.5857583211217571,-0.17570897418555287,2.4358434541926814,89.0,5.933333333333334,1.8,0.6428571428571429,-1.0,-6.0,8.0,1.3953970923267898,4.648888888888889,1.902466073976027,1.5999999999999996,-0.2928571428571428,2.4632124817678798,1.3532463634403786,0.06666666666666667,-13.066666666666666,14.712655172409304,14.0,-38.0,-11.0,19.0,-0.1729418909548215,-0.7798007214948384,19.677398201998148,5808.0,387.2,15.733333333333333,0.42857142857142855,-2.0,-38.0,52.0,1.4897503188505914,216.46222222222224,1.1259685080925488,3.1999999999999993,-2.4785714285714278,1.9311496169316367,1.2506820891100519,0.13333333333333333,-0.26666666666666666,2.6699979192667715,5.0,-5.0,0.0,2.0,0.2655971384964741,-0.4037195042319386,2.6832815729997477,108.0,7.2,2.0,0.5714285714285714,5.0,0.0,10.0,1.7838539603556165,7.128888888888889,10.012492197250394,3.5999999999999996,-0.3857142857142857,1.8633899812498247,1.3416407864998738,0.06666666666666667,5.4,4.950420857529859,14.0,-3.0,4.0,7.0,0.28130954780649553,-1.0190542779029572,7.32575365861197,805.0,53.666666666666664,5.8,0.2857142857142857,1.0,14.0,17.0,1.5472867333409472,24.506666666666664,0.9167446032462702,12.6,0.9749999999999998,1.9110661718118183,1.2630609756227535,0.06666666666666667,2.066666666666667,1.2892719737209144,4.0,0.0,2.0,2.0,-0.12415634909506118,-1.2289885327003913,2.4358434541926814,89.0,5.933333333333334,2.066666666666667,0.14285714285714285,3.0,1.0,4.0,1.2454410537617744,1.662222222222222,0.623841277606894,3.5999999999999996,-0.1285714285714285,1.6421416545119198,1.1786339294480714,0.13333333333333333,collision
1.8,16.351146748775754,46.0,-16.0,-4.0,11.5,1.4011721835065825,1.2480715310748636,16.44992401198255,4059.0,270.6,11.533333333333333,0.42857142857142855,46.0,0.0,62.0,1.430280301911093,267.35999999999996,9.08397041598653,23.799999999999997,-2.139285714285714,2.796365500928297,1.4262939894782558,0.06666666666666667,-0.13333333333333333,13.335999733386654,29.0,-17.0,-5.0,12.5,0.8819525255710334,-0.29056240108914455,13.336666250104134,2668.0,177.86666666666667,10.8,0.5,29.0,-15.0,46.0,1.436828668963032,177.8488888888889,100.01999800039991,21.0,-1.9321428571428565,2.174456453821326,1.2348765046392716,0.13333333333333333,83.66666666666667,8.829244336609761,96.0,59.0,84.0,6.5,-1.2976252682934044,1.7774398052862441,84.13124667248589,106171.0,7078.066666666667,83.66666666666667,0.0,59.0,86.0,37.0,1.6397063574156068,77.95555555555555,0.10552881677222822,93.0,0.08214285714285989,1.141074259528305,1.0055527490735365,0.4666666666666667,-14.266666666666667,27.838741989456988,14.0,-98.0,-3.0,21.5,-1.7495445615138667,2.764056835234724,31.281517439749198,14678.0,978.5333333333333,18.933333333333334,0.35714285714285715,-98.0,13.0,112.0,1.3953970923267898,774.9955555555557,1.9513136908497888,10.999999999999998,4.014285714285713,3.1328403485782346,1.6521928225219646,0.13333333333333333,-5.066666666666666,38.63412423694311,125.0,-39.0,-16.0,16.0,2.486828215161527,5.699621104278858,38.96494150729174,22774.0,1518.2666666666667,27.2,0.07142857142857142,125.0,-11.0,164.0,1.5821699429252507,1492.595555555555,7.6251560993966665,22.599999999999994,-4.610714285714286,3.2080120016761224,1.432534614238667,0.06666666666666667,-7.6,4.17612260356422,-1.0,-16.0,-8.0,3.0,0.02482439684174075,-0.3870465449036282,8.67179335547152,1128.0,75.2,7.6,0.0,-16.0,-1.0,15.0,1.459481873869085,17.44,0.5494898162584501,-1.0,0.6107142857142857,1.8450624160577702,1.1410254415094105,0.2,collision
-22.733333333333334,3.3757303736459097,-17.0,-31.0,-24.0,4.5,-0.5008989015195562,0.252403372265936,22.98260211551338,7923.0,528.2,22.733333333333334,0.0,-17.0,-24.0,14.0,1.2105578441774707,11.395555555555553,0.14849253843017196,-19.0,-0.6678571428571436,1.348846394511387,1.0109649024419376,0.06666666666666667,125.46666666666667,18.315263822530348,151.0,81.0,127.0,22.0,-0.86429135787708,0.1240704537274202,126.79642476557979,241160.0,16077.333333333334,125.46666666666667,0.0,99.0,81.0,70.0,1.450252344663491,335.4488888888889,0.14597712929753198,143.8,0.7678571428571416,1.1908853130454395,1.0105984970689144,0.06666666666666667,-881.0,326.6800677523296,-481.0,-1491.0,-800.0,536.5,-0.5064921469500654,-1.0954932005900475,939.6174044081275,13243213.0,882880.8666666667,881.0,0.0,-511.0,-481.0,1010.0,1.494365083453388,106719.86666666667,0.37080597928754777,-528.2,-36.07142857142857,1.5868160732284358,1.0665350787833456,0.06666666666666667,-376.3333333333333,43.12720203717783,-284.0,-441.0,-374.0,61.5,0.32599593462481485,-0.6168261331749036,378.79642729747775,2152301.0,143486.73333333334,376.3333333333333,0.0,-319.0,-284.0,157.0,1.5292482930376912,1859.9555555555557,0.11459841108196059,-327.40000000000003,0.582142857142845,1.1642137259485617,1.0065449795327133,0.06666666666666667,-109.06666666666666,18.27736912748173,-74.0,-148.0,-109.0,26.0,-0.0988004922340682,-0.3398390745695714,110.58752190007695,183444.0,12229.6,109.06666666666666,0.0,-87.0,-148.0,74.0,1.5065950881316383,334.0622222222222,0.16757979028864667,-88.6,-2.489285714285715,1.3383065056266263,1.013944271699972,0.06666666666666667,-13.333333333333334,2.086996778999804,-8.0,-16.0,-14.0,3.0,1.1506297318621377,0.6000624739691811,13.49567832060817,2732.0,182.13333333333333,13.333333333333334,0.0,-10.0,-8.0,8.0,1.4153691350791877,4.355555555555555,0.15652475842498528,-10.8,-0.11071428571428608,1.1855647133769986,1.0121758740456126,0.06666666666666667,obstruction
-3.3333333333333335,2.3851391759997753,2.0,-7.0,-4.0,3.5,0.45638496806392254,-0.5079345703124987,4.09878030638384,252.0,16.8,3.6,0.14285714285714285,-2.0,-1.0,9.0,1.5124035237566442,5.688888888888888,0.7155417527999326,-1.0,0.04999999999999996,1.707825127659933,1.1385500851066221,0.13333333333333333,-2.8666666666666667,4.318435930853773,4.0,-11.0,-2.0,6.0,-0.24000527663890928,-0.9073451405442197,5.183306537980044,403.0,26.866666666666667,4.066666666666666,0.5714285714285714,-3.0,-8.0,15.0,1.5472867333409475,18.64888888888889,1.5064311386699207,2.5999999999999996,-0.23571428571428565,2.1221974659223504,1.2745835749131256,0.4,79.2,1.8690461025168246,82.0,76.0,79.0,3.0,0.014703177194784298,-1.277810150923605,79.22205080237025,94142.0,6276.133333333333,79.2,0.0,82.0,80.0,6.0,1.489750318850592,3.4933333333333323,0.023599066950970006,81.6,0.017857142857144646,1.0350653532633194,1.0002784192218466,0.13333333333333333,-15.333333333333334,11.270413578135551,6.0,-33.0,-15.0,13.0,0.19553457596976972,-0.8059341119987296,19.029801190063267,5432.0,362.1333333333333,16.266666666666666,0.2857142857142857,-15.0,-1.0,39.0,1.5292482930376914,127.0222222222222,0.7350269724871011,0.1999999999999993,0.2857142857142855,1.7341221629383867,1.169864827257988,0.4,-22.933333333333334,3.991101212558871,-14.0,-29.0,-24.0,5.5,0.580122441812976,-0.3985141053491712,23.27802969898154,8128.0,541.8666666666667,22.933333333333334,0.0,-21.0,-17.0,15.0,1.5472867333409475,15.928888888888888,0.17403057612902054,-18.200000000000003,0.04285714285714232,1.2458099063800407,1.0150303647811718,0.13333333333333333,-9.6,4.65904138924164,2.0,-16.0,-11.0,5.0,0.8097119680440582,0.33202584983911754,10.670832519848986,1708.0,113.86666666666666,9.866666666666667,0.07142857142857142,-6.0,2.0,18.0,1.3953970923267898,21.706666666666667,0.4853168113793375,-4.4,0.13928571428571426,1.4994144055993892,1.0815032959306403,0.3333333333333333,normal
-12.533333333333333,29.718381891048878,20.0,-88.0,0.0,7.0,-1.748441086602584,1.6711796128212342,32.25316521934966,15604.0,1040.2666666666667,15.866666666666667,0.5714285714285714,-31.0,-1.0,108.0,1.389715454700479,883.182222222222,2.3711474913070916,1.5999999999999996,3.832142857142856,2.728414386666339,2.0327625138245584,0.06666666666666667,-7.2,36.795289553600924,40.0,-121.0,0.0,6.5,-1.9977770905947756,3.6869264313628562,37.49311047823765,21086.0,1405.7333333333333,18.8,0.2857142857142857,0.0,2.0,161.0,1.8018924006588726,1353.8933333333332,5.110456882444573,19.799999999999994,2.510714285714286,3.227259580669701,1.9943143871403002,0.13333333333333333,-151.66666666666666,407.9246117714509,49.0,-1299.0,38.0,52.0,-1.9914956457913024,2.390363051217296,435.20715374022365,2841079.0,189405.26666666666,212.2,0.07142857142857142,-398.0,46.0,1348.0,0.9495936677167383,166402.4888888889,2.6896128248667095,47.8,58.203571428571394,2.984785495450235,2.050929093969009,0.06666666666666667,-72.06666666666666,94.2008256628123,-17.0,-286.0,-21.0,33.5,-1.496422386191566,0.38347195839382087,118.60607067093994,211011.0,14067.4,72.06666666666666,0.0,-259.0,-19.0,269.0,1.0805738483648537,8873.795555555556,1.3071344911583578,-18.0,16.43928571428571,2.411343689088874,1.6457826642591111,0.06666666666666667,14.066666666666666,36.36017357249855,137.0,-10.0,2.0,5.5,2.622113042368929,5.874195651514986,38.98632238790078,22799.0,1519.9333333333334,17.133333333333333,0.42857142857142855,4.0,-2.0,147.0,1.7140875411870098,1322.062222222222,2.5848464624998972,43.79999999999999,-3.9392857142857127,3.514052919300675,2.2754662872315627,0.13333333333333333,1.7333333333333334,8.330399483551528,25.0,-5.0,-1.0,2.0,2.065531601434617,2.6549374463990505,8.508818954473059,1086.0,72.4,4.4,0.35714285714285715,25.0,-1.0,30.0,1.656551126696654,69.39555555555556,4.805999702048958,12.399999999999993,-0.9964285714285713,2.938128092014178,1.9338224896529677,0.06666666666666667,obstruction
-129.53333333333333,291.24671481218274,37.0,-883.0,-9.0,17.0,-2.104595293304102,2.524576369677594,318.75309148827614,1524053.0,101603.53333333334,134.46666666666667,0.07142857142857142,-7.0,37.0,920.0,1.3897154547004784,84824.6488888889,2.248430634165075,-3.200000000000001,-29.36071428571428,2.770169211150936,2.370498945128479,0.06666666666666667,-34.13333333333333,84.1212352632926,22.0,-260.0,-3.0,4.5,-2.1368478192198554,2.6613229058318817,90.7825240157304,123622.0,8241.466666666667,37.6,0.21428571428571427,-2.0,22.0,282.0,1.5802363404761102,7076.3822222222225,2.4644893143542754,2.3999999999999986,-7.232142857142856,2.863987345790786,2.414428830205596,0.06666666666666667,-548.9333333333333,1059.1461005084343,4.0,-3451.0,-133.0,325.0,-2.1002334732961545,2.620627903889871,1192.945206900412,21346774.0,1423118.2666666666,549.4666666666667,0.07142857142857142,4.0,-91.0,3455.0,1.0805738483648533,1121790.4622222222,1.9294621699813597,-5.800000000000001,-120.48928571428569,2.892840324969001,2.171096591058745,0.06666666666666667,-43.53333333333333,58.431574417337835,32.0,-175.0,-40.0,92.0,-0.609367524659922,-0.6213319356848763,72.86562975779458,79641.0,5309.4,53.266666666666666,0.21428571428571427,6.0,-74.0,207.0,1.3605138827424867,3414.2488888888893,1.3422260585912213,8.6,-8.153571428571427,2.401681020004907,1.3679404835631022,0.06666666666666667,-44.0,181.18425244301264,260.0,-506.0,-8.0,9.5,-1.4218432453742975,1.7972773268734032,186.45035085333933,521456.0,34763.73333333333,94.8,0.21428571428571427,-8.0,82.0,766.0,1.801892400658871,32827.73333333333,4.117823919159378,64.79999999999998,-6.049999999999999,2.7138591999648014,1.9667758528833263,0.2,-10.6,17.692936443677176,21.0,-47.0,-1.0,23.5,-0.4026492757523104,-0.5327720823385254,20.625227271475094,6381.0,425.4,14.6,0.35714285714285715,1.0,-8.0,68.0,1.4943650834533881,313.04,1.6691449475167148,5.1999999999999975,-1.2464285714285714,2.278762768592688,1.4126867994161023,0.26666666666666666,obstruction
1.8,16.351146748775754,46.0,-16.0,-4.0,11.5,1.4011721835065825,1.2480715310748645,16.44992401198255,4059.0,270.6,11.533333333333333,0.2857142857142857,46.0,0.0,62.0,1.430280301911093,267.35999999999996,9.08397041598653,23.799999999999997,-2.228571428571428,2.796365500928297,1.4262939894782558,0.06666666666666667,-0.13333333333333333,13.335999733386654,29.0,-17.0,-5.0,12.5,0.8819525255710334,-0.290562401089145,13.336666250104134,2668.0,177.86666666666667,10.8,0.35714285714285715,29.0,-15.0,46.0,1.436828668963032,177.8488888888889,100.01999800039991,21.0,-1.9428571428571424,2.174456453821326,1.2348765046392716,0.13333333333333333,83.66666666666667,8.829244336609761,96.0,59.0,84.0,6.5,-1.2976252682934042,1.7774398052862441,84.13124667248589,106171.0,7078.066666666667,83.66666666666667,0.0,59.0,86.0,37.0,1.6397063574156068,77.95555555555555,0.10552881677222822,93.0,0.02499999999999986,1.141074259528305,1.0055527490735365,0.13333333333333333,-14.266666666666667,27.838741989456988,14.0,-98.0,-3.0,21.5,-1.7495445615138674,2.764056835234726,31.281517439749198,14678.0,978.5333333333333,18.933333333333334,0.35714285714285715,-98.0,13.0,112.0,1.3953970923267898,774.9955555555556,1.9513136908497888,10.999999999999998,3.9821428571428554,3.1328403485782346,1.6521928225219646,0.13333333333333333,-5.066666666666666,38.63412423694311,125.0,-39.0,-16.0,16.0,2.486828215161527,5.6996211042788545,38.96494150729174,22774.0,1518.2666666666667,27.2,0.07142857142857142,125.0,-11.0,164.0,1.5821699429252507,1492.5955555555552,7.6251560993966665,22.599999999999994,-4.753571428571428,3.2080120016761224,1.432534614238667,0.06666666666666667,-7.6,4.17612260356422,-1.0,-16.0,-8.0,3.0,0.02482439684174075,-0.3870465449036282,8.67179335547152,1128.0,75.2,7.6,0.0,-16.0,-1.0,15.0,1.459481873869085,17.44,0.5494898162584501,-1.0,0.6142857142857141,1.8450624160577702,1.1410254415094105,0.2,collision
-3.8666666666666667,2.4997777679003566,0.0,-9.0,-4.0,3.0,-0.38209181254730845,-0.541959980494084,4.604345773288535,318.0,21.2,3.8666666666666667,0.14285714285714285,-3.0,-3.0,9.0,1.4897503188505912,6.24888888888889,0.6464942503190577,-1.0,-0.13928571428571426,1.9546750924338123,1.190779079298759,0.06666666666666667,-2.8666666666666667,4.161196409153929,2.0,-13.0,-2.0,5.0,-1.010295577652342,0.3055906336831553,5.053051883103254,383.0,25.533333333333335,3.6666666666666665,0.42857142857142855,1.0,1.0,15.0,1.4019454593787288,17.31555555555555,1.4515801427281148,1.5999999999999996,-0.13928571428571435,2.572702655888079,1.37810505902816,0.3333333333333333,80.13333333333334,3.4807406619217636,85.0,73.0,81.0,5.5,-0.4153379069643063,-0.9658770815962558,80.20889393743481,96502.0,6433.466666666666,80.13333333333334,0.0,84.0,82.0,12.0,1.5124035237566444,12.115555555555556,0.043436863501519506,84.0,1.1527600037887096e-15,1.0597328528966174,1.000942935991283,0.3333333333333333,-17.6,9.024411338142782,6.0,-31.0,-20.0,10.0,0.9995373014813651,0.7950274238558581,19.778776504121787,5868.0,391.2,18.4,0.14285714285714285,-26.0,-24.0,37.0,1.4019454593787288,81.44000000000001,0.512750644212658,-7.800000000000001,0.2964285714285718,1.567336583915581,1.0749335056587928,0.2,-24.666666666666668,4.798147790785755,-18.0,-33.0,-25.0,7.0,-0.2165947329195013,-1.0037193840282652,25.129000510698127,9472.0,631.4666666666667,24.666666666666668,0.0,-22.0,-24.0,15.0,1.5246335284348942,23.022222222222226,0.19451950503185494,-18.4,-0.0678571428571437,1.313223738681965,1.0187432639472214,0.26666666666666666,-10.866666666666667,4.047495796442811,-1.0,-18.0,-11.0,2.5,0.5546637250742504,0.6897219877591123,11.59597631364719,2017.0,134.46666666666667,10.866666666666667,0.0,-11.0,-1.0,17.0,1.7140875411870102,16.38222222222222,0.372468938322958,-6.200000000000001,0.6678571428571423,1.5522625704931785,1.0671143846914593,0.06666666666666667,normal
-15.2,40.31740732404966,29.0,-130.0,-4.0,34.5,-1.598178291247882,1.9565615071936389,43.08750785707307,27848.0,1856.5333333333333,27.333333333333332,0.14285714285714285,-130.0,-10.0,159.0,1.3624474851916286,1625.4933333333333,2.652461008161162,17.2,5.810714285714285,3.01711578286744,1.5763722386734051,0.06666666666666667,-1.3333333333333333,7.3363630105265525,12.0,-15.0,2.0,10.5,-0.3891868587708183,-0.6497285071267305,7.4565407529228995,834.0,55.6,6.0,0.35714285714285715,-15.0,1.0,27.0,1.3953970923267898,53.82222222222222,5.502272257894915,4.6,0.24642857142857152,2.0116566779468252,1.2427567921538165,0.2,77.2,11.046568094510922,90.0,52.0,81.0,11.5,-1.0446952487018686,-0.1914349991136466,77.9863235873231,91228.0,6081.866666666667,77.2,0.0,62.0,80.0,38.0,1.3624474851916286,122.02666666666666,0.14309026029159225,87.0,1.8714285714285714,1.1540485031227932,1.0101855386958951,0.06666666666666667,-7.4,13.489749194604522,18.0,-36.0,-9.0,17.0,-0.06728438456166475,-0.21998166683617182,15.386140950002158,3551.0,236.73333333333332,12.866666666666667,0.35714285714285715,18.0,-7.0,54.0,1.459481873869085,181.97333333333336,1.8229390803519625,9.199999999999998,-0.2000000000000002,2.3397679845117336,1.1958140634716703,0.13333333333333333,-30.866666666666667,78.99693383641896,41.0,-286.0,-8.0,54.5,-2.1726475943994195,4.448791176892133,84.81312791464931,107899.0,7193.266666666666,49.0,0.14285714285714285,-286.0,-24.0,327.0,1.3624474851916286,6240.515555555556,2.5592959126269643,31.799999999999997,10.874999999999998,3.3721194705590003,1.7308801615234555,0.06666666666666667,0.8,14.492296804394627,52.0,-11.0,-2.0,6.0,2.875850500953545,7.447813490385897,14.514360704718161,3160.0,210.66666666666666,7.733333333333333,0.35714285714285715,52.0,-4.0,63.0,1.4019454593787284,210.0266666666667,18.115371005493284,6.799999999999997,-0.9857142857142857,3.582658654962078,1.8768569876790726,0.13333333333333333,collision
-49.4,42.98030556739524,-2.0,-132.0,-52.0,71.5,-0.36899216541695123,-1.2619219644250694,65.4802769287567,64315.0,4287.666666666667,49.4,0.0,-5.0,-8.0,130.0,1.3953970923267898,1847.3066666666664,0.870046671404762,-5.4,4.421428571428569,2.015874186720645,1.3255116787197712,0.06666666666666667,-20.266666666666666,22.131325210107857,7.0,-48.0,-30.0,43.0,0.04475983265265821,-1.843116382612971,30.0088875724065,13508.0,900.5333333333333,23.066666666666666,0.21428571428571427,-1.0,3.0,55.0,1.0437570363314084,489.7955555555555,1.0920061781303219,4.799999999999999,2.4428571428571426,1.5995261365215192,1.3009633340638656,0.06666666666666667,-214.33333333333334,197.24491262274816,7.0,-496.0,-332.0,375.5,0.013448409701548066,-1.8323695844515668,291.28050627073094,1272665.0,84844.33333333333,215.26666666666668,0.14285714285714285,-16.0,-8.0,503.0,1.0606018056124555,38905.555555555555,0.9202717540719199,-6.800000000000001,19.699999999999996,1.7028259334972191,1.353114770536068,0.06666666666666667,29.866666666666667,37.33607132817033,80.0,-16.0,44.0,73.5,0.0013653724038564876,-1.7775945920107834,47.81213235152768,34290.0,2286.0,38.0,0.21428571428571427,-3.0,-9.0,96.0,1.0437570363314084,1393.9822222222222,1.2500916739342742,75.39999999999999,-4.22142857142857,1.673215480368423,1.2582140092507283,0.06666666666666667,-32.93333333333333,33.77467822036042,2.0,-110.0,-18.0,31.5,-1.2524914628003374,0.1925355728486018,47.1734388542253,33380.0,2225.3333333333335,33.2,0.14285714285714285,-7.0,-11.0,112.0,1.2048762065511598,1140.7288888888886,1.0255469095251142,-7.4,2.8607142857142844,2.3318206743400762,1.4208867124766655,0.06666666666666667,-3.7333333333333334,5.531324936717744,3.0,-12.0,-1.0,10.0,-0.22352925426722373,-1.697175759941199,6.6733300033291725,668.0,44.53333333333333,5.2,0.14285714285714285,3.0,2.0,15.0,1.2105578441774711,30.595555555555553,1.4816048937636814,2.0,0.29285714285714276,1.798202695507861,1.2833326929479176,0.06666666666666667,collision
-14.333333333333334,18.831415831589037,5.0,-53.0,-5.0,23.5,-0.9171067292820378,-0.6314850938532546,23.665727680903174,8401.0,560.0666666666667,16.066666666666666,0.07142857142857142,-53.0,5.0,58.0,1.2048762065511598,354.6222222222222,1.3138197091806305,4.0,3.89642857142857,2.2395254739100134,1.4729706025458407,0.06666666666666667,2.8666666666666667,9.715051323704998,19.0,-9.0,-1.0,14.0,0.5741147065052387,-1.1161783437366213,10.12916580968048,1539.0,102.6,7.533333333333333,0.14285714285714285,16.0,-9.0,28.0,1.2105578441774711,94.38222222222223,3.3889713919901157,17.799999999999997,-2.0642857142857136,1.8757714462371258,1.3445795322584708,0.06666666666666667,-34.266666666666666,65.98430789883977,12.0,-165.0,-5.0,28.0,-1.4147172264318257,0.12948920558586385,74.35141783001406,82922.0,5528.133333333333,40.8,0.42857142857142855,-17.0,-164.0,177.0,0.9502705392332345,4353.92888888889,1.9256120982151685,8.0,-10.707142857142856,2.2191910365076195,1.8223386723042663,0.06666666666666667,-10.8,15.011995203836166,9.0,-39.0,-6.0,19.5,-0.4979522884527674,-0.9472159182628834,18.49324200890693,5130.0,342.0,14.133333333333333,0.07142857142857142,-39.0,7.0,48.0,1.3605138827424867,225.36000000000004,1.389999555910756,8.2,3.189285714285714,2.108878474699913,1.3084841044037923,0.06666666666666667,-7.133333333333334,35.447363167879715,24.0,-98.0,6.0,33.5,-1.3255075973566175,0.6156435767677904,36.157986669614225,19611.0,1307.4,25.933333333333334,0.07142857142857142,-98.0,24.0,122.0,0.9881542242901944,1256.5155555555555,4.969256518861642,23.6,7.0857142857142845,2.710327897829428,1.3942668381599315,0.06666666666666667,-4.533333333333333,5.136362742468859,3.0,-22.0,-4.0,2.5,-2.3715832352089503,6.247945969950818,6.8507907086214015,704.0,46.93333333333333,4.933333333333334,0.14285714285714285,-22.0,-6.0,25.0,1.4153691350791882,26.38222222222222,1.13302119319166,-1.4000000000000004,0.19999999999999996,3.211308144666283,1.3886737922881218,0.26666666666666666,collision
-1.8666666666666667,0.8055363982396381,-1.0,-4.0,-2.0,1.0,-1.0112663734702905,0.9877087633702382,2.0330600909302543,62.0,4.133333333333334,1.8666666666666667,0.0,-1.0,-1.0,3.0,0.48509409130221154,0.6488888888888888,0.4315373561998061,-1.0,0.02142857142857138,1.9674775073518587,1.089139334426922,0.13333333333333333,1.4,1.4047538337136984,5.0,-1.0,1.0,1.5,0.7099445279040655,0.7658875091307538,1.983263304085802,59.0,3.933333333333333,1.5333333333333334,0.5,2.0,0.0,6.0,1.432213904360235,1.9733333333333332,1.0033955955097846,2.5999999999999996,-0.0071428571428571305,2.521097420448054,1.2934325896211751,0.06666666666666667,54.6,2.497999199359359,58.0,50.0,54.0,4.0,-0.2083718924514933,-1.192307692307691,54.65711298632594,44811.0,2987.4,54.6,0.0,56.0,50.0,8.0,1.5246335284348946,6.239999999999998,0.04575090108716774,57.6,-0.2714285714285687,1.0611610608579047,1.001046025390585,0.26666666666666666,-14.0,3.0550504633038935,-8.0,-20.0,-14.0,4.0,-0.0841697576624542,-0.5602040816326537,14.329456840136451,3080.0,205.33333333333334,14.0,0.0,-11.0,-16.0,12.0,1.4897503188505912,9.333333333333334,0.2182178902359924,-11.0,-0.4785714285714287,1.3957263155977062,1.023532631438318,0.06666666666666667,-7.4,1.7048949136725897,-2.0,-9.0,-8.0,1.0,2.0082488272744623,3.932876020536991,7.593857166596345,865.0,57.666666666666664,7.4,0.0,-2.0,-9.0,7.0,1.39539709232679,2.906666666666667,0.23039120455034995,-6.0,-0.2714285714285715,1.1851684595265972,1.0261969144049115,0.06666666666666667,-0.7333333333333333,0.4422166387140533,0.0,-1.0,-1.0,0.5,1.055289706022172,-0.8863636363636371,0.8563488385776752,11.0,0.7333333333333333,0.7333333333333333,0.5,-1.0,0.0,1.0,0.0,0.19555555555555557,0.6030226891555273,0.0,0.025,1.1677484162422846,1.1677484162422844,0.4666666666666667,normal
2.1333333333333333,16.292602274924924,21.0,-25.0,5.0,30.5,-0.30365160172426503,-1.4538640571951718,16.431676725154983,4050.0,270.0,15.066666666666666,0.07142857142857142,18.0,-25.0,46.0,1.3605138827424867,265.44888888888886,7.637157316371058,20.0,-3.646428571428571,1.5214515486254614,1.0905980127315253,0.06666666666666667,35.733333333333334,22.176464000276408,78.0,10.0,27.0,36.5,0.5144545556425993,-1.1375774089537756,42.05551886098502,26530.0,1768.6666666666667,35.733333333333334,0.0,14.0,78.0,68.0,1.39539709232679,491.79555555555555,0.6206100000077353,67.4,4.964285714285714,1.8546911823351855,1.1769268337962224,0.06666666666666667,-254.66666666666666,91.12896843972771,-113.0,-429.0,-242.0,130.0,-0.3395617753936646,-0.8420409340971355,270.48031351652935,1097394.0,73159.6,254.66666666666666,0.0,-113.0,-429.0,316.0,1.5867847075280475,8304.488888888889,0.3578362635067842,-146.20000000000002,-20.80357142857143,1.5860673718635843,1.0620954719235447,0.06666666666666667,83.13333333333334,18.825042422853187,109.0,57.0,76.0,37.0,0.10270594106008618,-1.659030845484289,85.23809789837719,108983.0,7265.533333333334,83.13333333333334,0.0,74.0,60.0,52.0,1.235144651532666,354.3822222222222,0.22644397461331017,106.8,-2.971428571428572,1.2787709098102154,1.0253179378313213,0.06666666666666667,151.13333333333333,15.461205932555483,178.0,131.0,144.0,29.5,0.33888441449898826,-1.3833515068797644,151.92212917588185,346205.0,23080.333333333332,151.13333333333333,0.0,140.0,144.0,47.0,1.436828668963032,239.04888888888888,0.10230175958903055,170.6,-2.067857142857141,1.1716528787845484,1.0052192049573128,0.06666666666666667,17.266666666666666,2.7438820836342237,22.0,12.0,17.0,3.0,-0.00849085838854447,-0.5765769595865105,17.483325389257807,4585.0,305.6666666666667,17.266666666666666,0.0,12.0,17.0,10.0,1.2454410537617744,7.528888888888888,0.15891208978576585,21.0,0.025000000000000442,1.2583418491723177,1.0125478024666683,0.06666666666666667,obstruction
300.6,57.753268305785085,342.0,171.0,338.0,69.5,-1.1467397130605077,-0.26094940506653863,306.0976968224361,1405437.0,93695.8,300.6,0.0,171.0,342.0,171.0,1.0805738483648533,3335.44,0.19212664107047597,341.2,11.321428571428577,1.1172903407972732,1.018289077918949,0.06666666666666667,141.46666666666667,23.756730040605806,162.0,86.0,154.0,22.5,-1.2860030891105203,0.16778513764421588,143.4475513907435,308658.0,20577.2,141.46666666666667,0.0,86.0,154.0,76.0,1.080573848364853,564.3822222222224,0.1679316449618695,159.2,4.142857142857142,1.1293326266596255,1.0140024839119475,0.06666666666666667,-942.4666666666667,204.96662058870842,-486.0,-1145.0,-1036.0,220.5,1.1396376771883598,-0.19879367287791005,964.497140137457,13953821.0,930254.7333333333,942.4666666666667,0.0,-486.0,-1036.0,659.0,1.0805738483648533,42011.31555555555,0.21747890704043477,-606.4000000000001,-34.949999999999996,1.1871471177579835,1.0233753343751755,0.06666666666666667,-128.06666666666666,8.425886039791633,-113.0,-142.0,-126.0,12.0,-0.04391046312437844,-1.050519249470886,128.34354937692297,247081.0,16472.066666666666,128.06666666666666,0.0,-113.0,-118.0,29.0,1.5867847075280475,70.99555555555553,0.06579296751529126,-118.0,0.2821428571428528,1.1064054304978772,1.0021620201217307,0.13333333333333333,394.46666666666664,80.0981619986099,471.0,222.0,433.0,115.5,-0.8930990964753167,-0.5945637489441604,402.5166663216154,2430295.0,162019.66666666666,394.46666666666664,0.0,222.0,466.0,249.0,1.3217558399823197,6415.7155555555555,0.2030543231332007,466.0,17.167857142857148,1.1701378834924208,1.0204073001223983,0.06666666666666667,31.666666666666668,9.903983485895406,44.0,13.0,35.0,14.5,-0.5326021550527902,-0.9797890470429285,33.17931082265975,16513.0,1100.8666666666666,31.666666666666668,0.0,13.0,44.0,31.0,1.5246335284348946,98.0888888888889,0.31275737323880226,43.2,2.228571428571428,1.3261276050963144,1.0477677101892553,0.06666666666666667,obstruction
-8.266666666666667,11.005857026551313,4.0,-36.0,-2.0,17.5,-1.0223664770778744,0.1638937093498023,13.764689123502452,2842.0,189.46666666666667,9.2,0.35714285714285715,1.0,-36.0,40.0,1.1369165918330009,121.1288888888889,1.331353672566691,1.5999999999999996,-1.9285714285714282,2.6153877996802684,1.4961618612502665,0.06666666666666667,-4.733333333333333,9.476051685990086,4.0,-35.0,-1.0,5.0,-2.2394785934646775,4.276896601016882,10.59245014149229,1683.0,112.2,5.533333333333333,0.5,0.0,-35.0,39.0,1.360513882742487,89.79555555555557,2.001982750561286,1.0,-1.4142857142857146,3.3042402402159543,1.91429821834198,0.06666666666666667,-82.53333333333333,182.13360175675683,4.0,-701.0,-11.0,50.5,-2.693057740936244,6.056990889796332,199.96099619675834,599766.0,39984.4,83.6,0.14285714285714285,0.0,-701.0,705.0,0.9532710147058922,33172.64888888889,2.206788389621448,2.3999999999999986,-26.550000000000004,3.5056836749814324,2.391877944937301,0.06666666666666667,-7.6,13.465016400534633,4.0,-53.0,-3.0,6.5,-2.511792459780683,5.735145409654539,15.46178083749303,3586.0,239.06666666666666,8.133333333333333,0.2857142857142857,4.0,-53.0,57.0,1.4548671092662884,181.30666666666667,1.7717126842808728,0.0,-2.25,3.4278069620209033,1.9010386275606186,0.06666666666666667,12.4,32.69413810863755,133.0,-3.0,3.0,8.0,3.311840987771227,9.356804603407388,34.966650778515614,18340.0,1222.6666666666667,13.466666666666667,0.35714285714285715,-1.0,133.0,136.0,1.2868726303980162,1068.9066666666665,2.6366240410191573,15.199999999999998,3.8035714285714284,3.803624225907233,2.5965334736521495,0.13333333333333333,1.4,3.050682983639347,4.0,-9.0,2.0,2.0,-2.551169054490889,6.1208980221837255,3.3565855667130946,169.0,11.266666666666667,2.7333333333333334,0.07142857142857142,2.0,-9.0,13.0,1.4019454593787288,9.306666666666668,2.179059274028105,3.5999999999999996,-0.32142857142857134,2.681296162758981,1.2280191097730833,0.13333333333333333,collision
14.6,28.288513569998692,87.0,-35.0,18.0,31.0,0.49360143968473796,0.9344628232044232,31.833944147717542,15201.0,1013.4,25.666666666666668,0.21428571428571427,16.0,-10.0,122.0,1.077573372892197,800.2400000000001,1.93756942260265,33.199999999999996,-2.6107142857142853,2.732931854007723,1.2402835382227613,0.06666666666666667,-17.8,36.12976612157903,24.0,-117.0,-29.0,50.0,-1.0856249183239588,1.1723486922578132,40.276544042407615,24333.0,1622.2,31.0,0.07142857142857142,-39.0,18.0,141.0,1.171059869990371,1305.3600000000001,2.029762141661743,17.2,5.0107142857142835,2.9049165657512575,1.2992433562066972,0.06666666666666667,-248.2,506.2994107574424,151.0,-2112.0,-163.0,74.0,-3.273852854863052,9.276060123604609,563.8637542290986,4769135.0,317942.3333333333,269.1333333333333,0.14285714285714285,-170.0,-163.0,2263.0,1.6151195500604107,256339.09333333338,2.0398848136883254,-18.00000000000002,6.674999999999989,3.7455856741270366,2.0951093171752486,0.4,9.533333333333333,68.46299892805034,154.0,-49.0,-32.0,99.0,0.9884971079964083,-0.703506946445918,69.12356086506732,71671.0,4778.066666666667,56.86666666666667,0.35714285714285715,-20.0,108.0,203.0,0.9881542242901944,4687.182222222222,7.1814334539912945,112.2,9.546428571428569,2.227894484495898,1.2155374126330711,0.13333333333333333,-27.2,65.78976617478841,81.0,-116.0,-12.0,118.5,0.07819281783222672,-1.598580927585994,71.19082337867243,76022.0,5068.133333333333,62.0,0.21428571428571427,-116.0,22.0,197.0,1.4019454593787286,4328.293333333333,2.418741403484868,49.199999999999996,12.124999999999996,1.629423491606246,1.1482390867527812,0.06666666666666667,-4.933333333333334,40.218514255115004,27.0,-150.0,8.0,18.0,-3.057385840233016,8.328014422770002,40.51995393218836,24628.0,1641.8666666666666,20.266666666666666,0.35714285714285715,17.0,-11.0,177.0,1.235144651532666,1617.5288888888886,8.152401538198987,16.2,-1.8571428571428565,3.701879825703419,1.9993398321803466,0.4,collision
-0.8666666666666667,1.2036980056845192,1.0,-3.0,-1.0,2.0,0.20149222327832825,-0.940061726071737,1.4832396974191326,33.0,2.2,1.2666666666666666,0.5714285714285714,-1.0,-1.0,4.0,1.2654130965141723,1.448888888888889,1.3888823142513682,1.0,-0.12857142857142856,2.0225995873897262,1.170978708488789,0.3333333333333333,0.6666666666666666,1.776388345929897,4.0,-3.0,1.0,3.0,-0.13214553257760556,-0.4930569331481842,1.8973665961010275,54.0,3.6,1.6,0.6428571428571429,1.0,0.0,7.0,1.4897503188505912,3.1555555555555554,2.6645825188948455,2.5999999999999996,0.14285714285714282,2.1081851067789197,1.185854122563142,0.06666666666666667,61.93333333333333,4.972814986392405,72.0,54.0,61.0,8.0,0.43326387638137376,-0.8507879812763672,62.13265378741412,57907.0,3860.4666666666667,61.93333333333333,0.0,67.0,65.0,18.0,1.3953970923267902,24.728888888888893,0.08029302992022182,68.2,-0.0714285714285689,1.1588109570588574,1.003218306578269,0.06666666666666667,-8.533333333333333,2.186829262247563,-5.0,-11.0,-9.0,3.5,0.5421665947778677,-1.0708081701469028,8.809086218218097,1164.0,77.6,8.533333333333333,0.0,-9.0,-9.0,6.0,1.2654130965141723,4.782222222222222,0.2562690541696363,-5.0,-0.24642857142857139,1.2487106752628745,1.0323147911974333,0.3333333333333333,-2.8666666666666667,2.2469732728470286,1.0,-7.0,-3.0,3.0,0.009820200340688869,-0.9103290517754408,3.642343567906063,199.0,13.266666666666667,3.0,0.42857142857142855,-4.0,-3.0,8.0,1.5472867333409475,5.048888888888888,0.7838278858768705,0.0,-0.16785714285714287,1.9218395710057112,1.2141145226353542,0.26666666666666666,-0.26666666666666666,0.5734883511361751,1.0,-1.0,0.0,1.0,0.08168752992808907,-0.4941563184806421,0.6324555320336759,6.0,0.4,0.4,0.5714285714285714,-1.0,-1.0,2.0,0.6365141682948128,0.3288888888888889,2.1505813167606567,0.0,0.049999999999999975,1.5811388300841895,1.5811388300841895,0.13333333333333333,normal
-1.7333333333333334,1.6110727964792761,3.0,-4.0,-2.0,0.5,1.5714591949848733,2.4839439857384145,2.3664319132398464,84.0,5.6,2.1333333333333333,0.2857142857142857,-3.0,-3.0,7.0,1.2868726303980165,2.5955555555555554,0.92946507489189,0.0,0.04642857142857141,1.6903085094570331,1.109264959331178,0.06666666666666667,2.0,0.7302967433402214,3.0,0.0,2.0,0.0,-1.0269797953221866,1.6875,2.1291625896895083,68.0,4.533333333333333,2.0,0.14285714285714285,2.0,3.0,3.0,0.48509409130221154,0.5333333333333333,0.3651483716701107,3.0,0.03928571428571433,1.4090046549415862,1.0645812948447542,0.13333333333333333,20.8,4.578209256903839,28.0,6.0,22.0,3.0,-1.9634998036718294,4.7274488666161645,21.297887219158618,6804.0,453.6,20.8,0.0,22.0,24.0,22.0,1.487816716401449,20.96,0.220106214274223,23.6,-0.25000000000000017,1.314684396244359,1.0239368855364719,0.3333333333333333,5.0,1.3165611772087666,8.0,2.0,5.0,0.5,0.17528181353371156,1.0384615384615383,5.170428737864331,401.0,26.733333333333334,5.0,0.0,5.0,4.0,6.0,1.2868726303980165,1.7333333333333334,0.2633122354417533,6.6,-0.04642857142857145,1.5472604701838395,1.0340857475728662,0.13333333333333333,-6.466666666666667,2.4997777679003566,1.0,-11.0,-7.0,1.5,1.4073133409518976,3.1279954432234147,6.933012813104175,721.0,48.06666666666667,6.6,0.14285714285714285,-8.0,-8.0,12.0,1.5867847075280475,6.248888888888889,0.38656357235572525,-4.4,-0.028571428571428838,1.5866118088241177,1.0504564868339659,0.13333333333333333,-0.6666666666666666,0.4714045207910317,0.0,-1.0,-1.0,1.0,0.7071067811865476,-1.4999999999999996,0.816496580927726,10.0,0.6666666666666666,0.6666666666666666,0.35714285714285715,0.0,-1.0,1.0,0.0,0.22222222222222224,0.7071067811865476,0.0,-0.04642857142857143,1.224744871391589,1.2247448713915892,0.13333333333333333,normal
